prefix,thld_delta,thld_max,instance,tau_star_val,succ_trials,total_trials,Ps_hat,TTS_at_tau_star
3R3X_n112,0.0001,20.0,1,136339,0,200,0.0,inf
3R3X_n112,0.0001,20.0,2,136339,0,200,0.0,inf
3R3X_n112,0.0001,20.0,3,136339,0,200,0.0,inf
3R3X_n112,0.0001,20.0,4,136339,100,200,0.5,905816.7090576962
3R3X_n112,0.0001,20.0,5,136339,0,200,0.0,inf
3R3X_n112,0.0001,20.0,6,136339,39,200,0.195,2894544.326350181
3R3X_n112,0.0001,20.0,7,136339,85,200,0.425,1134588.0855928678
3R3X_n112,0.0001,20.0,8,136339,0,200,0.0,inf
3R3X_n112,0.0001,20.0,9,136339,54,200,0.27,1995051.9907009744
3R3X_n112,0.0001,20.0,10,136339,0,200,0.0,inf
3R3X_n112,0.0001,20.0,11,136339,0,200,0.0,inf
3R3X_n112,0.0001,20.0,12,136339,87,200,0.435,1099722.8999051894
3R3X_n112,0.0001,20.0,13,136339,83,200,0.415,1171075.239955323
3R3X_n112,0.0001,20.0,14,136339,29,200,0.145,4007973.363721962
3R3X_n112,0.0001,20.0,15,136339,0,200,0.0,inf
3R3X_n112,0.0001,20.0,16,136339,63,200,0.315,1659539.5801491083
3R3X_n112,0.0001,20.0,17,136339,0,200,0.0,inf
3R3X_n112,0.0001,20.0,18,136339,114,200,0.57,743941.4264635216
3R3X_n112,0.0001,20.0,19,136339,75,200,0.375,1335871.169750392
3R3X_n112,0.0001,20.0,20,136339,58,200,0.29,1833232.3034722784
3R3X_n112,0.0001,20.0,21,136339,0,198,0.0,inf
3R3X_n112,0.0001,20.0,22,136339,46,200,0.23,2402253.035395963
3R3X_n112,0.0001,20.0,23,136339,0,200,0.0,inf
3R3X_n112,0.0001,20.0,24,136339,78,200,0.39,1270218.4302773348
3R3X_n112,0.0001,20.0,25,136339,0,200,0.0,inf
3R3X_n112,0.0001,20.0,26,136339,57,200,0.285,1871580.698135103
3R3X_n112,0.0001,20.0,27,136339,0,200,0.0,inf
3R3X_n112,0.0001,20.0,28,136339,88,200,0.44,1082863.5221674475
3R3X_n112,0.0001,20.0,29,136339,0,200,0.0,inf
3R3X_n112,0.0001,20.0,30,136339,0,200,0.0,inf
3R3X_n112,0.0001,20.0,31,136339,0,200,0.0,inf
3R3X_n112,0.0001,20.0,32,136339,0,200,0.0,inf
3R3X_n112,0.0001,20.0,33,136339,47,200,0.235,2343831.560584006
3R3X_n112,0.0001,20.0,34,136339,51,200,0.255,2132900.892846573
3R3X_n112,0.0001,20.0,35,136339,0,200,0.0,inf
3R3X_n112,0.0001,20.0,36,136339,96,200,0.48,960145.1069527884
3R3X_n112,0.0001,20.0,37,136339,53,200,0.265,2039283.326892262
3R3X_n112,0.0001,20.0,38,136339,43,200,0.215,2593713.5897983145
3R3X_n112,0.0001,20.0,39,136339,49,200,0.245,2234094.138899109
3R3X_n112,0.0001,20.0,40,136339,0,200,0.0,inf
3R3X_n112,0.0001,20.0,41,136339,36,200,0.18,3163826.293919216
3R3X_n112,0.0001,20.0,42,136339,43,200,0.215,2593713.5897983145
3R3X_n112,0.0001,20.0,43,136339,0,200,0.0,inf
3R3X_n112,0.0001,20.0,44,136339,0,200,0.0,inf
3R3X_n112,0.0001,20.0,45,136339,79,200,0.395,1249414.5024913652
3R3X_n112,0.0001,20.0,46,136339,0,200,0.0,inf
3R3X_n112,0.0001,20.0,47,136339,52,200,0.26,2085199.862222181
3R3X_n112,0.0001,20.0,48,136339,138,200,0.69,536094.10989025
3R3X_n112,0.0001,20.0,49,136339,0,200,0.0,inf
3R3X_n112,0.0001,20.0,50,136339,73,200,0.365,1382564.2673810837
3R3X_n112,0.0001,20.0,51,136339,0,200,0.0,inf
3R3X_n112,0.0001,20.0,52,136339,0,200,0.0,inf
3R3X_n112,0.0001,20.0,53,136339,34,200,0.17,3369643.746749459
3R3X_n112,0.0001,20.0,54,136339,0,200,0.0,inf
3R3X_n112,0.0001,20.0,55,136339,0,200,0.0,inf
3R3X_n112,0.0001,20.0,56,136339,137,200,0.685,543519.5060604159
3R3X_n112,0.0001,20.0,57,136339,0,200,0.0,inf
3R3X_n112,0.0001,20.0,58,136339,117,200,0.585,713906.6402150143
3R3X_n112,0.0001,20.0,59,136339,0,200,0.0,inf
3R3X_n112,0.0001,20.0,60,136339,39,200,0.195,2894544.326350181
3R3X_n112,0.0001,20.0,61,136339,36,200,0.18,3163826.293919216
3R3X_n112,0.0001,20.0,62,136339,0,200,0.0,inf
3R3X_n112,0.0001,20.0,63,136339,0,200,0.0,inf
3R3X_n112,0.0001,20.0,64,136339,82,200,0.41,1189964.624843943
3R3X_n112,0.0001,20.0,65,136339,0,200,0.0,inf
3R3X_n112,0.0001,20.0,66,136339,69,200,0.345,1483891.6469685896
3R3X_n112,0.0001,20.0,67,136339,0,200,0.0,inf
3R3X_n112,0.0001,20.0,68,136339,63,200,0.315,1659539.5801491083
3R3X_n112,0.0001,20.0,69,136339,41,200,0.205,2736827.67868667
3R3X_n112,0.0001,20.0,70,136339,88,200,0.44,1082863.5221674475
3R3X_n112,0.0001,20.0,71,136339,40,200,0.2,2813723.6962018725
3R3X_n112,0.0001,20.0,72,136339,71,200,0.355,1431829.4024699957
3R3X_n112,0.0001,20.0,73,136339,53,200,0.265,2039283.326892262
3R3X_n112,0.0001,20.0,74,136339,89,200,0.445,1066368.8596813832
3R3X_n112,0.0001,20.0,75,136339,48,200,0.24,2287827.993292677
3R3X_n112,0.0001,20.0,76,136339,54,200,0.27,1995051.9907009744
3R3X_n112,0.0001,20.0,77,136339,45,200,0.225,2463253.782340635
3R3X_n112,0.0001,20.0,78,136339,42,200,0.21,2663575.7783693806
3R3X_n112,0.0001,20.0,79,136339,0,200,0.0,inf
3R3X_n112,0.0001,20.0,80,136339,39,200,0.195,2894544.326350181
3R3X_n112,0.0001,20.0,81,136339,0,200,0.0,inf
3R3X_n112,0.0001,20.0,82,136339,33,200,0.165,3481876.236369676
3R3X_n112,0.0001,20.0,83,136339,35,200,0.175,3263804.755188768
3R3X_n112,0.0001,20.0,84,136339,63,200,0.315,1659539.5801491083
3R3X_n112,0.0001,20.0,85,136339,33,200,0.165,3481876.236369676
3R3X_n112,0.0001,20.0,86,136339,88,200,0.44,1082863.5221674475
3R3X_n112,0.0001,20.0,87,136339,113,200,0.565,754273.5734572186
3R3X_n112,0.0001,20.0,88,136339,80,200,0.4,1229116.6863529442
3R3X_n112,0.0001,20.0,89,136339,55,200,0.275,1952413.7763264065
3R3X_n112,0.0001,20.0,90,136339,79,200,0.395,1249414.5024913652
3R3X_n112,0.0001,20.0,91,136339,47,199,0.236180904522613,2330392.2064552675
3R3X_n112,0.0001,20.0,92,136339,84,200,0.42,1152621.580662558
3R3X_n112,0.0001,20.0,93,136339,43,200,0.215,2593713.5897983145
3R3X_n112,0.0001,20.0,94,136339,0,200,0.0,inf
3R3X_n112,0.0001,20.0,95,136339,0,200,0.0,inf
3R3X_n112,0.0001,20.0,96,136339,0,200,0.0,inf
3R3X_n112,0.0001,20.0,97,136339,0,200,0.0,inf
3R3X_n112,0.0001,20.0,98,136339,0,200,0.0,inf
3R3X_n112,0.0001,20.0,99,136339,0,200,0.0,inf
3R3X_n112,0.0001,20.0,100,136339,0,200,0.0,inf
3R3X_n112,0.0002,20.0,1,70324,0,200,0.0,inf
3R3X_n112,0.0002,20.0,2,70324,0,200,0.0,inf
3R3X_n112,0.0002,20.0,3,70324,0,200,0.0,inf
3R3X_n112,0.0002,20.0,4,70324,66,200,0.33,808669.4865613256
3R3X_n112,0.0002,20.0,5,70324,0,200,0.0,inf
3R3X_n112,0.0002,20.0,6,70324,23,200,0.115,2650898.4223088063
3R3X_n112,0.0002,20.0,7,70324,40,200,0.2,1451325.7777429824
3R3X_n112,0.0002,20.0,8,70324,0,200,0.0,inf
3R3X_n112,0.0002,20.0,9,70324,22,200,0.11,2779055.8875041297
3R3X_n112,0.0002,20.0,10,70324,0,200,0.0,inf
3R3X_n112,0.0002,20.0,11,70324,0,200,0.0,inf
3R3X_n112,0.0002,20.0,12,70324,39,200,0.195,1493013.2625752727
3R3X_n112,0.0002,20.0,13,70324,39,200,0.195,1493013.2625752727
3R3X_n112,0.0002,20.0,14,70324,19,200,0.095,3244368.867764571
3R3X_n112,0.0002,20.0,15,70324,0,200,0.0,inf
3R3X_n112,0.0002,20.0,16,70324,39,200,0.195,1493013.2625752727
3R3X_n112,0.0002,20.0,17,70324,0,200,0.0,inf
3R3X_n112,0.0002,20.0,18,70324,84,200,0.42,594525.1178203868
3R3X_n112,0.0002,20.0,19,70324,35,200,0.175,1683478.722917836
3R3X_n112,0.0002,20.0,20,70324,31,200,0.155,1922910.467663573
3R3X_n112,0.0002,20.0,21,70324,0,200,0.0,inf
3R3X_n112,0.0002,20.0,22,70324,29,200,0.145,2067322.7677361807
3R3X_n112,0.0002,20.0,23,70324,0,200,0.0,inf
3R3X_n112,0.0002,20.0,24,70324,46,200,0.23,1239088.1733120068
3R3X_n112,0.0002,20.0,25,70324,0,200,0.0,inf
3R3X_n112,0.0002,20.0,26,70324,41,200,0.205,1411662.6180033693
3R3X_n112,0.0002,20.0,27,70324,0,200,0.0,inf
3R3X_n112,0.0002,20.0,28,70324,42,200,0.21,1373879.1031036484
3R3X_n112,0.0002,20.0,29,70324,0,200,0.0,inf
3R3X_n112,0.0002,20.0,30,70324,0,200,0.0,inf
3R3X_n112,0.0002,20.0,31,70324,0,200,0.0,inf
3R3X_n112,0.0002,20.0,32,70324,0,200,0.0,inf
3R3X_n112,0.0002,20.0,33,70324,24,200,0.12,2533407.234232135
3R3X_n112,0.0002,20.0,34,70324,35,200,0.175,1683478.722917836
3R3X_n112,0.0002,20.0,35,70324,0,200,0.0,inf
3R3X_n112,0.0002,20.0,36,70324,47,200,0.235,1208954.2292851612
3R3X_n112,0.0002,20.0,37,70324,30,200,0.15,1992715.489575388
3R3X_n112,0.0002,20.0,38,70324,21,200,0.105,2919403.514154006
3R3X_n112,0.0002,20.0,39,70324,28,200,0.14,2147246.9379769936
3R3X_n112,0.0002,20.0,40,70324,0,200,0.0,inf
3R3X_n112,0.0002,20.0,41,70324,22,200,0.11,2779055.8875041297
3R3X_n112,0.0002,20.0,42,70324,42,200,0.21,1373879.1031036484
3R3X_n112,0.0002,20.0,43,70324,0,200,0.0,inf
3R3X_n112,0.0002,20.0,44,70324,0,200,0.0,inf
3R3X_n112,0.0002,20.0,45,70324,47,200,0.235,1208954.2292851612
3R3X_n112,0.0002,20.0,46,70324,0,200,0.0,inf
3R3X_n112,0.0002,20.0,47,70324,22,200,0.11,2779055.8875041297
3R3X_n112,0.0002,20.0,48,70324,89,200,0.445,550035.7468386418
3R3X_n112,0.0002,20.0,49,70324,0,200,0.0,inf
3R3X_n112,0.0002,20.0,50,70324,41,200,0.205,1411662.6180033693
3R3X_n112,0.0002,20.0,51,70324,0,200,0.0,inf
3R3X_n112,0.0002,20.0,52,70324,0,200,0.0,inf
3R3X_n112,0.0002,20.0,53,70324,21,200,0.105,2919403.514154006
3R3X_n112,0.0002,20.0,54,70324,0,200,0.0,inf
3R3X_n112,0.0002,20.0,55,70324,0,200,0.0,inf
3R3X_n112,0.0002,20.0,56,70324,75,200,0.375,689045.7179642403
3R3X_n112,0.0002,20.0,57,70324,0,200,0.0,inf
3R3X_n112,0.0002,20.0,58,70324,83,200,0.415,604043.561817368
3R3X_n112,0.0002,20.0,59,70324,0,200,0.0,inf
3R3X_n112,0.0002,20.0,60,70324,13,200,0.065,4818628.372594001
3R3X_n112,0.0002,20.0,61,70324,19,200,0.095,3244368.867764571
3R3X_n112,0.0002,20.0,62,70324,0,200,0.0,inf
3R3X_n112,0.0002,20.0,63,70324,0,200,0.0,inf
3R3X_n112,0.0002,20.0,64,70324,46,200,0.23,1239088.1733120068
3R3X_n112,0.0002,20.0,65,70324,0,200,0.0,inf
3R3X_n112,0.0002,20.0,66,70324,41,200,0.205,1411662.6180033693
3R3X_n112,0.0002,20.0,67,70324,0,200,0.0,inf
3R3X_n112,0.0002,20.0,68,70324,39,200,0.195,1493013.2625752727
3R3X_n112,0.0002,20.0,69,70324,15,200,0.075,4154022.381474388
3R3X_n112,0.0002,20.0,70,70324,42,200,0.21,1373879.1031036484
3R3X_n112,0.0002,20.0,71,70324,15,200,0.075,4154022.381474388
3R3X_n112,0.0002,20.0,72,70324,35,200,0.175,1683478.722917836
3R3X_n112,0.0002,20.0,73,70324,34,200,0.17,1738070.7416543243
3R3X_n112,0.0002,20.0,74,70324,44,200,0.22,1303438.0439428843
3R3X_n112,0.0002,20.0,75,70324,21,200,0.105,2919403.514154006
3R3X_n112,0.0002,20.0,76,70324,35,200,0.175,1683478.722917836
3R3X_n112,0.0002,20.0,77,70324,21,200,0.105,2919403.514154006
3R3X_n112,0.0002,20.0,78,70324,25,200,0.125,2425302.258848394
3R3X_n112,0.0002,20.0,79,70324,0,200,0.0,inf
3R3X_n112,0.0002,20.0,80,70324,21,200,0.105,2919403.514154006
3R3X_n112,0.0002,20.0,81,70324,0,200,0.0,inf
3R3X_n112,0.0002,20.0,82,70324,21,200,0.105,2919403.514154006
3R3X_n112,0.0002,20.0,83,70324,13,200,0.065,4818628.372594001
3R3X_n112,0.0002,20.0,84,70324,45,199,0.2261306532663316,1263316.4840159174
3R3X_n112,0.0002,20.0,85,70324,19,200,0.095,3244368.867764571
3R3X_n112,0.0002,20.0,86,70324,46,200,0.23,1239088.1733120068
3R3X_n112,0.0002,20.0,87,70324,61,200,0.305,890091.6119817706
3R3X_n112,0.0002,20.0,88,70324,44,200,0.22,1303438.0439428843
3R3X_n112,0.0002,20.0,89,70324,39,200,0.195,1493013.2625752727
3R3X_n112,0.0002,20.0,90,70324,45,200,0.225,1270552.5124089424
3R3X_n112,0.0002,20.0,91,70324,25,200,0.125,2425302.258848394
3R3X_n112,0.0002,20.0,92,70324,30,200,0.15,1992715.489575388
3R3X_n112,0.0002,20.0,93,70324,28,200,0.14,2147246.9379769936
3R3X_n112,0.0002,20.0,94,70324,0,200,0.0,inf
3R3X_n112,0.0002,20.0,95,70324,0,200,0.0,inf
3R3X_n112,0.0002,20.0,96,70324,0,200,0.0,inf
3R3X_n112,0.0002,20.0,97,70324,0,200,0.0,inf
3R3X_n112,0.0002,20.0,98,70324,0,200,0.0,inf
3R3X_n112,0.0002,20.0,99,70324,0,200,0.0,inf
3R3X_n112,0.0002,20.0,100,70324,0,200,0.0,inf
3R3X_n112,0.0003,20.0,1,44044,0,200,0.0,inf
3R3X_n112,0.0003,20.0,2,44044,0,200,0.0,inf
3R3X_n112,0.0003,20.0,3,44044,0,200,0.0,inf
3R3X_n112,0.0003,20.0,4,44044,49,200,0.245,721718.9670869842
3R3X_n112,0.0003,20.0,5,44044,0,200,0.0,inf
3R3X_n112,0.0003,20.0,6,44044,12,200,0.06,3278041.0871463586
3R3X_n112,0.0003,20.0,7,44044,28,200,0.14,1344823.16330497
3R3X_n112,0.0003,20.0,8,44044,0,200,0.0,inf
3R3X_n112,0.0003,20.0,9,44044,13,200,0.065,3017912.349162877
3R3X_n112,0.0003,20.0,10,44044,0,200,0.0,inf
3R3X_n112,0.0003,20.0,11,44044,0,200,0.0,inf
3R3X_n112,0.0003,20.0,12,44044,36,200,0.18,1022066.7988570984
3R3X_n112,0.0003,20.0,13,44044,33,200,0.165,1124812.1003870205
3R3X_n112,0.0003,20.0,14,44044,10,200,0.05,3954320.308209497
3R3X_n112,0.0003,20.0,15,44044,0,200,0.0,inf
3R3X_n112,0.0003,20.0,16,44044,22,200,0.11,1740525.8163533343
3R3X_n112,0.0003,20.0,17,44044,0,200,0.0,inf
3R3X_n112,0.0003,20.0,18,44044,48,200,0.24,739077.5650150189
3R3X_n112,0.0003,20.0,19,44044,25,200,0.125,1518969.5223354567
3R3X_n112,0.0003,20.0,20,44044,23,200,0.115,1660260.6522974954
3R3X_n112,0.0003,20.0,21,44044,0,200,0.0,inf
3R3X_n112,0.0003,20.0,22,44044,13,200,0.065,3017912.349162877
3R3X_n112,0.0003,20.0,23,44044,0,200,0.0,inf
3R3X_n112,0.0003,20.0,24,44044,36,200,0.18,1022066.7988570984
3R3X_n112,0.0003,20.0,25,44044,0,200,0.0,inf
3R3X_n112,0.0003,20.0,26,44044,26,200,0.13,1456463.4832392496
3R3X_n112,0.0003,20.0,27,44044,0,200,0.0,inf
3R3X_n112,0.0003,20.0,28,44044,31,200,0.155,1204320.9805724137
3R3X_n112,0.0003,20.0,29,44044,0,200,0.0,inf
3R3X_n112,0.0003,20.0,30,44044,0,200,0.0,inf
3R3X_n112,0.0003,20.0,31,44044,0,200,0.0,inf
3R3X_n112,0.0003,20.0,32,44044,0,200,0.0,inf
3R3X_n112,0.0003,20.0,33,44044,21,200,0.105,1828425.692187575
3R3X_n112,0.0003,20.0,34,44044,22,200,0.11,1740525.8163533343
3R3X_n112,0.0003,20.0,35,44044,0,200,0.0,inf
3R3X_n112,0.0003,20.0,36,44044,32,200,0.16,1163327.6473329165
3R3X_n112,0.0003,20.0,37,44044,14,200,0.07,2794931.504006485
3R3X_n112,0.0003,20.0,38,44044,20,200,0.1,1925105.5711456465
3R3X_n112,0.0003,20.0,39,44044,20,200,0.1,1925105.5711456465
3R3X_n112,0.0003,20.0,40,44044,0,200,0.0,inf
3R3X_n112,0.0003,20.0,41,44044,19,200,0.095,2031951.857286599
3R3X_n112,0.0003,20.0,42,44044,23,199,0.1155778894472361,1651430.9192475446
3R3X_n112,0.0003,20.0,43,44044,0,200,0.0,inf
3R3X_n112,0.0003,20.0,44,44044,0,200,0.0,inf
3R3X_n112,0.0003,20.0,45,44044,30,200,0.15,1248039.9440142536
3R3X_n112,0.0003,20.0,46,44044,0,200,0.0,inf
3R3X_n112,0.0003,20.0,47,44044,26,200,0.13,1456463.4832392496
3R3X_n112,0.0003,20.0,48,44044,54,200,0.27,644496.951557762
3R3X_n112,0.0003,20.0,49,44044,0,200,0.0,inf
3R3X_n112,0.0003,20.0,50,44044,34,200,0.17,1088555.6530547617
3R3X_n112,0.0003,20.0,51,44044,0,200,0.0,inf
3R3X_n112,0.0003,20.0,52,44044,0,200,0.0,inf
3R3X_n112,0.0003,20.0,53,44044,13,200,0.065,3017912.349162877
3R3X_n112,0.0003,20.0,54,44044,0,200,0.0,inf
3R3X_n112,0.0003,20.0,55,44044,0,200,0.0,inf
3R3X_n112,0.0003,20.0,56,44044,49,200,0.245,721718.9670869842
3R3X_n112,0.0003,20.0,57,44044,0,200,0.0,inf
3R3X_n112,0.0003,20.0,58,44044,55,200,0.275,630722.7745877572
3R3X_n112,0.0003,20.0,59,44044,0,200,0.0,inf
3R3X_n112,0.0003,20.0,60,44044,8,200,0.04,4968647.858962861
3R3X_n112,0.0003,20.0,61,44044,11,200,0.055,3585449.09718779
3R3X_n112,0.0003,20.0,62,44044,0,200,0.0,inf
3R3X_n112,0.0003,20.0,63,44044,0,200,0.0,inf
3R3X_n112,0.0003,20.0,64,44044,37,200,0.185,991508.656517186
3R3X_n112,0.0003,20.0,65,44044,0,200,0.0,inf
3R3X_n112,0.0003,20.0,66,44044,30,200,0.15,1248039.9440142536
3R3X_n112,0.0003,20.0,67,44044,0,200,0.0,inf
3R3X_n112,0.0003,20.0,68,44044,16,200,0.08,2432552.1928932923
3R3X_n112,0.0003,20.0,69,44044,8,200,0.04,4968647.858962861
3R3X_n112,0.0003,20.0,70,44044,31,200,0.155,1204320.9805724137
3R3X_n112,0.0003,20.0,71,44044,10,200,0.05,3954320.308209497
3R3X_n112,0.0003,20.0,72,44044,28,200,0.14,1344823.16330497
3R3X_n112,0.0003,20.0,73,44044,23,200,0.115,1660260.6522974954
3R3X_n112,0.0003,20.0,74,44044,33,200,0.165,1124812.1003870205
3R3X_n112,0.0003,20.0,75,44044,20,200,0.1,1925105.5711456465
3R3X_n112,0.0003,20.0,76,44044,32,200,0.16,1163327.6473329165
3R3X_n112,0.0003,20.0,77,44044,12,200,0.06,3278041.0871463586
3R3X_n112,0.0003,20.0,78,44044,16,200,0.08,2432552.1928932923
3R3X_n112,0.0003,20.0,79,44044,0,200,0.0,inf
3R3X_n112,0.0003,20.0,80,44044,14,200,0.07,2794931.504006485
3R3X_n112,0.0003,20.0,81,44044,0,200,0.0,inf
3R3X_n112,0.0003,20.0,82,44044,18,200,0.09,2150659.043162865
3R3X_n112,0.0003,20.0,83,44044,7,200,0.035,5693128.928236919
3R3X_n112,0.0003,20.0,84,44044,30,200,0.15,1248039.9440142536
3R3X_n112,0.0003,20.0,85,44044,18,200,0.09,2150659.043162865
3R3X_n112,0.0003,20.0,86,44044,39,200,0.195,935075.8793138232
3R3X_n112,0.0003,20.0,87,44044,44,199,0.2211055276381909,811711.032693153
3R3X_n112,0.0003,20.0,88,44044,25,200,0.125,1518969.5223354567
3R3X_n112,0.0003,20.0,89,44044,23,200,0.115,1660260.6522974954
3R3X_n112,0.0003,20.0,90,44044,31,200,0.155,1204320.9805724137
3R3X_n112,0.0003,20.0,91,44044,17,200,0.085,2283320.324109832
3R3X_n112,0.0003,20.0,92,44044,26,199,0.1306532663316583,1448649.640774883
3R3X_n112,0.0003,20.0,93,44044,21,200,0.105,1828425.692187575
3R3X_n112,0.0003,20.0,94,44044,0,200,0.0,inf
3R3X_n112,0.0003,20.0,95,44044,0,200,0.0,inf
3R3X_n112,0.0003,20.0,96,44044,0,200,0.0,inf
3R3X_n112,0.0003,20.0,97,44044,0,200,0.0,inf
3R3X_n112,0.0003,20.0,98,44044,0,200,0.0,inf
3R3X_n112,0.0003,20.0,99,44044,0,200,0.0,inf
3R3X_n112,0.0003,20.0,100,44044,0,200,0.0,inf
3R3X_n112,0.0004,20.0,1,27212,0,200,0.0,inf
3R3X_n112,0.0004,20.0,2,27212,0,200,0.0,inf
3R3X_n112,0.0004,20.0,3,27212,0,200,0.0,inf
3R3X_n112,0.0004,20.0,4,27212,21,200,0.105,1129668.511847432
3R3X_n112,0.0004,20.0,5,27212,0,200,0.0,inf
3R3X_n112,0.0004,20.0,6,27212,7,200,0.035,3517424.0394874
3R3X_n112,0.0004,20.0,7,27212,21,200,0.105,1129668.511847432
3R3X_n112,0.0004,20.0,8,27212,0,200,0.0,inf
3R3X_n112,0.0004,20.0,9,27212,9,200,0.045,2721658.81503119
3R3X_n112,0.0004,20.0,10,27212,0,200,0.0,inf
3R3X_n112,0.0004,20.0,11,27212,0,200,0.0,inf
3R3X_n112,0.0004,20.0,12,27212,13,200,0.065,1864577.033090097
3R3X_n112,0.0004,20.0,13,27212,15,200,0.075,1607406.5332558025
3R3X_n112,0.0004,20.0,14,27212,13,200,0.065,1864577.033090097
3R3X_n112,0.0004,20.0,15,27212,0,200,0.0,inf
3R3X_n112,0.0004,20.0,16,27212,18,200,0.09,1328756.1048621354
3R3X_n112,0.0004,20.0,17,27212,0,200,0.0,inf
3R3X_n112,0.0004,20.0,18,27212,34,200,0.17,672549.6419699886
3R3X_n112,0.0004,20.0,19,27212,9,200,0.045,2721658.81503119
3R3X_n112,0.0004,20.0,20,27212,13,200,0.065,1864577.033090097
3R3X_n112,0.0004,20.0,21,27212,0,200,0.0,inf
3R3X_n112,0.0004,20.0,22,27212,12,200,0.06,2025294.116416009
3R3X_n112,0.0004,20.0,23,27212,0,200,0.0,inf
3R3X_n112,0.0004,20.0,24,27212,14,200,0.07,1726811.281605315
3R3X_n112,0.0004,20.0,25,27212,0,200,0.0,inf
3R3X_n112,0.0004,20.0,26,27212,17,200,0.085,1410719.114060411
3R3X_n112,0.0004,20.0,27,27212,0,200,0.0,inf
3R3X_n112,0.0004,20.0,28,27212,21,200,0.105,1129668.511847432
3R3X_n112,0.0004,20.0,29,27212,0,200,0.0,inf
3R3X_n112,0.0004,20.0,30,27212,0,200,0.0,inf
3R3X_n112,0.0004,20.0,31,27212,0,200,0.0,inf
3R3X_n112,0.0004,20.0,32,27212,0,200,0.0,inf
3R3X_n112,0.0004,20.0,33,27212,13,200,0.065,1864577.033090097
3R3X_n112,0.0004,20.0,34,27212,9,200,0.045,2721658.81503119
3R3X_n112,0.0004,20.0,35,27212,0,200,0.0,inf
3R3X_n112,0.0004,20.0,36,27212,20,200,0.1,1189400.890064829
3R3X_n112,0.0004,20.0,37,27212,10,200,0.05,2443124.244550832
3R3X_n112,0.0004,20.0,38,27212,6,200,0.03,4114220.34417738
3R3X_n112,0.0004,20.0,39,27212,4,200,0.02,6202925.634250811
3R3X_n112,0.0004,20.0,40,27212,0,200,0.0,inf
3R3X_n112,0.0004,20.0,41,27212,9,200,0.045,2721658.81503119
3R3X_n112,0.0004,20.0,42,27212,14,200,0.07,1726811.281605315
3R3X_n112,0.0004,20.0,43,27212,0,200,0.0,inf
3R3X_n112,0.0004,20.0,44,27212,0,200,0.0,inf
3R3X_n112,0.0004,20.0,45,27212,16,200,0.08,1502920.0407095694
3R3X_n112,0.0004,20.0,46,27212,0,200,0.0,inf
3R3X_n112,0.0004,20.0,47,27212,11,200,0.055,2215222.069582103
3R3X_n112,0.0004,20.0,48,27212,30,200,0.15,771084.8913930586
3R3X_n112,0.0004,20.0,49,27212,0,200,0.0,inf
3R3X_n112,0.0004,20.0,50,27212,17,200,0.085,1410719.114060411
3R3X_n112,0.0004,20.0,51,27212,0,200,0.0,inf
3R3X_n112,0.0004,20.0,52,27212,0,200,0.0,inf
3R3X_n112,0.0004,20.0,53,27212,10,200,0.05,2443124.244550832
3R3X_n112,0.0004,20.0,54,27212,0,200,0.0,inf
3R3X_n112,0.0004,20.0,55,27212,0,200,0.0,inf
3R3X_n112,0.0004,20.0,56,27212,33,200,0.165,694950.2060605668
3R3X_n112,0.0004,20.0,57,27212,0,200,0.0,inf
3R3X_n112,0.0004,20.0,58,27212,39,200,0.195,577724.2037028372
3R3X_n112,0.0004,20.0,59,27212,0,200,0.0,inf
3R3X_n112,0.0004,20.0,60,27212,4,200,0.02,6202925.634250811
3R3X_n112,0.0004,20.0,61,27212,12,200,0.06,2025294.116416009
3R3X_n112,0.0004,20.0,62,27212,0,200,0.0,inf
3R3X_n112,0.0004,20.0,63,27212,0,200,0.0,inf
3R3X_n112,0.0004,20.0,64,27212,23,200,0.115,1025769.9770756392
3R3X_n112,0.0004,20.0,65,27212,0,200,0.0,inf
3R3X_n112,0.0004,20.0,66,27212,14,200,0.07,1726811.281605315
3R3X_n112,0.0004,20.0,67,27212,0,200,0.0,inf
3R3X_n112,0.0004,20.0,68,27212,12,200,0.06,2025294.116416009
3R3X_n112,0.0004,20.0,69,27212,9,200,0.045,2721658.81503119
3R3X_n112,0.0004,20.0,70,27212,19,200,0.095,1255414.4478358673
3R3X_n112,0.0004,20.0,71,27212,10,200,0.05,2443124.244550832
3R3X_n112,0.0004,20.0,72,27212,23,200,0.115,1025769.9770756392
3R3X_n112,0.0004,20.0,73,27212,6,200,0.03,4114220.34417738
3R3X_n112,0.0004,20.0,74,27212,18,200,0.09,1328756.1048621354
3R3X_n112,0.0004,20.0,75,27212,9,200,0.045,2721658.81503119
3R3X_n112,0.0004,20.0,76,27212,12,200,0.06,2025294.116416009
3R3X_n112,0.0004,20.0,77,27212,9,200,0.045,2721658.81503119
3R3X_n112,0.0004,20.0,78,27212,9,200,0.045,2721658.81503119
3R3X_n112,0.0004,20.0,79,27212,0,200,0.0,inf
3R3X_n112,0.0004,20.0,80,27212,11,200,0.055,2215222.069582103
3R3X_n112,0.0004,20.0,81,27212,0,200,0.0,inf
3R3X_n112,0.0004,20.0,82,27212,11,200,0.055,2215222.069582103
3R3X_n112,0.0004,20.0,83,27212,5,200,0.025,4949713.30767926
3R3X_n112,0.0004,20.0,84,27212,17,200,0.085,1410719.114060411
3R3X_n112,0.0004,20.0,85,27212,6,200,0.03,4114220.34417738
3R3X_n112,0.0004,20.0,86,27212,23,200,0.115,1025769.9770756392
3R3X_n112,0.0004,20.0,87,27212,23,200,0.115,1025769.9770756392
3R3X_n112,0.0004,20.0,88,27212,13,200,0.065,1864577.033090097
3R3X_n112,0.0004,20.0,89,27212,13,200,0.065,1864577.033090097
3R3X_n112,0.0004,20.0,90,27212,27,200,0.135,864093.94226621
3R3X_n112,0.0004,20.0,91,27212,14,200,0.07,1726811.281605315
3R3X_n112,0.0004,20.0,92,27212,16,200,0.08,1502920.0407095694
3R3X_n112,0.0004,20.0,93,27212,15,200,0.075,1607406.5332558025
3R3X_n112,0.0004,20.0,94,27212,0,200,0.0,inf
3R3X_n112,0.0004,20.0,95,27212,0,200,0.0,inf
3R3X_n112,0.0004,20.0,96,27212,0,199,0.0,inf
3R3X_n112,0.0004,20.0,97,27212,0,200,0.0,inf
3R3X_n112,0.0004,20.0,98,27212,0,200,0.0,inf
3R3X_n112,0.0004,20.0,99,27212,0,200,0.0,inf
3R3X_n112,0.0004,20.0,100,27212,0,200,0.0,inf
3R3X_n112,0.0005,20.0,1,20406,0,200,0.0,inf
3R3X_n112,0.0005,20.0,2,20406,0,200,0.0,inf
3R3X_n112,0.0005,20.0,3,20406,0,200,0.0,inf
3R3X_n112,0.0005,20.0,4,20406,18,200,0.09,996420.589292104
3R3X_n112,0.0005,20.0,5,20406,0,200,0.0,inf
3R3X_n112,0.0005,20.0,6,20406,9,200,0.045,2040944.060691109
3R3X_n112,0.0005,20.0,7,20406,15,200,0.075,1205377.690637142
3R3X_n112,0.0005,20.0,8,20406,0,200,0.0,inf
3R3X_n112,0.0005,20.0,9,20406,5,200,0.025,3711739.297240298
3R3X_n112,0.0005,20.0,10,20406,0,200,0.0,inf
3R3X_n112,0.0005,20.0,11,20406,0,200,0.0,inf
3R3X_n112,0.0005,20.0,12,20406,9,200,0.045,2040944.060691109
3R3X_n112,0.0005,20.0,13,20406,12,200,0.06,1518747.3077901325
3R3X_n112,0.0005,20.0,14,20406,3,200,0.015,6217768.613774488
3R3X_n112,0.0005,20.0,15,20406,0,200,0.0,inf
3R3X_n112,0.0005,20.0,16,20406,8,200,0.04,2302021.3470619414
3R3X_n112,0.0005,20.0,17,20406,0,200,0.0,inf
3R3X_n112,0.0005,20.0,18,20406,28,200,0.14,623069.2369085737
3R3X_n112,0.0005,20.0,19,20406,6,200,0.03,3085211.683936632
3R3X_n112,0.0005,20.0,20,20406,16,200,0.08,1127024.3403909844
3R3X_n112,0.0005,20.0,21,20406,0,200,0.0,inf
3R3X_n112,0.0005,20.0,22,20406,10,200,0.05,1832073.8400082416
3R3X_n112,0.0005,20.0,23,20406,0,200,0.0,inf
3R3X_n112,0.0005,20.0,24,20406,14,200,0.07,1294918.0880654878
3R3X_n112,0.0005,20.0,25,20406,0,200,0.0,inf
3R3X_n112,0.0005,20.0,26,20406,8,200,0.04,2302021.3470619414
3R3X_n112,0.0005,20.0,27,20406,0,200,0.0,inf
3R3X_n112,0.0005,20.0,28,20406,6,200,0.03,3085211.683936632
3R3X_n112,0.0005,20.0,29,20406,0,200,0.0,inf
3R3X_n112,0.0005,20.0,30,20406,0,200,0.0,inf
3R3X_n112,0.0005,20.0,31,20406,0,200,0.0,inf
3R3X_n112,0.0005,20.0,32,20406,0,200,0.0,inf
3R3X_n112,0.0005,20.0,33,20406,6,200,0.03,3085211.683936632
3R3X_n112,0.0005,20.0,34,20406,7,200,0.035,2637680.2495141807
3R3X_n112,0.0005,20.0,35,20406,0,200,0.0,inf
3R3X_n112,0.0005,20.0,36,20406,12,200,0.06,1518747.3077901325
3R3X_n112,0.0005,20.0,37,20406,6,200,0.03,3085211.683936632
3R3X_n112,0.0005,20.0,38,20406,7,200,0.035,2637680.2495141807
3R3X_n112,0.0005,20.0,39,20406,6,200,0.03,3085211.683936632
3R3X_n112,0.0005,20.0,40,20406,0,200,0.0,inf
3R3X_n112,0.0005,20.0,41,20406,6,200,0.03,3085211.683936632
3R3X_n112,0.0005,20.0,42,20406,11,200,0.055,1661172.3339663527
3R3X_n112,0.0005,20.0,43,20406,0,200,0.0,inf
3R3X_n112,0.0005,20.0,44,20406,0,200,0.0,inf
3R3X_n112,0.0005,20.0,45,20406,8,200,0.04,2302021.3470619414
3R3X_n112,0.0005,20.0,46,20406,0,200,0.0,inf
3R3X_n112,0.0005,20.0,47,20406,7,200,0.035,2637680.2495141807
3R3X_n112,0.0005,20.0,48,20406,18,200,0.09,996420.589292104
3R3X_n112,0.0005,20.0,49,20406,0,200,0.0,inf
3R3X_n112,0.0005,20.0,50,20406,10,200,0.05,1832073.8400082416
3R3X_n112,0.0005,20.0,51,20406,0,200,0.0,inf
3R3X_n112,0.0005,20.0,52,20406,0,200,0.0,inf
3R3X_n112,0.0005,20.0,53,20406,3,200,0.015,6217768.613774488
3R3X_n112,0.0005,20.0,54,20406,0,200,0.0,inf
3R3X_n112,0.0005,20.0,55,20406,0,200,0.0,inf
3R3X_n112,0.0005,20.0,56,20406,29,200,0.145,599877.543917077
3R3X_n112,0.0005,20.0,57,20406,0,200,0.0,inf
3R3X_n112,0.0005,20.0,58,20406,25,200,0.125,703752.8851325341
3R3X_n112,0.0005,20.0,59,20406,0,200,0.0,inf
3R3X_n112,0.0005,20.0,60,20406,9,200,0.045,2040944.060691109
3R3X_n112,0.0005,20.0,61,20406,6,200,0.03,3085211.683936632
3R3X_n112,0.0005,20.0,62,20406,0,200,0.0,inf
3R3X_n112,0.0005,20.0,63,20406,0,200,0.0,inf
3R3X_n112,0.0005,20.0,64,20406,11,200,0.055,1661172.3339663527
3R3X_n112,0.0005,20.0,65,20406,0,200,0.0,inf
3R3X_n112,0.0005,20.0,66,20406,13,200,0.065,1398227.2136276832
3R3X_n112,0.0005,20.0,67,20406,0,199,0.0,inf
3R3X_n112,0.0005,20.0,68,20406,9,200,0.045,2040944.060691109
3R3X_n112,0.0005,20.0,69,20406,4,200,0.02,4651510.381174557
3R3X_n112,0.0005,20.0,70,20406,20,200,0.1,891919.5414766611
3R3X_n112,0.0005,20.0,71,20406,7,200,0.035,2637680.2495141807
3R3X_n112,0.0005,20.0,72,20406,12,200,0.06,1518747.3077901325
3R3X_n112,0.0005,20.0,73,20406,9,200,0.045,2040944.060691109
3R3X_n112,0.0005,20.0,74,20406,19,200,0.095,941422.432108581
3R3X_n112,0.0005,20.0,75,20406,4,200,0.02,4651510.381174557
3R3X_n112,0.0005,20.0,76,20406,6,200,0.03,3085211.683936632
3R3X_n112,0.0005,20.0,77,20406,8,200,0.04,2302021.3470619414
3R3X_n112,0.0005,20.0,78,20406,5,200,0.025,3711739.297240298
3R3X_n112,0.0005,20.0,79,20406,0,200,0.0,inf
3R3X_n112,0.0005,20.0,80,20406,7,200,0.035,2637680.2495141807
3R3X_n112,0.0005,20.0,81,20406,0,200,0.0,inf
3R3X_n112,0.0005,20.0,82,20406,3,200,0.015,6217768.613774488
3R3X_n112,0.0005,20.0,83,20406,7,200,0.035,2637680.2495141807
3R3X_n112,0.0005,20.0,84,20406,9,200,0.045,2040944.060691109
3R3X_n112,0.0005,20.0,85,20406,6,200,0.03,3085211.683936632
3R3X_n112,0.0005,20.0,86,20406,17,200,0.085,1057883.8101395248
3R3X_n112,0.0005,20.0,87,20406,21,200,0.105,847126.8430383175
3R3X_n112,0.0005,20.0,88,20406,16,200,0.08,1127024.3403909844
3R3X_n112,0.0005,20.0,89,20406,16,200,0.08,1127024.3403909844
3R3X_n112,0.0005,20.0,90,20406,15,200,0.075,1205377.690637142
3R3X_n112,0.0005,20.0,91,20406,9,200,0.045,2040944.060691109
3R3X_n112,0.0005,20.0,92,20406,13,200,0.065,1398227.2136276832
3R3X_n112,0.0005,20.0,93,20406,11,200,0.055,1661172.3339663527
3R3X_n112,0.0005,20.0,94,20406,0,200,0.0,inf
3R3X_n112,0.0005,20.0,95,20406,0,200,0.0,inf
3R3X_n112,0.0005,20.0,96,20406,0,200,0.0,inf
3R3X_n112,0.0005,20.0,97,20406,0,200,0.0,inf
3R3X_n112,0.0005,20.0,98,20406,0,200,0.0,inf
3R3X_n112,0.0005,20.0,99,20406,0,200,0.0,inf
3R3X_n112,0.0005,20.0,100,20406,0,200,0.0,inf
3R3X_n112,0.0006,20.0,1,27989,0,200,0.0,inf
3R3X_n112,0.0006,20.0,2,27989,0,200,0.0,inf
3R3X_n112,0.0006,20.0,3,27989,0,200,0.0,inf
3R3X_n112,0.0006,20.0,4,27989,23,200,0.115,1055059.3814629598
3R3X_n112,0.0006,20.0,5,27989,0,200,0.0,inf
3R3X_n112,0.0006,20.0,6,27989,5,200,0.025,5091045.339138425
3R3X_n112,0.0006,20.0,7,27989,26,200,0.13,925550.7318223448
3R3X_n112,0.0006,20.0,8,27989,0,200,0.0,inf
3R3X_n112,0.0006,20.0,9,27989,9,200,0.045,2799371.9158425685
3R3X_n112,0.0006,20.0,10,27989,0,200,0.0,inf
3R3X_n112,0.0006,20.0,11,27989,0,200,0.0,inf
3R3X_n112,0.0006,20.0,12,27989,14,200,0.07,1776117.9244763765
3R3X_n112,0.0006,20.0,13,27989,22,200,0.11,1106066.140085221
3R3X_n112,0.0006,20.0,14,27989,10,200,0.05,2512884.1864153035
3R3X_n112,0.0006,20.0,15,27989,0,200,0.0,inf
3R3X_n112,0.0006,20.0,16,27989,13,200,0.065,1917817.3812714508
3R3X_n112,0.0006,20.0,17,27989,0,200,0.0,inf
3R3X_n112,0.0006,20.0,18,27989,24,200,0.12,1008297.8084142432
3R3X_n112,0.0006,20.0,19,27989,22,200,0.11,1106066.140085221
3R3X_n112,0.0006,20.0,20,27989,16,200,0.08,1545833.7872784114
3R3X_n112,0.0006,20.0,21,27989,0,200,0.0,inf
3R3X_n112,0.0006,20.0,22,27989,13,200,0.065,1917817.3812714508
3R3X_n112,0.0006,20.0,23,27989,0,200,0.0,inf
3R3X_n112,0.0006,20.0,24,27989,15,200,0.075,1653303.743175682
3R3X_n112,0.0006,20.0,25,27989,0,200,0.0,inf
3R3X_n112,0.0006,20.0,26,27989,13,200,0.065,1917817.3812714508
3R3X_n112,0.0006,20.0,27,27989,0,200,0.0,inf
3R3X_n112,0.0006,20.0,28,27989,21,200,0.105,1161924.5912868504
3R3X_n112,0.0006,20.0,29,27989,0,200,0.0,inf
3R3X_n112,0.0006,20.0,30,27989,0,200,0.0,inf
3R3X_n112,0.0006,20.0,31,27989,0,200,0.0,inf
3R3X_n112,0.0006,20.0,32,27989,0,200,0.0,inf
3R3X_n112,0.0006,20.0,33,27989,8,200,0.04,3157467.190185077
3R3X_n112,0.0006,20.0,34,27989,16,200,0.08,1545833.7872784114
3R3X_n112,0.0006,20.0,35,27989,0,200,0.0,inf
3R3X_n112,0.0006,20.0,36,27989,30,200,0.15,793102.1249889871
3R3X_n112,0.0006,20.0,37,27989,12,200,0.06,2083123.5125814965
3R3X_n112,0.0006,20.0,38,27989,9,200,0.045,2799371.9158425685
3R3X_n112,0.0006,20.0,39,27989,10,200,0.05,2512884.1864153035
3R3X_n112,0.0006,20.0,40,27989,0,200,0.0,inf
3R3X_n112,0.0006,20.0,41,27989,5,200,0.025,5091045.339138425
3R3X_n112,0.0006,20.0,42,27989,11,200,0.055,2278474.588620222
3R3X_n112,0.0006,20.0,43,27989,0,200,0.0,inf
3R3X_n112,0.0006,20.0,44,27989,0,200,0.0,inf
3R3X_n112,0.0006,20.0,45,27989,19,200,0.095,1291261.0238305926
3R3X_n112,0.0006,20.0,46,27989,0,200,0.0,inf
3R3X_n112,0.0006,20.0,47,27989,15,200,0.075,1653303.743175682
3R3X_n112,0.0006,20.0,48,27989,36,200,0.18,649501.1269006296
3R3X_n112,0.0006,20.0,49,27989,0,200,0.0,inf
3R3X_n112,0.0006,20.0,50,27989,22,200,0.11,1106066.140085221
3R3X_n112,0.0006,20.0,51,27989,0,200,0.0,inf
3R3X_n112,0.0006,20.0,52,27989,0,200,0.0,inf
3R3X_n112,0.0006,20.0,53,27989,14,200,0.07,1776117.9244763765
3R3X_n112,0.0006,20.0,54,27989,0,200,0.0,inf
3R3X_n112,0.0006,20.0,55,27989,0,200,0.0,inf
3R3X_n112,0.0006,20.0,56,27989,37,200,0.185,630082.0948882826
3R3X_n112,0.0006,20.0,57,27989,0,200,0.0,inf
3R3X_n112,0.0006,20.0,58,27989,42,200,0.21,546804.820783346
3R3X_n112,0.0006,20.0,59,27989,0,200,0.0,inf
3R3X_n112,0.0006,20.0,60,27989,7,200,0.035,3617859.085742056
3R3X_n112,0.0006,20.0,61,27989,10,200,0.05,2512884.1864153035
3R3X_n112,0.0006,20.0,62,27989,0,200,0.0,inf
3R3X_n112,0.0006,20.0,63,27989,0,200,0.0,inf
3R3X_n112,0.0006,20.0,64,27989,20,200,0.1,1223362.5427026495
3R3X_n112,0.0006,20.0,65,27989,0,200,0.0,inf
3R3X_n112,0.0006,20.0,66,27989,13,200,0.065,1917817.3812714508
3R3X_n112,0.0006,20.0,67,27989,0,200,0.0,inf
3R3X_n112,0.0006,20.0,68,27989,9,200,0.045,2799371.9158425685
3R3X_n112,0.0006,20.0,69,27989,2,200,0.01,12824855.827152789
3R3X_n112,0.0006,20.0,70,27989,26,200,0.13,925550.7318223448
3R3X_n112,0.0006,20.0,71,27989,10,200,0.05,2512884.1864153035
3R3X_n112,0.0006,20.0,72,27989,15,200,0.075,1653303.743175682
3R3X_n112,0.0006,20.0,73,27989,11,200,0.055,2278474.588620222
3R3X_n112,0.0006,20.0,74,27989,23,200,0.115,1055059.3814629598
3R3X_n112,0.0006,20.0,75,27989,8,200,0.04,3157467.190185077
3R3X_n112,0.0006,20.0,76,27989,11,200,0.055,2278474.588620222
3R3X_n112,0.0006,20.0,77,27989,10,200,0.05,2512884.1864153035
3R3X_n112,0.0006,20.0,78,27989,21,200,0.105,1161924.5912868504
3R3X_n112,0.0006,20.0,79,27989,0,200,0.0,inf
3R3X_n112,0.0006,20.0,80,27989,12,200,0.06,2083123.5125814965
3R3X_n112,0.0006,20.0,81,27989,0,200,0.0,inf
3R3X_n112,0.0006,20.0,82,27989,9,200,0.045,2799371.9158425685
3R3X_n112,0.0006,20.0,83,27989,6,200,0.03,4231696.061045887
3R3X_n112,0.0006,20.0,84,27989,21,200,0.105,1161924.5912868504
3R3X_n112,0.0006,20.0,85,27989,10,200,0.05,2512884.1864153035
3R3X_n112,0.0006,20.0,86,27989,18,200,0.09,1366696.847676992
3R3X_n112,0.0006,20.0,87,27989,24,200,0.12,1008297.8084142432
3R3X_n112,0.0006,20.0,88,27989,9,200,0.045,2799371.9158425685
3R3X_n112,0.0006,20.0,89,27989,15,200,0.075,1653303.743175682
3R3X_n112,0.0006,20.0,90,27989,22,200,0.11,1106066.140085221
3R3X_n112,0.0006,20.0,91,27989,11,200,0.055,2278474.588620222
3R3X_n112,0.0006,20.0,92,27989,16,200,0.08,1545833.7872784114
3R3X_n112,0.0006,20.0,93,27989,11,200,0.055,2278474.588620222
3R3X_n112,0.0006,20.0,94,27989,0,200,0.0,inf
3R3X_n112,0.0006,20.0,95,27989,0,200,0.0,inf
3R3X_n112,0.0006,20.0,96,27989,0,200,0.0,inf
3R3X_n112,0.0006,20.0,97,27989,0,200,0.0,inf
3R3X_n112,0.0006,20.0,98,27989,0,200,0.0,inf
3R3X_n112,0.0006,20.0,99,27989,0,200,0.0,inf
3R3X_n112,0.0006,20.0,100,27989,0,200,0.0,inf
3R3X_n112,0.0007,20.0,1,19128,0,200,0.0,inf
3R3X_n112,0.0007,20.0,2,19128,0,200,0.0,inf
3R3X_n112,0.0007,20.0,3,19128,0,200,0.0,inf
3R3X_n112,0.0007,20.0,4,19128,12,200,0.06,1423630.231471609
3R3X_n112,0.0007,20.0,5,19128,0,200,0.0,inf
3R3X_n112,0.0007,20.0,6,19128,8,200,0.04,2157848.883985142
3R3X_n112,0.0007,20.0,7,19128,14,200,0.07,1213819.131065209
3R3X_n112,0.0007,20.0,8,19128,0,200,0.0,inf
3R3X_n112,0.0007,20.0,9,19128,8,200,0.04,2157848.883985142
3R3X_n112,0.0007,20.0,10,19128,0,200,0.0,inf
3R3X_n112,0.0007,20.0,11,19128,0,200,0.0,inf
3R3X_n112,0.0007,20.0,12,19128,11,200,0.055,1557135.3721507594
3R3X_n112,0.0007,20.0,13,19128,12,200,0.06,1423630.231471609
3R3X_n112,0.0007,20.0,14,19128,5,200,0.025,3479278.118083525
3R3X_n112,0.0007,20.0,15,19128,0,200,0.0,inf
3R3X_n112,0.0007,20.0,16,19128,13,200,0.065,1310658.1467347995
3R3X_n112,0.0007,20.0,17,19128,0,200,0.0,inf
3R3X_n112,0.0007,20.0,18,19128,19,200,0.095,882462.4268045152
3R3X_n112,0.0007,20.0,19,19128,9,200,0.045,1913122.5126384168
3R3X_n112,0.0007,20.0,20,19128,10,200,0.05,1717333.549528455
3R3X_n112,0.0007,20.0,21,19128,0,200,0.0,inf
3R3X_n112,0.0007,20.0,22,19128,11,200,0.055,1557135.3721507594
3R3X_n112,0.0007,20.0,23,19128,0,200,0.0,inf
3R3X_n112,0.0007,20.0,24,19128,10,200,0.05,1717333.549528455
3R3X_n112,0.0007,20.0,25,19128,0,200,0.0,inf
3R3X_n112,0.0007,20.0,26,19128,11,200,0.055,1557135.3721507594
3R3X_n112,0.0007,20.0,27,19128,0,200,0.0,inf
3R3X_n112,0.0007,20.0,28,19128,10,200,0.05,1717333.549528455
3R3X_n112,0.0007,20.0,29,19128,0,200,0.0,inf
3R3X_n112,0.0007,20.0,30,19128,0,200,0.0,inf
3R3X_n112,0.0007,20.0,31,19128,0,200,0.0,inf
3R3X_n112,0.0007,20.0,32,19128,0,200,0.0,inf
3R3X_n112,0.0007,20.0,33,19128,5,200,0.025,3479278.118083525
3R3X_n112,0.0007,20.0,34,19128,10,200,0.05,1717333.549528455
3R3X_n112,0.0007,20.0,35,19128,0,200,0.0,inf
3R3X_n112,0.0007,20.0,36,19128,17,200,0.085,991629.9872757436
3R3X_n112,0.0007,20.0,37,19128,6,200,0.03,2891989.0762687386
3R3X_n112,0.0007,20.0,38,19128,9,200,0.045,1913122.5126384168
3R3X_n112,0.0007,20.0,39,19128,7,200,0.035,2472485.9263308463
3R3X_n112,0.0007,20.0,40,19128,0,200,0.0,inf
3R3X_n112,0.0007,20.0,41,19128,9,200,0.045,1913122.5126384168
3R3X_n112,0.0007,20.0,42,19128,16,200,0.08,1056440.3402430045
3R3X_n112,0.0007,20.0,43,19128,0,200,0.0,inf
3R3X_n112,0.0007,20.0,44,19128,0,200,0.0,inf
3R3X_n112,0.0007,20.0,45,19128,14,200,0.07,1213819.131065209
3R3X_n112,0.0007,20.0,46,19128,0,200,0.0,inf
3R3X_n112,0.0007,20.0,47,19128,10,200,0.05,1717333.549528455
3R3X_n112,0.0007,20.0,48,19128,32,200,0.16,505225.0303828903
3R3X_n112,0.0007,20.0,49,19128,0,200,0.0,inf
3R3X_n112,0.0007,20.0,50,19128,14,200,0.07,1213819.131065209
3R3X_n112,0.0007,20.0,51,19128,0,200,0.0,inf
3R3X_n112,0.0007,20.0,52,19128,0,200,0.0,inf
3R3X_n112,0.0007,20.0,53,19128,6,200,0.03,2891989.0762687386
3R3X_n112,0.0007,20.0,54,19128,0,200,0.0,inf
3R3X_n112,0.0007,20.0,55,19128,0,200,0.0,inf
3R3X_n112,0.0007,20.0,56,19128,25,200,0.125,659677.8000007406
3R3X_n112,0.0007,20.0,57,19128,0,200,0.0,inf
3R3X_n112,0.0007,20.0,58,19128,22,200,0.11,755898.1431115834
3R3X_n112,0.0007,20.0,59,19128,0,200,0.0,inf
3R3X_n112,0.0007,20.0,60,19128,6,200,0.03,2891989.0762687386
3R3X_n112,0.0007,20.0,61,19128,10,200,0.05,1717333.549528455
3R3X_n112,0.0007,20.0,62,19128,0,200,0.0,inf
3R3X_n112,0.0007,20.0,63,19128,0,200,0.0,inf
3R3X_n112,0.0007,20.0,64,19128,20,200,0.1,836059.8348214042
3R3X_n112,0.0007,20.0,65,19128,0,200,0.0,inf
3R3X_n112,0.0007,20.0,66,19128,15,200,0.075,1129886.5268306993
3R3X_n112,0.0007,20.0,67,19128,0,200,0.0,inf
3R3X_n112,0.0007,20.0,68,19128,8,198,0.0404040404040404,2135823.870270055
3R3X_n112,0.0007,20.0,69,19128,3,200,0.015,5828358.230142037
3R3X_n112,0.0007,20.0,70,19128,18,200,0.09,934016.1242761622
3R3X_n112,0.0007,20.0,71,19128,6,200,0.03,2891989.0762687386
3R3X_n112,0.0007,20.0,72,19128,15,200,0.075,1129886.5268306993
3R3X_n112,0.0007,20.0,73,19128,12,200,0.06,1423630.231471609
3R3X_n112,0.0007,20.0,74,19128,11,200,0.055,1557135.3721507594
3R3X_n112,0.0007,20.0,75,19128,9,200,0.045,1913122.5126384168
3R3X_n112,0.0007,20.0,76,19128,12,200,0.06,1423630.231471609
3R3X_n112,0.0007,20.0,77,19128,6,200,0.03,2891989.0762687386
3R3X_n112,0.0007,20.0,78,19128,4,200,0.02,4360192.61840179
3R3X_n112,0.0007,20.0,79,19128,0,200,0.0,inf
3R3X_n112,0.0007,20.0,80,19128,6,200,0.03,2891989.0762687386
3R3X_n112,0.0007,20.0,81,19128,0,200,0.0,inf
3R3X_n112,0.0007,20.0,82,19128,4,200,0.02,4360192.61840179
3R3X_n112,0.0007,20.0,83,19128,4,200,0.02,4360192.61840179
3R3X_n112,0.0007,20.0,84,19128,14,200,0.07,1213819.131065209
3R3X_n112,0.0007,20.0,85,19128,5,200,0.025,3479278.118083525
3R3X_n112,0.0007,20.0,86,19128,14,200,0.07,1213819.131065209
3R3X_n112,0.0007,20.0,87,19128,24,200,0.12,689082.1565381987
3R3X_n112,0.0007,20.0,88,19128,13,200,0.065,1310658.1467347995
3R3X_n112,0.0007,20.0,89,19128,9,200,0.045,1913122.5126384168
3R3X_n112,0.0007,20.0,90,19128,18,200,0.09,934016.1242761622
3R3X_n112,0.0007,20.0,91,19128,13,200,0.065,1310658.1467347995
3R3X_n112,0.0007,20.0,92,19128,18,200,0.09,934016.1242761622
3R3X_n112,0.0007,20.0,93,19128,7,200,0.035,2472485.9263308463
3R3X_n112,0.0007,20.0,94,19128,0,200,0.0,inf
3R3X_n112,0.0007,20.0,95,19128,0,200,0.0,inf
3R3X_n112,0.0007,20.0,96,19128,0,200,0.0,inf
3R3X_n112,0.0007,20.0,97,19128,0,200,0.0,inf
3R3X_n112,0.0007,20.0,98,19128,0,200,0.0,inf
3R3X_n112,0.0007,20.0,99,19128,0,200,0.0,inf
3R3X_n112,0.0007,20.0,100,19128,0,200,0.0,inf
3R3X_n112,0.0008,20.0,1,15952,0,200,0.0,inf
3R3X_n112,0.0008,20.0,2,15952,0,200,0.0,inf
3R3X_n112,0.0008,20.0,3,15952,0,200,0.0,inf
3R3X_n112,0.0008,20.0,4,15952,21,200,0.105,662225.1984782536
3R3X_n112,0.0008,20.0,5,15952,0,200,0.0,inf
3R3X_n112,0.0008,20.0,6,15952,4,200,0.02,3636229.226722363
3R3X_n112,0.0008,20.0,7,15952,14,200,0.07,1012277.435108334
3R3X_n112,0.0008,20.0,8,15952,0,200,0.0,inf
3R3X_n112,0.0008,20.0,9,15952,6,200,0.03,2411805.19367623
3R3X_n112,0.0008,20.0,10,15952,0,200,0.0,inf
3R3X_n112,0.0008,20.0,11,15952,0,200,0.0,inf
3R3X_n112,0.0008,20.0,12,15952,13,200,0.065,1093037.3670385575
3R3X_n112,0.0008,20.0,13,15952,8,200,0.04,1799561.1353686214
3R3X_n112,0.0008,20.0,14,15952,4,200,0.02,3636229.226722363
3R3X_n112,0.0008,20.0,15,15952,0,200,0.0,inf
3R3X_n112,0.0008,20.0,16,15952,11,200,0.055,1298589.6830065304
3R3X_n112,0.0008,20.0,17,15952,0,200,0.0,inf
3R3X_n112,0.0008,20.0,18,15952,16,200,0.08,881029.7107672736
3R3X_n112,0.0008,20.0,19,15952,11,200,0.055,1298589.6830065304
3R3X_n112,0.0008,20.0,20,15952,6,200,0.03,2411805.19367623
3R3X_n112,0.0008,20.0,21,15952,0,200,0.0,inf
3R3X_n112,0.0008,20.0,22,15952,7,200,0.035,2061956.059014516
3R3X_n112,0.0008,20.0,23,15952,0,200,0.0,inf
3R3X_n112,0.0008,20.0,24,15952,13,199,0.0653266331658291,1087384.3304948397
3R3X_n112,0.0008,20.0,25,15952,0,200,0.0,inf
3R3X_n112,0.0008,20.0,26,15952,11,200,0.055,1298589.6830065304
3R3X_n112,0.0008,20.0,27,15952,0,200,0.0,inf
3R3X_n112,0.0008,20.0,28,15952,12,200,0.06,1187251.6443138388
3R3X_n112,0.0008,20.0,29,15952,0,200,0.0,inf
3R3X_n112,0.0008,20.0,30,15952,0,200,0.0,inf
3R3X_n112,0.0008,20.0,31,15952,0,200,0.0,inf
3R3X_n112,0.0008,20.0,32,15952,0,200,0.0,inf
3R3X_n112,0.0008,20.0,33,15952,8,200,0.04,1799561.1353686214
3R3X_n112,0.0008,20.0,34,15952,4,200,0.02,3636229.226722363
3R3X_n112,0.0008,20.0,35,15952,0,200,0.0,inf
3R3X_n112,0.0008,20.0,36,15952,11,200,0.055,1298589.6830065304
3R3X_n112,0.0008,20.0,37,15952,6,200,0.03,2411805.19367623
3R3X_n112,0.0008,20.0,38,15952,2,200,0.01,7309375.117179653
3R3X_n112,0.0008,20.0,39,15952,7,200,0.035,2061956.059014516
3R3X_n112,0.0008,20.0,40,15952,0,200,0.0,inf
3R3X_n112,0.0008,20.0,41,15952,3,200,0.015,4860621.627312096
3R3X_n112,0.0008,20.0,42,15952,9,200,0.045,1595468.9628611472
3R3X_n112,0.0008,20.0,43,15952,0,200,0.0,inf
3R3X_n112,0.0008,20.0,44,15952,0,200,0.0,inf
3R3X_n112,0.0008,20.0,45,15952,12,200,0.06,1187251.6443138388
3R3X_n112,0.0008,20.0,46,15952,0,200,0.0,inf
3R3X_n112,0.0008,20.0,47,15952,9,200,0.045,1595468.9628611472
3R3X_n112,0.0008,20.0,48,15952,28,200,0.14,487072.4525710853
3R3X_n112,0.0008,20.0,49,15952,0,200,0.0,inf
3R3X_n112,0.0008,20.0,50,15952,10,200,0.05,1432188.664893241
3R3X_n112,0.0008,20.0,51,15952,0,200,0.0,inf
3R3X_n112,0.0008,20.0,52,15952,0,200,0.0,inf
3R3X_n112,0.0008,20.0,53,15952,4,200,0.02,3636229.226722363
3R3X_n112,0.0008,20.0,54,15952,0,200,0.0,inf
3R3X_n112,0.0008,20.0,55,15952,0,200,0.0,inf
3R3X_n112,0.0008,20.0,56,15952,22,200,0.11,630389.333904014
3R3X_n112,0.0008,20.0,57,15952,0,200,0.0,inf
3R3X_n112,0.0008,20.0,58,15952,19,200,0.095,735938.9707437069
3R3X_n112,0.0008,20.0,59,15952,0,200,0.0,inf
3R3X_n112,0.0008,20.0,60,15952,4,200,0.02,3636229.226722363
3R3X_n112,0.0008,20.0,61,15952,4,200,0.02,3636229.226722363
3R3X_n112,0.0008,20.0,62,15952,0,200,0.0,inf
3R3X_n112,0.0008,20.0,63,15952,0,200,0.0,inf
3R3X_n112,0.0008,20.0,64,15952,14,200,0.07,1012277.435108334
3R3X_n112,0.0008,20.0,65,15952,0,200,0.0,inf
3R3X_n112,0.0008,20.0,66,15952,9,200,0.045,1595468.9628611472
3R3X_n112,0.0008,20.0,67,15952,0,200,0.0,inf
3R3X_n112,0.0008,20.0,68,15952,12,200,0.06,1187251.6443138388
3R3X_n112,0.0008,20.0,69,15952,3,200,0.015,4860621.627312096
3R3X_n112,0.0008,20.0,70,15952,8,200,0.04,1799561.1353686214
3R3X_n112,0.0008,20.0,71,15952,9,200,0.045,1595468.9628611472
3R3X_n112,0.0008,20.0,72,15952,6,200,0.03,2411805.19367623
3R3X_n112,0.0008,20.0,73,15952,5,200,0.025,2901581.1658128607
3R3X_n112,0.0008,20.0,74,15952,17,200,0.085,826980.4243529206
3R3X_n112,0.0008,20.0,75,15952,6,200,0.03,2411805.19367623
3R3X_n112,0.0008,20.0,76,15952,7,200,0.035,2061956.059014516
3R3X_n112,0.0008,20.0,77,15952,3,200,0.015,4860621.627312096
3R3X_n112,0.0008,20.0,78,15952,2,200,0.01,7309375.117179653
3R3X_n112,0.0008,20.0,79,15952,0,200,0.0,inf
3R3X_n112,0.0008,20.0,80,15952,4,200,0.02,3636229.226722363
3R3X_n112,0.0008,20.0,81,15952,0,200,0.0,inf
3R3X_n112,0.0008,20.0,82,15952,1,200,0.005,14655573.43817602
3R3X_n112,0.0008,20.0,83,15952,6,200,0.03,2411805.19367623
3R3X_n112,0.0008,20.0,84,15952,11,200,0.055,1298589.6830065304
3R3X_n112,0.0008,20.0,85,15952,4,200,0.02,3636229.226722363
3R3X_n112,0.0008,20.0,86,15952,15,200,0.075,942280.9429110892
3R3X_n112,0.0008,20.0,87,15952,12,200,0.06,1187251.6443138388
3R3X_n112,0.0008,20.0,88,15952,4,200,0.02,3636229.226722363
3R3X_n112,0.0008,20.0,89,15952,7,200,0.035,2061956.059014516
3R3X_n112,0.0008,20.0,90,15952,11,200,0.055,1298589.6830065304
3R3X_n112,0.0008,20.0,91,15952,9,200,0.045,1595468.9628611472
3R3X_n112,0.0008,20.0,92,15952,15,200,0.075,942280.9429110892
3R3X_n112,0.0008,20.0,93,15952,3,200,0.015,4860621.627312096
3R3X_n112,0.0008,20.0,94,15952,0,200,0.0,inf
3R3X_n112,0.0008,20.0,95,15952,0,200,0.0,inf
3R3X_n112,0.0008,20.0,96,15952,0,200,0.0,inf
3R3X_n112,0.0008,20.0,97,15952,0,200,0.0,inf
3R3X_n112,0.0008,20.0,98,15952,0,200,0.0,inf
3R3X_n112,0.0008,20.0,99,15952,0,200,0.0,inf
3R3X_n112,0.0008,20.0,100,15952,0,200,0.0,inf
3R3X_n112,0.0009,20.0,1,15014,0,200,0.0,inf
3R3X_n112,0.0009,20.0,2,15014,0,200,0.0,inf
3R3X_n112,0.0009,20.0,3,15014,0,200,0.0,inf
3R3X_n112,0.0009,20.0,4,15014,12,200,0.06,1117439.5804744216
3R3X_n112,0.0009,20.0,5,15014,0,200,0.0,inf
3R3X_n112,0.0009,20.0,6,15014,4,200,0.02,3422413.842152053
3R3X_n112,0.0009,20.0,7,15014,17,200,0.085,778352.8141446057
3R3X_n112,0.0009,20.0,8,15014,0,200,0.0,inf
3R3X_n112,0.0009,20.0,9,15014,3,200,0.015,4574810.250279828
3R3X_n112,0.0009,20.0,10,15014,0,200,0.0,inf
3R3X_n112,0.0009,20.0,11,15014,0,200,0.0,inf
3R3X_n112,0.0009,20.0,12,15014,12,200,0.06,1117439.5804744216
3R3X_n112,0.0009,20.0,13,15014,15,200,0.075,886873.5003051087
3R3X_n112,0.0009,20.0,14,15014,2,200,0.01,6879573.596372575
3R3X_n112,0.0009,20.0,15,15014,0,200,0.0,inf
3R3X_n112,0.0009,20.0,16,15014,7,200,0.035,1940710.1473197048
3R3X_n112,0.0009,20.0,17,15014,0,200,0.0,inf
3R3X_n112,0.0009,20.0,18,15014,17,200,0.085,778352.8141446057
3R3X_n112,0.0009,20.0,19,15014,10,200,0.05,1347973.9603000951
3R3X_n112,0.0009,20.0,20,15014,10,200,0.05,1347973.9603000951
3R3X_n112,0.0009,20.0,21,15014,0,200,0.0,inf
3R3X_n112,0.0009,20.0,22,15014,10,200,0.05,1347973.9603000951
3R3X_n112,0.0009,20.0,23,15014,0,200,0.0,inf
3R3X_n112,0.0009,20.0,24,15014,9,200,0.045,1501653.147467231
3R3X_n112,0.0009,20.0,25,15014,0,200,0.0,inf
3R3X_n112,0.0009,20.0,26,15014,11,200,0.055,1222230.7861497025
3R3X_n112,0.0009,20.0,27,15014,0,200,0.0,inf
3R3X_n112,0.0009,20.0,28,15014,7,200,0.035,1940710.1473197048
3R3X_n112,0.0009,20.0,29,15014,0,200,0.0,inf
3R3X_n112,0.0009,20.0,30,15014,0,200,0.0,inf
3R3X_n112,0.0009,20.0,31,15014,0,200,0.0,inf
3R3X_n112,0.0009,20.0,32,15014,0,200,0.0,inf
3R3X_n112,0.0009,20.0,33,15014,4,200,0.02,3422413.842152053
3R3X_n112,0.0009,20.0,34,15014,7,200,0.035,1940710.1473197048
3R3X_n112,0.0009,20.0,35,15014,0,200,0.0,inf
3R3X_n112,0.0009,20.0,36,15014,12,200,0.06,1117439.5804744216
3R3X_n112,0.0009,20.0,37,15014,6,200,0.03,2269987.6616007346
3R3X_n112,0.0009,20.0,38,15014,4,200,0.02,3422413.842152053
3R3X_n112,0.0009,20.0,39,15014,6,200,0.03,2269987.6616007346
3R3X_n112,0.0009,20.0,40,15014,0,200,0.0,inf
3R3X_n112,0.0009,20.0,41,15014,7,200,0.035,1940710.1473197048
3R3X_n112,0.0009,20.0,42,15014,4,200,0.02,3422413.842152053
3R3X_n112,0.0009,20.0,43,15014,0,200,0.0,inf
3R3X_n112,0.0009,20.0,44,15014,0,200,0.0,inf
3R3X_n112,0.0009,20.0,45,15014,11,200,0.055,1222230.7861497025
3R3X_n112,0.0009,20.0,46,15014,0,200,0.0,inf
3R3X_n112,0.0009,20.0,47,15014,9,200,0.045,1501653.147467231
3R3X_n112,0.0009,20.0,48,15014,20,200,0.1,656242.281472635
3R3X_n112,0.0009,20.0,49,15014,0,200,0.0,inf
3R3X_n112,0.0009,20.0,50,15014,10,200,0.05,1347973.9603000951
3R3X_n112,0.0009,20.0,51,15014,0,200,0.0,inf
3R3X_n112,0.0009,20.0,52,15014,0,200,0.0,inf
3R3X_n112,0.0009,20.0,53,15014,7,200,0.035,1940710.1473197048
3R3X_n112,0.0009,20.0,54,15014,0,200,0.0,inf
3R3X_n112,0.0009,20.0,55,15014,0,200,0.0,inf
3R3X_n112,0.0009,20.0,56,15014,23,200,0.115,565960.2541457316
3R3X_n112,0.0009,20.0,57,15014,0,200,0.0,inf
3R3X_n112,0.0009,20.0,58,15014,16,200,0.08,829223.9266211037
3R3X_n112,0.0009,20.0,59,15014,0,200,0.0,inf
3R3X_n112,0.0009,20.0,60,15014,3,200,0.015,4574810.250279828
3R3X_n112,0.0009,20.0,61,15014,5,200,0.025,2730964.1188261216
3R3X_n112,0.0009,20.0,62,15014,0,200,0.0,inf
3R3X_n112,0.0009,20.0,63,15014,0,200,0.0,inf
3R3X_n112,0.0009,20.0,64,15014,13,200,0.065,1028765.2349998056
3R3X_n112,0.0009,20.0,65,15014,0,200,0.0,inf
3R3X_n112,0.0009,20.0,66,15014,6,200,0.03,2269987.6616007346
3R3X_n112,0.0009,20.0,67,15014,0,200,0.0,inf
3R3X_n112,0.0009,20.0,68,15014,17,200,0.085,778352.8141446057
3R3X_n112,0.0009,20.0,69,15014,4,200,0.02,3422413.842152053
3R3X_n112,0.0009,20.0,70,15014,15,200,0.075,886873.5003051087
3R3X_n112,0.0009,20.0,71,15014,6,200,0.03,2269987.6616007346
3R3X_n112,0.0009,20.0,72,15014,4,200,0.02,3422413.842152053
3R3X_n112,0.0009,20.0,73,15014,11,200,0.055,1222230.7861497025
3R3X_n112,0.0009,20.0,74,15014,10,200,0.05,1347973.9603000951
3R3X_n112,0.0009,20.0,75,15014,2,200,0.01,6879573.596372575
3R3X_n112,0.0009,20.0,76,15014,3,200,0.015,4574810.250279828
3R3X_n112,0.0009,20.0,77,15014,9,200,0.045,1501653.147467231
3R3X_n112,0.0009,20.0,78,15014,5,200,0.025,2730964.1188261216
3R3X_n112,0.0009,20.0,79,15014,0,200,0.0,inf
3R3X_n112,0.0009,20.0,80,15014,4,200,0.02,3422413.842152053
3R3X_n112,0.0009,20.0,81,15014,0,200,0.0,inf
3R3X_n112,0.0009,20.0,82,15014,4,200,0.02,3422413.842152053
3R3X_n112,0.0009,20.0,83,15014,0,200,0.0,inf
3R3X_n112,0.0009,20.0,84,15014,8,200,0.04,1693744.4136424577
3R3X_n112,0.0009,20.0,85,15014,1,200,0.005,13793805.140469832
3R3X_n112,0.0009,20.0,86,15014,7,200,0.035,1940710.1473197048
3R3X_n112,0.0009,20.0,87,15014,18,200,0.09,733130.3894752352
3R3X_n112,0.0009,20.0,88,15014,8,200,0.04,1693744.4136424577
3R3X_n112,0.0009,20.0,89,15014,8,200,0.04,1693744.4136424577
3R3X_n112,0.0009,20.0,90,15014,20,200,0.1,656242.281472635
3R3X_n112,0.0009,20.0,91,15014,4,200,0.02,3422413.842152053
3R3X_n112,0.0009,20.0,92,15014,10,200,0.05,1347973.9603000951
3R3X_n112,0.0009,20.0,93,15014,7,200,0.035,1940710.1473197048
3R3X_n112,0.0009,20.0,94,15014,0,200,0.0,inf
3R3X_n112,0.0009,20.0,95,15014,0,200,0.0,inf
3R3X_n112,0.0009,20.0,96,15014,0,200,0.0,inf
3R3X_n112,0.0009,20.0,97,15014,0,200,0.0,inf
3R3X_n112,0.0009,20.0,98,15014,0,200,0.0,inf
3R3X_n112,0.0009,20.0,99,15014,0,200,0.0,inf
3R3X_n112,0.0009,20.0,100,15014,0,200,0.0,inf
3R3X_n112,0.001,20.0,1,13747,0,200,0.0,inf
3R3X_n112,0.001,20.0,2,13747,0,200,0.0,inf
3R3X_n112,0.001,20.0,3,13747,0,200,0.0,inf
3R3X_n112,0.001,20.0,4,13747,14,200,0.07,872353.1783120779
3R3X_n112,0.001,20.0,5,13747,0,200,0.0,inf
3R3X_n112,0.001,20.0,6,13747,4,200,0.02,3133603.509262307
3R3X_n112,0.001,20.0,7,13747,8,200,0.04,1550812.8716093556
3R3X_n112,0.001,20.0,8,13747,0,200,0.0,inf
3R3X_n112,0.001,20.0,9,13747,4,200,0.02,3133603.509262307
3R3X_n112,0.001,20.0,10,13747,0,200,0.0,inf
3R3X_n112,0.001,20.0,11,13747,0,200,0.0,inf
3R3X_n112,0.001,20.0,12,13747,9,200,0.045,1374931.7848829108
3R3X_n112,0.001,20.0,13,13747,11,200,0.055,1119089.2911415985
3R3X_n112,0.001,20.0,14,13747,1,200,0.005,12629774.827896548
3R3X_n112,0.001,20.0,15,13747,0,200,0.0,inf
3R3X_n112,0.001,20.0,16,13747,6,200,0.03,2078428.1593196543
3R3X_n112,0.001,20.0,17,13747,0,200,0.0,inf
3R3X_n112,0.001,20.0,18,13747,16,200,0.08,759247.4569908293
3R3X_n112,0.001,20.0,19,13747,10,200,0.05,1234221.262304876
3R3X_n112,0.001,20.0,20,13747,15,200,0.075,812032.1039492693
3R3X_n112,0.001,20.0,21,13747,0,200,0.0,inf
3R3X_n112,0.001,20.0,22,13747,4,200,0.02,3133603.509262307
3R3X_n112,0.001,20.0,23,13747,0,200,0.0,inf
3R3X_n112,0.001,20.0,24,13747,11,200,0.055,1119089.2911415985
3R3X_n112,0.001,20.0,25,13747,0,200,0.0,inf
3R3X_n112,0.001,20.0,26,13747,9,200,0.045,1374931.7848829108
3R3X_n112,0.001,20.0,27,13747,0,200,0.0,inf
3R3X_n112,0.001,20.0,28,13747,14,200,0.07,872353.1783120779
3R3X_n112,0.001,20.0,29,13747,0,200,0.0,inf
3R3X_n112,0.001,20.0,30,13747,0,200,0.0,inf
3R3X_n112,0.001,20.0,31,13747,0,200,0.0,inf
3R3X_n112,0.001,20.0,32,13747,0,200,0.0,inf
3R3X_n112,0.001,20.0,33,13747,1,200,0.005,12629774.827896548
3R3X_n112,0.001,20.0,34,13747,7,200,0.035,1776937.6845080585
3R3X_n112,0.001,20.0,35,13747,0,200,0.0,inf
3R3X_n112,0.001,20.0,36,13747,11,200,0.055,1119089.2911415985
3R3X_n112,0.001,20.0,37,13747,6,199,0.0301507537688442,2067876.1269547327
3R3X_n112,0.001,20.0,38,13747,1,200,0.005,12629774.827896548
3R3X_n112,0.001,20.0,39,13747,6,200,0.03,2078428.1593196543
3R3X_n112,0.001,20.0,40,13747,0,200,0.0,inf
3R3X_n112,0.001,20.0,41,13747,1,200,0.005,12629774.827896548
3R3X_n112,0.001,20.0,42,13747,5,200,0.025,2500503.779239556
3R3X_n112,0.001,20.0,43,13747,0,200,0.0,inf
3R3X_n112,0.001,20.0,44,13747,0,200,0.0,inf
3R3X_n112,0.001,20.0,45,13747,16,200,0.08,759247.4569908293
3R3X_n112,0.001,20.0,46,13747,0,200,0.0,inf
3R3X_n112,0.001,20.0,47,13747,3,200,0.015,4188751.599213853
3R3X_n112,0.001,20.0,48,13747,23,200,0.115,518200.0541988392
3R3X_n112,0.001,20.0,49,13747,0,200,0.0,inf
3R3X_n112,0.001,20.0,50,13747,13,200,0.065,941949.89246985
3R3X_n112,0.001,20.0,51,13747,0,200,0.0,inf
3R3X_n112,0.001,20.0,52,13747,0,200,0.0,inf
3R3X_n112,0.001,20.0,53,13747,3,200,0.015,4188751.599213853
3R3X_n112,0.001,20.0,54,13747,0,200,0.0,inf
3R3X_n112,0.001,20.0,55,13747,0,200,0.0,inf
3R3X_n112,0.001,20.0,56,13747,15,200,0.075,812032.1039492693
3R3X_n112,0.001,20.0,57,13747,0,200,0.0,inf
3R3X_n112,0.001,20.0,58,13747,24,200,0.12,495232.7690260674
3R3X_n112,0.001,20.0,59,13747,0,200,0.0,inf
3R3X_n112,0.001,20.0,60,13747,2,200,0.01,6299020.795879431
3R3X_n112,0.001,20.0,61,13747,6,200,0.03,2078428.1593196543
3R3X_n112,0.001,20.0,62,13747,0,200,0.0,inf
3R3X_n112,0.001,20.0,63,13747,0,200,0.0,inf
3R3X_n112,0.001,20.0,64,13747,12,200,0.06,1023141.1957361046
3R3X_n112,0.001,20.0,65,13747,0,200,0.0,inf
3R3X_n112,0.001,20.0,66,13747,5,200,0.025,2500503.779239556
3R3X_n112,0.001,20.0,67,13747,0,200,0.0,inf
3R3X_n112,0.001,20.0,68,13747,9,200,0.045,1374931.7848829108
3R3X_n112,0.001,20.0,69,13747,2,200,0.01,6299020.795879431
3R3X_n112,0.001,20.0,70,13747,10,200,0.05,1234221.262304876
3R3X_n112,0.001,20.0,71,13747,2,200,0.01,6299020.795879431
3R3X_n112,0.001,20.0,72,13747,10,200,0.05,1234221.262304876
3R3X_n112,0.001,20.0,73,13747,7,200,0.035,1776937.6845080585
3R3X_n112,0.001,20.0,74,13747,8,200,0.04,1550812.8716093556
3R3X_n112,0.001,20.0,75,13747,6,200,0.03,2078428.1593196543
3R3X_n112,0.001,20.0,76,13747,3,200,0.015,4188751.599213853
3R3X_n112,0.001,20.0,77,13747,10,200,0.05,1234221.262304876
3R3X_n112,0.001,20.0,78,13747,7,200,0.035,1776937.6845080585
3R3X_n112,0.001,20.0,79,13747,0,200,0.0,inf
3R3X_n112,0.001,20.0,80,13747,5,200,0.025,2500503.779239556
3R3X_n112,0.001,20.0,81,13747,0,200,0.0,inf
3R3X_n112,0.001,20.0,82,13747,3,200,0.015,4188751.599213853
3R3X_n112,0.001,20.0,83,13747,3,200,0.015,4188751.599213853
3R3X_n112,0.001,20.0,84,13747,10,200,0.05,1234221.262304876
3R3X_n112,0.001,20.0,85,13747,5,200,0.025,2500503.779239556
3R3X_n112,0.001,20.0,86,13747,9,200,0.045,1374931.7848829108
3R3X_n112,0.001,20.0,87,13747,11,200,0.055,1119089.2911415985
3R3X_n112,0.001,20.0,88,13747,5,200,0.025,2500503.779239556
3R3X_n112,0.001,20.0,89,13747,9,200,0.045,1374931.7848829108
3R3X_n112,0.001,20.0,90,13747,17,200,0.085,712669.2511020311
3R3X_n112,0.001,20.0,91,13747,4,200,0.02,3133603.509262307
3R3X_n112,0.001,20.0,92,13747,13,200,0.065,941949.89246985
3R3X_n112,0.001,20.0,93,13747,7,200,0.035,1776937.6845080585
3R3X_n112,0.001,20.0,94,13747,0,200,0.0,inf
3R3X_n112,0.001,20.0,95,13747,0,200,0.0,inf
3R3X_n112,0.001,20.0,96,13747,0,200,0.0,inf
3R3X_n112,0.001,20.0,97,13747,0,200,0.0,inf
3R3X_n112,0.001,20.0,98,13747,0,200,0.0,inf
3R3X_n112,0.001,20.0,99,13747,0,200,0.0,inf
3R3X_n112,0.001,20.0,100,13747,0,200,0.0,inf
3R3X_n128,5e-05,20.0,1,248206,34,200,0.17,6134457.461223098
3R3X_n128,5e-05,20.0,2,248206,39,200,0.195,5269536.002655681
3R3X_n128,5e-05,20.0,3,248206,49,200,0.245,4067182.316428844
3R3X_n128,5e-05,20.0,4,248206,65,200,0.325,2908160.351479786
3R3X_n128,5e-05,20.0,5,248206,0,200,0.0,inf
3R3X_n128,5e-05,20.0,6,248206,0,200,0.0,inf
3R3X_n128,5e-05,20.0,7,248206,0,200,0.0,inf
3R3X_n128,5e-05,20.0,8,248206,0,200,0.0,inf
3R3X_n128,5e-05,20.0,9,248206,19,200,0.095,11450881.906495268
3R3X_n128,5e-05,20.0,10,248206,57,200,0.285,3407224.336113081
3R3X_n128,5e-05,20.0,11,248206,0,200,0.0,inf
3R3X_n128,5e-05,20.0,12,248206,34,200,0.17,6134457.461223098
3R3X_n128,5e-05,20.0,13,248206,0,200,0.0,inf
3R3X_n128,5e-05,20.0,14,248206,83,200,0.415,2131949.779654764
3R3X_n128,5e-05,20.0,15,248206,94,200,0.47,1800393.7460289132
3R3X_n128,5e-05,20.0,16,248206,77,200,0.385,2351271.8636801885
3R3X_n128,5e-05,20.0,17,248206,24,200,0.12,8941568.681813056
3R3X_n128,5e-05,20.0,18,248206,0,200,0.0,inf
3R3X_n128,5e-05,20.0,19,248206,29,200,0.145,7296540.510902774
3R3X_n128,5e-05,20.0,20,248206,43,200,0.215,4721871.770142661
3R3X_n128,5e-05,20.0,21,248206,0,200,0.0,inf
3R3X_n128,5e-05,20.0,22,248206,31,200,0.155,6786842.550721018
3R3X_n128,5e-05,20.0,23,248206,0,200,0.0,inf
3R3X_n128,5e-05,20.0,24,248206,35,200,0.175,5941776.916849786
3R3X_n128,5e-05,20.0,25,248206,36,200,0.18,5759765.504430228
3R3X_n128,5e-05,20.0,26,248206,37,200,0.185,5587557.842146595
3R3X_n128,5e-05,20.0,27,248206,45,200,0.225,4484368.876841106
3R3X_n128,5e-05,20.0,28,248206,35,200,0.175,5941776.916849786
3R3X_n128,5e-05,20.0,29,248206,74,200,0.37,2473902.916848492
3R3X_n128,5e-05,20.0,30,248206,0,200,0.0,inf
3R3X_n128,5e-05,20.0,31,248206,72,200,0.36,2561200.7706506643
3R3X_n128,5e-05,20.0,32,248206,30,200,0.15,7033216.836436332
3R3X_n128,5e-05,20.0,33,248206,52,200,0.26,3796119.356917086
3R3X_n128,5e-05,20.0,34,248206,0,200,0.0,inf
3R3X_n128,5e-05,20.0,35,248206,54,200,0.27,3632004.594458856
3R3X_n128,5e-05,20.0,36,248206,35,200,0.175,5941776.916849786
3R3X_n128,5e-05,20.0,37,248206,0,200,0.0,inf
3R3X_n128,5e-05,20.0,38,248206,44,200,0.22,4600437.164195545
3R3X_n128,5e-05,20.0,39,248206,60,200,0.3,3204685.079812344
3R3X_n128,5e-05,20.0,40,248206,55,200,0.275,3554381.459207358
3R3X_n128,5e-05,20.0,41,248206,19,200,0.095,11450881.906495268
3R3X_n128,5e-05,20.0,42,248206,46,200,0.23,4373316.636497923
3R3X_n128,5e-05,20.0,43,248206,0,200,0.0,inf
3R3X_n128,5e-05,20.0,44,248206,0,200,0.0,inf
3R3X_n128,5e-05,20.0,45,248206,0,200,0.0,inf
3R3X_n128,5e-05,20.0,46,248206,0,200,0.0,inf
3R3X_n128,5e-05,20.0,47,248206,0,200,0.0,inf
3R3X_n128,5e-05,20.0,48,248206,89,200,0.445,1941331.1611943564
3R3X_n128,5e-05,20.0,49,248206,0,200,0.0,inf
3R3X_n128,5e-05,20.0,50,248206,0,200,0.0,inf
3R3X_n128,5e-05,20.0,51,248206,31,200,0.155,6786842.550721018
3R3X_n128,5e-05,20.0,52,248206,65,200,0.325,2908160.351479786
3R3X_n128,5e-05,20.0,53,248206,93,200,0.465,1827420.987833496
3R3X_n128,5e-05,20.0,54,248206,23,200,0.115,9356249.55644701
3R3X_n128,5e-05,20.0,55,248206,0,200,0.0,inf
3R3X_n128,5e-05,20.0,56,248206,46,200,0.23,4373316.636497923
3R3X_n128,5e-05,20.0,57,248206,25,200,0.125,8560016.103460047
3R3X_n128,5e-05,20.0,58,248206,17,200,0.085,12867446.289301716
3R3X_n128,5e-05,20.0,59,248206,0,200,0.0,inf
3R3X_n128,5e-05,20.0,60,248206,0,200,0.0,inf
3R3X_n128,5e-05,20.0,61,248206,60,200,0.3,3204685.079812344
3R3X_n128,5e-05,20.0,62,248206,53,200,0.265,3712528.017915789
3R3X_n128,5e-05,20.0,63,248206,46,200,0.23,4373316.636497923
3R3X_n128,5e-05,20.0,64,248206,73,200,0.365,2516966.873378778
3R3X_n128,5e-05,20.0,65,248206,21,200,0.105,10303928.511377469
3R3X_n128,5e-05,20.0,66,248206,0,200,0.0,inf
3R3X_n128,5e-05,20.0,67,248206,0,200,0.0,inf
3R3X_n128,5e-05,20.0,68,248206,0,200,0.0,inf
3R3X_n128,5e-05,20.0,69,248206,53,200,0.265,3712528.017915789
3R3X_n128,5e-05,20.0,70,248206,34,200,0.17,6134457.461223098
3R3X_n128,5e-05,20.0,71,248206,32,200,0.16,6555828.308825579
3R3X_n128,5e-05,20.0,72,248206,0,200,0.0,inf
3R3X_n128,5e-05,20.0,73,248206,42,200,0.21,4849056.320245494
3R3X_n128,5e-05,20.0,74,248206,58,200,0.29,3337410.844407251
3R3X_n128,5e-05,20.0,75,248206,0,200,0.0,inf
3R3X_n128,5e-05,20.0,76,248206,0,200,0.0,inf
3R3X_n128,5e-05,20.0,77,248206,62,200,0.31,3080416.9971553595
3R3X_n128,5e-05,20.0,78,248206,0,200,0.0,inf
3R3X_n128,5e-05,20.0,79,248206,34,200,0.17,6134457.461223098
3R3X_n128,5e-05,20.0,80,248206,59,200,0.295,3269936.846173764
3R3X_n128,5e-05,20.0,81,248206,56,200,0.28,3479502.953248553
3R3X_n128,5e-05,20.0,82,248206,65,200,0.325,2908160.351479786
3R3X_n128,5e-05,20.0,83,248206,133,200,0.665,1045176.486866014
3R3X_n128,5e-05,20.0,84,248206,24,200,0.12,8941568.681813056
3R3X_n128,5e-05,20.0,85,248206,0,200,0.0,inf
3R3X_n128,5e-05,20.0,86,248206,35,200,0.175,5941776.916849786
3R3X_n128,5e-05,20.0,87,248206,46,200,0.23,4373316.636497923
3R3X_n128,5e-05,20.0,88,248206,114,200,0.57,1354350.0076779558
3R3X_n128,5e-05,20.0,89,248206,41,200,0.205,4982411.861727778
3R3X_n128,5e-05,20.0,90,248206,43,200,0.215,4721871.770142661
3R3X_n128,5e-05,20.0,91,248206,30,200,0.15,7033216.836436332
3R3X_n128,5e-05,20.0,92,248206,76,200,0.38,2391098.8861682625
3R3X_n128,5e-05,20.0,93,248206,48,200,0.24,4165005.133550944
3R3X_n128,5e-05,20.0,94,248206,0,200,0.0,inf
3R3X_n128,5e-05,20.0,95,248206,0,200,0.0,inf
3R3X_n128,5e-05,20.0,96,248206,0,200,0.0,inf
3R3X_n128,5e-05,20.0,97,248206,0,200,0.0,inf
3R3X_n128,5e-05,20.0,98,248206,80,200,0.4,2237614.5948915486
3R3X_n128,5e-05,20.0,99,248206,44,200,0.22,4600437.164195545
3R3X_n128,5e-05,20.0,100,248206,0,200,0.0,inf
3R3X_n128,6e-05,20.0,1,244784,25,200,0.125,8441999.71744988
3R3X_n128,6e-05,20.0,2,244784,29,200,0.145,7195943.5808192585
3R3X_n128,6e-05,20.0,3,244784,41,200,0.205,4913719.673018269
3R3X_n128,6e-05,20.0,4,244784,71,200,0.355,2570716.584793899
3R3X_n128,6e-05,20.0,5,244784,0,200,0.0,inf
3R3X_n128,6e-05,20.0,6,244784,0,200,0.0,inf
3R3X_n128,6e-05,20.0,7,244784,0,200,0.0,inf
3R3X_n128,6e-05,20.0,8,244784,0,200,0.0,inf
3R3X_n128,6e-05,20.0,9,244784,26,200,0.13,8094608.965607949
3R3X_n128,6e-05,20.0,10,244784,61,200,0.305,3098233.677654084
3R3X_n128,6e-05,20.0,11,244784,0,200,0.0,inf
3R3X_n128,6e-05,20.0,12,244784,40,200,0.2,5051779.323972445
3R3X_n128,6e-05,20.0,13,244784,0,200,0.0,inf
3R3X_n128,6e-05,20.0,14,244784,76,200,0.38,2358132.9611363625
3R3X_n128,6e-05,20.0,15,244784,113,200,0.565,1354228.081511173
3R3X_n128,6e-05,20.0,16,244784,73,200,0.365,2482265.61458285
3R3X_n128,6e-05,20.0,17,244784,33,200,0.165,6251385.096293172
3R3X_n128,6e-05,20.0,18,244784,0,200,0.0,inf
3R3X_n128,6e-05,20.0,19,244784,30,200,0.15,6936250.332748731
3R3X_n128,6e-05,20.0,20,244784,45,200,0.225,4422543.174414291
3R3X_n128,6e-05,20.0,21,244784,0,200,0.0,inf
3R3X_n128,6e-05,20.0,22,244784,34,200,0.17,6049882.094663446
3R3X_n128,6e-05,20.0,23,244784,0,200,0.0,inf
3R3X_n128,6e-05,20.0,24,244784,40,200,0.2,5051779.323972445
3R3X_n128,6e-05,20.0,25,244784,25,200,0.125,8441999.71744988
3R3X_n128,6e-05,20.0,26,244784,44,200,0.22,4537011.235830087
3R3X_n128,6e-05,20.0,27,244784,60,200,0.3,3160502.294774441
3R3X_n128,6e-05,20.0,28,244784,40,200,0.2,5051779.323972445
3R3X_n128,6e-05,20.0,29,244784,56,200,0.28,3431531.272040136
3R3X_n128,6e-05,20.0,30,244784,0,200,0.0,inf
3R3X_n128,6e-05,20.0,31,244784,83,200,0.415,2102556.7265215665
3R3X_n128,6e-05,20.0,32,244784,26,200,0.13,8094608.965607949
3R3X_n128,6e-05,20.0,33,244784,43,200,0.215,4656771.630752687
3R3X_n128,6e-05,20.0,34,244784,0,200,0.0,inf
3R3X_n128,6e-05,20.0,35,244784,50,200,0.25,3918464.467388226
3R3X_n128,6e-05,20.0,36,244784,26,200,0.13,8094608.965607949
3R3X_n128,6e-05,20.0,37,244784,0,200,0.0,inf
3R3X_n128,6e-05,20.0,38,244784,49,200,0.245,4011108.3380124494
3R3X_n128,6e-05,20.0,39,244784,49,200,0.245,4011108.3380124494
3R3X_n128,6e-05,20.0,40,244784,60,200,0.3,3160502.294774441
3R3X_n128,6e-05,20.0,41,244784,22,200,0.11,9673346.458773833
3R3X_n128,6e-05,20.0,42,244784,44,200,0.22,4537011.235830087
3R3X_n128,6e-05,20.0,43,244784,0,200,0.0,inf
3R3X_n128,6e-05,20.0,44,244784,0,200,0.0,inf
3R3X_n128,6e-05,20.0,45,244784,0,200,0.0,inf
3R3X_n128,6e-05,20.0,46,244784,0,200,0.0,inf
3R3X_n128,6e-05,20.0,47,244784,0,200,0.0,inf
3R3X_n128,6e-05,20.0,48,244784,103,200,0.515,1557852.442200033
3R3X_n128,6e-05,20.0,49,244784,0,200,0.0,inf
3R3X_n128,6e-05,20.0,50,244784,0,200,0.0,inf
3R3X_n128,6e-05,20.0,51,244784,30,200,0.15,6936250.332748731
3R3X_n128,6e-05,20.0,52,244784,49,200,0.245,4011108.3380124494
3R3X_n128,6e-05,20.0,53,244784,99,200,0.495,1649995.8676488707
3R3X_n128,6e-05,20.0,54,244784,24,200,0.12,8818291.855188543
3R3X_n128,6e-05,20.0,55,244784,0,200,0.0,inf
3R3X_n128,6e-05,20.0,56,244784,52,200,0.26,3743782.505916828
3R3X_n128,6e-05,20.0,57,244784,28,200,0.14,7474143.883535641
3R3X_n128,6e-05,20.0,58,244784,30,200,0.15,6936250.332748731
3R3X_n128,6e-05,20.0,59,244784,0,200,0.0,inf
3R3X_n128,6e-05,20.0,60,244784,0,200,0.0,inf
3R3X_n128,6e-05,20.0,61,244784,74,200,0.37,2439795.378024066
3R3X_n128,6e-05,20.0,62,244784,51,200,0.255,3829425.271965876
3R3X_n128,6e-05,20.0,63,244784,61,200,0.305,3098233.677654084
3R3X_n128,6e-05,20.0,64,244784,61,200,0.305,3098233.677654084
3R3X_n128,6e-05,20.0,65,244784,30,200,0.15,6936250.332748731
3R3X_n128,6e-05,20.0,66,244784,0,200,0.0,inf
3R3X_n128,6e-05,20.0,67,244784,0,200,0.0,inf
3R3X_n128,6e-05,20.0,68,244784,0,200,0.0,inf
3R3X_n128,6e-05,20.0,69,244784,50,200,0.25,3918464.467388226
3R3X_n128,6e-05,20.0,70,244784,24,200,0.12,8818291.855188543
3R3X_n128,6e-05,20.0,71,244784,23,200,0.115,9227255.551539147
3R3X_n128,6e-05,20.0,72,244784,0,200,0.0,inf
3R3X_n128,6e-05,20.0,73,244784,31,200,0.155,6693272.79330755
3R3X_n128,6e-05,20.0,74,244784,65,200,0.325,2868065.7336109043
3R3X_n128,6e-05,20.0,75,244784,0,200,0.0,inf
3R3X_n128,6e-05,20.0,76,244784,0,200,0.0,inf
3R3X_n128,6e-05,20.0,77,244784,69,200,0.345,2664189.5049219904
3R3X_n128,6e-05,20.0,78,244784,0,200,0.0,inf
3R3X_n128,6e-05,20.0,79,244784,28,200,0.14,7474143.883535641
3R3X_n128,6e-05,20.0,80,244784,43,200,0.215,4656771.630752687
3R3X_n128,6e-05,20.0,81,244784,63,200,0.315,2979549.040166199
3R3X_n128,6e-05,20.0,82,244784,62,200,0.31,3037947.488101326
3R3X_n128,6e-05,20.0,83,244784,135,200,0.675,1002973.3896836316
3R3X_n128,6e-05,20.0,84,244784,23,200,0.115,9227255.551539147
3R3X_n128,6e-05,20.0,85,244784,0,200,0.0,inf
3R3X_n128,6e-05,20.0,86,244784,36,200,0.18,5680355.991541095
3R3X_n128,6e-05,20.0,87,244784,47,200,0.235,4208131.677113631
3R3X_n128,6e-05,20.0,88,244784,107,200,0.535,1472176.6566701543
3R3X_n128,6e-05,20.0,89,244784,50,200,0.25,3918464.467388226
3R3X_n128,6e-05,20.0,90,244784,50,200,0.25,3918464.467388226
3R3X_n128,6e-05,20.0,91,244784,29,200,0.145,7195943.5808192585
3R3X_n128,6e-05,20.0,92,244784,80,200,0.4,2206764.7478140453
3R3X_n128,6e-05,20.0,93,244784,53,200,0.265,3661343.635276741
3R3X_n128,6e-05,20.0,94,244784,0,200,0.0,inf
3R3X_n128,6e-05,20.0,95,244784,0,200,0.0,inf
3R3X_n128,6e-05,20.0,96,244784,0,200,0.0,inf
3R3X_n128,6e-05,20.0,97,244784,0,200,0.0,inf
3R3X_n128,6e-05,20.0,98,244784,110,200,0.55,1411723.373671123
3R3X_n128,6e-05,20.0,99,244784,43,200,0.215,4656771.630752687
3R3X_n128,6e-05,20.0,100,244784,0,200,0.0,inf
3R3X_n128,7e-05,20.0,1,193288,29,200,0.145,5682109.70835264
3R3X_n128,7e-05,20.0,2,193288,26,200,0.13,6391719.956142677
3R3X_n128,7e-05,20.0,3,193288,36,200,0.18,4485361.171044656
3R3X_n128,7e-05,20.0,4,193288,56,200,0.28,2709628.9647611515
3R3X_n128,7e-05,20.0,5,193288,0,200,0.0,inf
3R3X_n128,7e-05,20.0,6,193288,0,200,0.0,inf
3R3X_n128,7e-05,20.0,7,193288,0,200,0.0,inf
3R3X_n128,7e-05,20.0,8,193288,0,200,0.0,inf
3R3X_n128,7e-05,20.0,9,193288,22,200,0.11,7638333.3482722575
3R3X_n128,7e-05,20.0,10,193288,47,200,0.235,3322853.4365233816
3R3X_n128,7e-05,20.0,11,193288,0,200,0.0,inf
3R3X_n128,7e-05,20.0,12,193288,39,200,0.195,4103599.7311963104
3R3X_n128,7e-05,20.0,13,193288,0,200,0.0,inf
3R3X_n128,7e-05,20.0,14,193288,70,200,0.35,2066293.953770044
3R3X_n128,7e-05,20.0,15,193288,92,200,0.46,1444570.2003969175
3R3X_n128,7e-05,20.0,16,193288,57,200,0.285,2653342.697108955
3R3X_n128,7e-05,20.0,17,193288,31,200,0.155,5285187.396532575
3R3X_n128,7e-05,20.0,18,193288,0,200,0.0,inf
3R3X_n128,7e-05,20.0,19,193288,33,200,0.165,4936261.040314377
3R3X_n128,7e-05,20.0,20,193288,25,200,0.125,6666028.994486781
3R3X_n128,7e-05,20.0,21,193288,0,200,0.0,inf
3R3X_n128,7e-05,20.0,22,193288,26,200,0.13,6391719.956142677
3R3X_n128,7e-05,20.0,23,193288,0,200,0.0,inf
3R3X_n128,7e-05,20.0,24,193288,38,200,0.19,4224182.699523201
3R3X_n128,7e-05,20.0,25,193288,18,200,0.09,9438211.450705294
3R3X_n128,7e-05,20.0,26,193288,38,200,0.19,4224182.699523201
3R3X_n128,7e-05,20.0,27,193288,47,200,0.235,3322853.4365233816
3R3X_n128,7e-05,20.0,28,193288,20,200,0.1,8448365.3990464
3R3X_n128,7e-05,20.0,29,193288,49,200,0.245,3167278.5330648674
3R3X_n128,7e-05,20.0,30,193288,0,200,0.0,inf
3R3X_n128,7e-05,20.0,31,193288,53,200,0.265,2891094.959537268
3R3X_n128,7e-05,20.0,32,193288,23,200,0.115,7286088.024731594
3R3X_n128,7e-05,20.0,33,193288,35,200,0.175,4627100.78202808
3R3X_n128,7e-05,20.0,34,193288,0,200,0.0,inf
3R3X_n128,7e-05,20.0,35,193288,50,200,0.25,3094124.4524664013
3R3X_n128,7e-05,20.0,36,193288,29,200,0.145,5682109.70835264
3R3X_n128,7e-05,20.0,37,193288,0,200,0.0,inf
3R3X_n128,7e-05,20.0,38,193288,37,200,0.185,4351256.134794611
3R3X_n128,7e-05,20.0,39,193288,38,200,0.19,4224182.699523201
3R3X_n128,7e-05,20.0,40,193288,55,200,0.275,2767939.870459505
3R3X_n128,7e-05,20.0,41,193288,20,200,0.1,8448365.3990464
3R3X_n128,7e-05,20.0,42,193288,46,200,0.23,3405677.646936056
3R3X_n128,7e-05,20.0,43,193288,0,200,0.0,inf
3R3X_n128,7e-05,20.0,44,193288,0,200,0.0,inf
3R3X_n128,7e-05,20.0,45,193288,0,200,0.0,inf
3R3X_n128,7e-05,20.0,46,193288,0,200,0.0,inf
3R3X_n128,7e-05,20.0,47,193288,0,200,0.0,inf
3R3X_n128,7e-05,20.0,48,193288,72,200,0.36,1994510.1027272728
3R3X_n128,7e-05,20.0,49,193288,0,200,0.0,inf
3R3X_n128,7e-05,20.0,50,193288,0,200,0.0,inf
3R3X_n128,7e-05,20.0,51,193288,15,200,0.075,11417477.362926193
3R3X_n128,7e-05,20.0,52,193288,54,200,0.27,2828388.129431857
3R3X_n128,7e-05,20.0,53,193288,84,200,0.42,1634073.3031862085
3R3X_n128,7e-05,20.0,54,193288,15,200,0.075,11417477.362926193
3R3X_n128,7e-05,20.0,55,193288,0,200,0.0,inf
3R3X_n128,7e-05,20.0,56,193288,41,200,0.205,3880004.6087912414
3R3X_n128,7e-05,20.0,57,193288,14,200,0.07,12265614.39802029
3R3X_n128,7e-05,20.0,58,193288,20,200,0.1,8448365.3990464
3R3X_n128,7e-05,20.0,59,193288,0,200,0.0,inf
3R3X_n128,7e-05,20.0,60,193288,0,200,0.0,inf
3R3X_n128,7e-05,20.0,61,193288,58,200,0.29,2598976.121825374
3R3X_n128,7e-05,20.0,62,193288,51,200,0.255,3023816.719915273
3R3X_n128,7e-05,20.0,63,193288,38,200,0.19,4224182.699523201
3R3X_n128,7e-05,20.0,64,193288,58,200,0.29,2598976.121825374
3R3X_n128,7e-05,20.0,65,193288,30,200,0.15,5477048.966910977
3R3X_n128,7e-05,20.0,66,193288,0,200,0.0,inf
3R3X_n128,7e-05,20.0,67,193288,0,200,0.0,inf
3R3X_n128,7e-05,20.0,68,193288,0,200,0.0,inf
3R3X_n128,7e-05,20.0,69,193288,45,200,0.225,3492158.49522922
3R3X_n128,7e-05,20.0,70,193288,16,200,0.08,10675305.336934851
3R3X_n128,7e-05,20.0,71,193288,22,200,0.11,7638333.3482722575
3R3X_n128,7e-05,20.0,72,193288,0,200,0.0,inf
3R3X_n128,7e-05,20.0,73,193288,46,200,0.23,3405677.646936056
3R3X_n128,7e-05,20.0,74,193288,59,200,0.295,2546431.404249836
3R3X_n128,7e-05,20.0,75,193288,0,200,0.0,inf
3R3X_n128,7e-05,20.0,76,193288,0,200,0.0,inf
3R3X_n128,7e-05,20.0,77,193288,44,200,0.22,3582545.541175591
3R3X_n128,7e-05,20.0,78,193288,0,200,0.0,inf
3R3X_n128,7e-05,20.0,79,193288,12,200,0.06,14385750.7413574
3R3X_n128,7e-05,20.0,80,193288,46,200,0.23,3405677.646936056
3R3X_n128,7e-05,20.0,81,193288,43,200,0.215,3677111.555350535
3R3X_n128,7e-05,20.0,82,193288,50,200,0.25,3094124.4524664013
3R3X_n128,7e-05,20.0,83,193288,117,200,0.585,1012106.4895142232
3R3X_n128,7e-05,20.0,84,193288,13,200,0.065,13244170.423780637
3R3X_n128,7e-05,20.0,85,193288,0,200,0.0,inf
3R3X_n128,7e-05,20.0,86,193288,20,200,0.1,8448365.3990464
3R3X_n128,7e-05,20.0,87,193288,41,200,0.205,3880004.6087912414
3R3X_n128,7e-05,20.0,88,193288,93,200,0.465,1423086.2585769915
3R3X_n128,7e-05,20.0,89,193288,34,200,0.17,4777148.875389356
3R3X_n128,7e-05,20.0,90,193288,37,200,0.185,4351256.134794611
3R3X_n128,7e-05,20.0,91,193288,26,200,0.13,6391719.956142677
3R3X_n128,7e-05,20.0,92,193288,67,200,0.335,2181846.6519870767
3R3X_n128,7e-05,20.0,93,193288,33,200,0.165,4936261.040314377
3R3X_n128,7e-05,20.0,94,193288,0,200,0.0,inf
3R3X_n128,7e-05,20.0,95,193288,0,200,0.0,inf
3R3X_n128,7e-05,20.0,96,193288,0,200,0.0,inf
3R3X_n128,7e-05,20.0,97,193288,0,200,0.0,inf
3R3X_n128,7e-05,20.0,98,193288,52,200,0.26,2956190.89892988
3R3X_n128,7e-05,20.0,99,193288,42,200,0.21,3776155.2824170697
3R3X_n128,7e-05,20.0,100,193288,0,200,0.0,inf
3R3X_n128,8e-05,20.0,1,175194,29,200,0.145,5150198.296040791
3R3X_n128,8e-05,20.0,2,175194,23,200,0.115,6604025.627068555
3R3X_n128,8e-05,20.0,3,175194,40,200,0.2,3615601.619730164
3R3X_n128,8e-05,20.0,4,175194,56,200,0.28,2455976.2471150053
3R3X_n128,8e-05,20.0,5,175194,0,200,0.0,inf
3R3X_n128,8e-05,20.0,6,175194,0,200,0.0,inf
3R3X_n128,8e-05,20.0,7,175194,0,200,0.0,inf
3R3X_n128,8e-05,20.0,8,175194,0,200,0.0,inf
3R3X_n128,8e-05,20.0,9,175194,31,200,0.155,4790432.519080997
3R3X_n128,8e-05,20.0,10,175194,33,200,0.165,4474169.719262639
3R3X_n128,8e-05,20.0,11,175194,0,200,0.0,inf
3R3X_n128,8e-05,20.0,12,175194,27,200,0.135,5563136.6353589
3R3X_n128,8e-05,20.0,13,175194,0,200,0.0,inf
3R3X_n128,8e-05,20.0,14,175194,64,200,0.32,2091979.971360817
3R3X_n128,8e-05,20.0,15,175194,81,200,0.405,1553943.963598526
3R3X_n128,8e-05,20.0,16,175194,59,200,0.295,2308055.8722535577
3R3X_n128,8e-05,20.0,17,175194,26,200,0.13,5793380.789270209
3R3X_n128,8e-05,20.0,18,175194,0,200,0.0,inf
3R3X_n128,8e-05,20.0,19,175194,27,200,0.135,5563136.6353589
3R3X_n128,8e-05,20.0,20,175194,33,200,0.165,4474169.719262639
3R3X_n128,8e-05,20.0,21,175194,0,200,0.0,inf
3R3X_n128,8e-05,20.0,22,175194,23,200,0.115,6604025.627068555
3R3X_n128,8e-05,20.0,23,175194,0,200,0.0,inf
3R3X_n128,8e-05,20.0,24,175194,27,200,0.135,5563136.6353589
3R3X_n128,8e-05,20.0,25,175194,21,200,0.105,7272936.398081692
3R3X_n128,8e-05,20.0,26,175194,27,200,0.135,5563136.6353589
3R3X_n128,8e-05,20.0,27,175194,54,200,0.27,2563618.175715433
3R3X_n128,8e-05,20.0,28,175194,28,200,0.14,5349308.629371786
3R3X_n128,8e-05,20.0,29,175194,40,200,0.2,3615601.619730164
3R3X_n128,8e-05,20.0,30,175194,0,200,0.0,inf
3R3X_n128,8e-05,20.0,31,175194,51,200,0.255,2740752.382087022
3R3X_n128,8e-05,20.0,32,175194,26,200,0.13,5793380.789270209
3R3X_n128,8e-05,20.0,33,175194,35,200,0.175,4193950.449105104
3R3X_n128,8e-05,20.0,34,175194,0,200,0.0,inf
3R3X_n128,8e-05,20.0,35,175194,33,200,0.165,4474169.719262639
3R3X_n128,8e-05,20.0,36,175194,26,200,0.13,5793380.789270209
3R3X_n128,8e-05,20.0,37,175194,0,200,0.0,inf
3R3X_n128,8e-05,20.0,38,175194,25,200,0.125,6042011.318137272
3R3X_n128,8e-05,20.0,39,175194,34,200,0.17,4329952.299547632
3R3X_n128,8e-05,20.0,40,175194,45,200,0.225,3165251.9319005213
3R3X_n128,8e-05,20.0,41,175194,19,200,0.095,8082503.262316511
3R3X_n128,8e-05,20.0,42,175194,35,200,0.175,4193950.449105104
3R3X_n128,8e-05,20.0,43,175194,0,200,0.0,inf
3R3X_n128,8e-05,20.0,44,175194,0,200,0.0,inf
3R3X_n128,8e-05,20.0,45,175194,0,200,0.0,inf
3R3X_n128,8e-05,20.0,46,175194,0,200,0.0,inf
3R3X_n128,8e-05,20.0,47,175194,0,200,0.0,inf
3R3X_n128,8e-05,20.0,48,175194,72,200,0.36,1807800.8098650817
3R3X_n128,8e-05,20.0,49,175194,0,200,0.0,inf
3R3X_n128,8e-05,20.0,50,175194,0,200,0.0,inf
3R3X_n128,8e-05,20.0,51,175194,16,200,0.08,9675972.865356175
3R3X_n128,8e-05,20.0,52,175194,53,200,0.265,2620454.918780121
3R3X_n128,8e-05,20.0,53,175194,72,200,0.36,1807800.8098650817
3R3X_n128,8e-05,20.0,54,175194,12,200,0.06,13039077.51842519
3R3X_n128,8e-05,20.0,55,175194,0,200,0.0,inf
3R3X_n128,8e-05,20.0,56,175194,34,200,0.17,4329952.299547632
3R3X_n128,8e-05,20.0,57,175194,14,200,0.07,11117410.542024164
3R3X_n128,8e-05,20.0,58,175194,16,200,0.08,9675972.865356175
3R3X_n128,8e-05,20.0,59,175194,0,200,0.0,inf
3R3X_n128,8e-05,20.0,60,175194,0,200,0.0,inf
3R3X_n128,8e-05,20.0,61,175194,43,200,0.215,3332891.239125458
3R3X_n128,8e-05,20.0,62,175194,35,200,0.175,4193950.449105104
3R3X_n128,8e-05,20.0,63,175194,36,200,0.18,4065479.310665936
3R3X_n128,8e-05,20.0,64,175194,43,200,0.215,3332891.239125458
3R3X_n128,8e-05,20.0,65,175194,16,200,0.08,9675972.865356175
3R3X_n128,8e-05,20.0,66,175194,0,200,0.0,inf
3R3X_n128,8e-05,20.0,67,175194,0,200,0.0,inf
3R3X_n128,8e-05,20.0,68,175194,0,200,0.0,inf
3R3X_n128,8e-05,20.0,69,175194,32,200,0.16,4627373.168804898
3R3X_n128,8e-05,20.0,70,175194,9,200,0.045,17522353.904181033
3R3X_n128,8e-05,20.0,71,175194,25,199,0.1256281407035175,6009691.151602029
3R3X_n128,8e-05,20.0,72,175194,0,200,0.0,inf
3R3X_n128,8e-05,20.0,73,175194,29,200,0.145,5150198.296040791
3R3X_n128,8e-05,20.0,74,175194,48,200,0.24,2939831.870975416
3R3X_n128,8e-05,20.0,75,175194,0,200,0.0,inf
3R3X_n128,8e-05,20.0,76,175194,0,200,0.0,inf
3R3X_n128,8e-05,20.0,77,175194,42,200,0.21,3422663.323888581
3R3X_n128,8e-05,20.0,78,175194,0,200,0.0,inf
3R3X_n128,8e-05,20.0,79,175194,22,200,0.11,6923296.700349788
3R3X_n128,8e-05,20.0,80,175194,40,200,0.2,3615601.619730164
3R3X_n128,8e-05,20.0,81,175194,48,200,0.24,2939831.870975416
3R3X_n128,8e-05,20.0,82,175194,38,200,0.19,3828750.175180392
3R3X_n128,8e-05,20.0,83,175194,110,200,0.55,1010382.4789485371
3R3X_n128,8e-05,20.0,84,175194,17,200,0.085,9082372.646946186
3R3X_n128,8e-05,20.0,85,175194,0,200,0.0,inf
3R3X_n128,8e-05,20.0,86,175194,17,200,0.085,9082372.646946186
3R3X_n128,8e-05,20.0,87,175194,43,200,0.215,3332891.239125458
3R3X_n128,8e-05,20.0,88,175194,96,200,0.48,1233775.0890609934
3R3X_n128,8e-05,20.0,89,175194,41,200,0.205,3516791.14809286
3R3X_n128,8e-05,20.0,90,175194,42,200,0.21,3422663.323888581
3R3X_n128,8e-05,20.0,91,175194,28,200,0.14,5349308.629371786
3R3X_n128,8e-05,20.0,92,175194,64,200,0.32,2091979.971360817
3R3X_n128,8e-05,20.0,93,175194,33,200,0.165,4474169.719262639
3R3X_n128,8e-05,20.0,94,175194,0,200,0.0,inf
3R3X_n128,8e-05,20.0,95,175194,0,200,0.0,inf
3R3X_n128,8e-05,20.0,96,175194,0,200,0.0,inf
3R3X_n128,8e-05,20.0,97,175194,0,200,0.0,inf
3R3X_n128,8e-05,20.0,98,175194,57,200,0.285,2404959.0273442026
3R3X_n128,8e-05,20.0,99,175194,44,200,0.22,3247177.701361266
3R3X_n128,8e-05,20.0,100,175194,0,200,0.0,inf
3R3X_n128,9e-05,20.0,1,179211,25,200,0.125,6180547.794643074
3R3X_n128,9e-05,20.0,2,179211,22,200,0.11,7082040.052549665
3R3X_n128,9e-05,20.0,3,179211,34,200,0.17,4429233.201789049
3R3X_n128,9e-05,20.0,4,179211,61,200,0.305,2268275.522934775
3R3X_n128,9e-05,20.0,5,179211,0,200,0.0,inf
3R3X_n128,9e-05,20.0,6,179211,0,200,0.0,inf
3R3X_n128,9e-05,20.0,7,179211,0,200,0.0,inf
3R3X_n128,9e-05,20.0,8,179211,0,200,0.0,inf
3R3X_n128,9e-05,20.0,9,179211,23,200,0.115,6755448.455155901
3R3X_n128,9e-05,20.0,10,179211,37,200,0.185,4034357.865841009
3R3X_n128,9e-05,20.0,11,179211,0,200,0.0,inf
3R3X_n128,9e-05,20.0,12,179211,26,200,0.13,5926216.449341321
3R3X_n128,9e-05,20.0,13,179211,0,200,0.0,inf
3R3X_n128,9e-05,20.0,14,179211,58,200,0.29,2409694.9100225936
3R3X_n128,9e-05,20.0,15,179211,99,200,0.495,1207993.208041464
3R3X_n128,9e-05,20.0,16,179211,56,200,0.28,2512289.0008888845
3R3X_n128,9e-05,20.0,17,179211,26,200,0.13,5926216.449341321
3R3X_n128,9e-05,20.0,18,179211,0,200,0.0,inf
3R3X_n128,9e-05,20.0,19,179211,19,200,0.095,8267825.908096192
3R3X_n128,9e-05,20.0,20,179211,33,200,0.165,4576757.3636013605
3R3X_n128,9e-05,20.0,21,179211,0,200,0.0,inf
3R3X_n128,9e-05,20.0,22,179211,21,200,0.105,7439696.592558067
3R3X_n128,9e-05,20.0,23,179211,0,200,0.0,inf
3R3X_n128,9e-05,20.0,24,179211,21,200,0.105,7439696.592558067
3R3X_n128,9e-05,20.0,25,179211,22,200,0.11,7082040.052549665
3R3X_n128,9e-05,20.0,26,179211,38,200,0.19,3916539.080358079
3R3X_n128,9e-05,20.0,27,179211,42,200,0.21,3501141.117489164
3R3X_n128,9e-05,20.0,28,179211,27,200,0.135,5690693.057749146
3R3X_n128,9e-05,20.0,29,179211,43,200,0.215,3409310.6604958647
3R3X_n128,9e-05,20.0,30,179211,0,200,0.0,inf
3R3X_n128,9e-05,20.0,31,179211,63,200,0.315,2181384.2532078265
3R3X_n128,9e-05,20.0,32,179211,23,200,0.115,6755448.455155901
3R3X_n128,9e-05,20.0,33,179211,32,200,0.16,4733473.594727528
3R3X_n128,9e-05,20.0,34,179211,0,200,0.0,inf
3R3X_n128,9e-05,20.0,35,179211,32,200,0.16,4733473.594727528
3R3X_n128,9e-05,20.0,36,179211,18,200,0.09,8750834.569618115
3R3X_n128,9e-05,20.0,37,179211,0,200,0.0,inf
3R3X_n128,9e-05,20.0,38,179211,35,200,0.175,4290112.982947903
3R3X_n128,9e-05,20.0,39,179211,41,200,0.205,3597427.186095811
3R3X_n128,9e-05,20.0,40,179211,51,200,0.255,2803594.7301060385
3R3X_n128,9e-05,20.0,41,179211,19,200,0.095,8267825.908096192
3R3X_n128,9e-05,20.0,42,179211,33,200,0.165,4576757.3636013605
3R3X_n128,9e-05,20.0,43,179211,0,200,0.0,inf
3R3X_n128,9e-05,20.0,44,179211,0,200,0.0,inf
3R3X_n128,9e-05,20.0,45,179211,0,200,0.0,inf
3R3X_n128,9e-05,20.0,46,179211,0,200,0.0,inf
3R3X_n128,9e-05,20.0,47,179211,0,200,0.0,inf
3R3X_n128,9e-05,20.0,48,179211,86,200,0.43,1468189.608191917
3R3X_n128,9e-05,20.0,49,179211,0,200,0.0,inf
3R3X_n128,9e-05,20.0,50,179211,0,200,0.0,inf
3R3X_n128,9e-05,20.0,51,179211,18,200,0.09,8750834.569618115
3R3X_n128,9e-05,20.0,52,179211,48,200,0.24,3007238.886202583
3R3X_n128,9e-05,20.0,53,179211,66,200,0.33,2060782.4833078568
3R3X_n128,9e-05,20.0,54,179211,13,200,0.065,12279608.80042295
3R3X_n128,9e-05,20.0,55,179211,0,200,0.0,inf
3R3X_n128,9e-05,20.0,56,179211,38,200,0.19,3916539.080358079
3R3X_n128,9e-05,20.0,57,179211,14,200,0.07,11372320.174473396
3R3X_n128,9e-05,20.0,58,179211,16,200,0.08,9897831.964412857
3R3X_n128,9e-05,20.0,59,179211,0,200,0.0,inf
3R3X_n128,9e-05,20.0,60,179211,0,200,0.0,inf
3R3X_n128,9e-05,20.0,61,179211,54,200,0.27,2622399.0369997746
3R3X_n128,9e-05,20.0,62,179211,46,200,0.23,3157645.051865907
3R3X_n128,9e-05,20.0,63,179211,42,200,0.21,3501141.117489164
3R3X_n128,9e-05,20.0,64,179211,52,200,0.26,2740894.0399203403
3R3X_n128,9e-05,20.0,65,179211,20,200,0.1,7833078.160716157
3R3X_n128,9e-05,20.0,66,179211,0,200,0.0,inf
3R3X_n128,9e-05,20.0,67,179211,0,200,0.0,inf
3R3X_n128,9e-05,20.0,68,179211,0,200,0.0,inf
3R3X_n128,9e-05,20.0,69,179211,38,200,0.19,3916539.080358079
3R3X_n128,9e-05,20.0,70,179211,14,200,0.07,11372320.174473396
3R3X_n128,9e-05,20.0,71,179211,19,200,0.095,8267825.908096192
3R3X_n128,9e-05,20.0,72,179211,0,200,0.0,inf
3R3X_n128,9e-05,20.0,73,179211,23,200,0.115,6755448.455155901
3R3X_n128,9e-05,20.0,74,179211,52,200,0.26,2740894.0399203403
3R3X_n128,9e-05,20.0,75,179211,0,200,0.0,inf
3R3X_n128,9e-05,20.0,76,179211,0,200,0.0,inf
3R3X_n128,9e-05,20.0,77,179211,46,200,0.23,3157645.051865907
3R3X_n128,9e-05,20.0,78,179211,0,200,0.0,inf
3R3X_n128,9e-05,20.0,79,179211,14,200,0.07,11372320.174473396
3R3X_n128,9e-05,20.0,80,179211,33,200,0.165,4576757.3636013605
3R3X_n128,9e-05,20.0,81,179211,39,200,0.195,3804738.0666540186
3R3X_n128,9e-05,20.0,82,179211,58,200,0.29,2409694.9100225936
3R3X_n128,9e-05,20.0,83,179211,117,200,0.585,938395.6380754804
3R3X_n128,9e-05,20.0,84,179211,19,200,0.095,8267825.908096192
3R3X_n128,9e-05,20.0,85,179211,0,200,0.0,inf
3R3X_n128,9e-05,20.0,86,179211,29,200,0.145,5268286.5099933
3R3X_n128,9e-05,20.0,87,179211,37,200,0.185,4034357.865841009
3R3X_n128,9e-05,20.0,88,179211,88,200,0.44,1423371.55671635
3R3X_n128,9e-05,20.0,89,179211,41,200,0.205,3597427.186095811
3R3X_n128,9e-05,20.0,90,179211,27,200,0.135,5690693.057749146
3R3X_n128,9e-05,20.0,91,179211,22,200,0.11,7082040.052549665
3R3X_n128,9e-05,20.0,92,179211,59,200,0.295,2360976.9793624915
3R3X_n128,9e-05,20.0,93,179211,35,200,0.175,4290112.982947903
3R3X_n128,9e-05,20.0,94,179211,0,200,0.0,inf
3R3X_n128,9e-05,20.0,95,179211,0,200,0.0,inf
3R3X_n128,9e-05,20.0,96,179211,0,200,0.0,inf
3R3X_n128,9e-05,20.0,97,179211,0,200,0.0,inf
3R3X_n128,9e-05,20.0,98,179211,64,200,0.32,2139946.7027840186
3R3X_n128,9e-05,20.0,99,179211,31,200,0.155,4900271.711228835
3R3X_n128,9e-05,20.0,100,179211,0,200,0.0,inf
3R3X_n128,0.0001,20.0,1,122301,21,200,0.105,5077156.720103365
3R3X_n128,0.0001,20.0,2,122301,16,200,0.08,6754689.985992247
3R3X_n128,0.0001,20.0,3,122301,23,200,0.115,4610197.485165653
3R3X_n128,0.0001,20.0,4,122301,41,200,0.205,2455033.130146608
3R3X_n128,0.0001,20.0,5,122301,0,200,0.0,inf
3R3X_n128,0.0001,20.0,6,122301,0,200,0.0,inf
3R3X_n128,0.0001,20.0,7,122301,0,200,0.0,inf
3R3X_n128,0.0001,20.0,8,122301,0,200,0.0,inf
3R3X_n128,0.0001,20.0,9,122301,20,200,0.1,5345616.575621735
3R3X_n128,0.0001,20.0,10,122301,26,200,0.13,4044295.2607311658
3R3X_n128,0.0001,20.0,11,122301,0,200,0.0,inf
3R3X_n128,0.0001,20.0,12,122301,24,200,0.12,4405867.671830731
3R3X_n128,0.0001,20.0,13,122301,0,200,0.0,inf
3R3X_n128,0.0001,20.0,14,122301,48,200,0.24,2052264.2193920133
3R3X_n128,0.0001,20.0,15,122301,61,200,0.305,1547965.0508643214
3R3X_n128,0.0001,20.0,16,122301,41,200,0.205,2455033.130146608
3R3X_n128,0.0001,20.0,17,122301,17,200,0.085,6340304.217576889
3R3X_n128,0.0001,20.0,18,122301,0,200,0.0,inf
3R3X_n128,0.0001,20.0,19,122301,18,200,0.09,5971931.514800236
3R3X_n128,0.0001,20.0,20,122301,26,200,0.13,4044295.2607311658
3R3X_n128,0.0001,20.0,21,122301,0,200,0.0,inf
3R3X_n128,0.0001,20.0,22,122301,12,200,0.06,9102436.268256444
3R3X_n128,0.0001,20.0,23,122301,0,200,0.0,inf
3R3X_n128,0.0001,20.0,24,122301,22,200,0.11,4833077.101667177
3R3X_n128,0.0001,20.0,25,122301,20,200,0.1,5345616.575621735
3R3X_n128,0.0001,20.0,26,122301,22,200,0.11,4833077.101667177
3R3X_n128,0.0001,20.0,27,122301,26,200,0.13,4044295.2607311658
3R3X_n128,0.0001,20.0,28,122301,19,200,0.095,5642306.423077113
3R3X_n128,0.0001,20.0,29,122301,29,200,0.145,3595296.652876724
3R3X_n128,0.0001,20.0,30,122301,0,200,0.0,inf
3R3X_n128,0.0001,20.0,31,122301,44,200,0.22,2266818.955296324
3R3X_n128,0.0001,20.0,32,122301,19,200,0.095,5642306.423077113
3R3X_n128,0.0001,20.0,33,122301,23,200,0.115,4610197.485165653
3R3X_n128,0.0001,20.0,34,122301,0,200,0.0,inf
3R3X_n128,0.0001,20.0,35,122301,33,200,0.165,3123368.5562036373
3R3X_n128,0.0001,20.0,36,122301,19,200,0.095,5642306.423077113
3R3X_n128,0.0001,20.0,37,122301,0,200,0.0,inf
3R3X_n128,0.0001,20.0,38,122301,21,200,0.105,5077156.720103365
3R3X_n128,0.0001,20.0,39,122301,16,200,0.08,6754689.985992247
3R3X_n128,0.0001,20.0,40,122301,24,200,0.12,4405867.671830731
3R3X_n128,0.0001,20.0,41,122301,14,200,0.07,7760941.737160503
3R3X_n128,0.0001,20.0,42,122301,23,200,0.115,4610197.485165653
3R3X_n128,0.0001,20.0,43,122301,0,200,0.0,inf
3R3X_n128,0.0001,20.0,44,122301,0,200,0.0,inf
3R3X_n128,0.0001,20.0,45,122301,0,200,0.0,inf
3R3X_n128,0.0001,20.0,46,122301,0,200,0.0,inf
3R3X_n128,0.0001,20.0,47,122301,0,200,0.0,inf
3R3X_n128,0.0001,20.0,48,122301,62,200,0.31,1517844.3678601552
3R3X_n128,0.0001,20.0,49,122301,0,200,0.0,inf
3R3X_n128,0.0001,20.0,50,122301,0,200,0.0,inf
3R3X_n128,0.0001,20.0,51,122301,19,200,0.095,5642306.423077113
3R3X_n128,0.0001,20.0,52,122301,39,200,0.195,2596510.6510752863
3R3X_n128,0.0001,20.0,53,122301,59,200,0.295,1611228.3596041095
3R3X_n128,0.0001,20.0,54,122301,11,200,0.055,9956044.183888018
3R3X_n128,0.0001,20.0,55,122301,0,200,0.0,inf
3R3X_n128,0.0001,20.0,56,122301,30,200,0.15,3465546.571448716
3R3X_n128,0.0001,20.0,57,122301,8,200,0.04,13796898.596835366
3R3X_n128,0.0001,20.0,58,122301,19,200,0.095,5642306.423077113
3R3X_n128,0.0001,20.0,59,122301,0,200,0.0,inf
3R3X_n128,0.0001,20.0,60,122301,0,200,0.0,inf
3R3X_n128,0.0001,20.0,61,122301,30,200,0.15,3465546.571448716
3R3X_n128,0.0001,20.0,62,122301,29,200,0.145,3595296.652876724
3R3X_n128,0.0001,20.0,63,122301,30,200,0.15,3465546.571448716
3R3X_n128,0.0001,20.0,64,122301,34,200,0.17,3022691.965403924
3R3X_n128,0.0001,20.0,65,122301,17,200,0.085,6340304.217576889
3R3X_n128,0.0001,20.0,66,122301,0,200,0.0,inf
3R3X_n128,0.0001,20.0,67,122301,0,200,0.0,inf
3R3X_n128,0.0001,20.0,68,122301,0,200,0.0,inf
3R3X_n128,0.0001,20.0,69,122301,33,200,0.165,3123368.5562036373
3R3X_n128,0.0001,20.0,70,122301,17,200,0.085,6340304.217576889
3R3X_n128,0.0001,20.0,71,122301,17,200,0.085,6340304.217576889
3R3X_n128,0.0001,20.0,72,122301,0,200,0.0,inf
3R3X_n128,0.0001,20.0,73,122301,28,200,0.14,3734293.381513058
3R3X_n128,0.0001,20.0,74,122301,38,200,0.19,2672808.287810868
3R3X_n128,0.0001,20.0,75,122301,0,200,0.0,inf
3R3X_n128,0.0001,20.0,76,122301,0,200,0.0,inf
3R3X_n128,0.0001,20.0,77,122301,36,200,0.18,2838066.287508446
3R3X_n128,0.0001,20.0,78,122301,0,200,0.0,inf
3R3X_n128,0.0001,20.0,79,122301,12,200,0.06,9102436.268256444
3R3X_n128,0.0001,20.0,80,122301,30,200,0.15,3465546.571448716
3R3X_n128,0.0001,20.0,81,122301,38,200,0.19,2672808.287810868
3R3X_n128,0.0001,20.0,82,122301,39,200,0.195,2596510.6510752863
3R3X_n128,0.0001,20.0,83,122301,74,200,0.37,1218990.6796511265
3R3X_n128,0.0001,20.0,84,122301,10,200,0.05,10980322.586829755
3R3X_n128,0.0001,20.0,85,122301,0,200,0.0,inf
3R3X_n128,0.0001,20.0,86,122301,21,200,0.105,5077156.720103365
3R3X_n128,0.0001,20.0,87,122301,31,200,0.155,3344148.130164989
3R3X_n128,0.0001,20.0,88,122301,59,200,0.295,1611228.3596041095
3R3X_n128,0.0001,20.0,89,122301,31,200,0.155,3344148.130164989
3R3X_n128,0.0001,20.0,90,122301,34,200,0.17,3022691.965403924
3R3X_n128,0.0001,20.0,91,122301,18,200,0.09,5971931.514800236
3R3X_n128,0.0001,20.0,92,122301,48,200,0.24,2052264.2193920133
3R3X_n128,0.0001,20.0,93,122301,24,200,0.12,4405867.671830731
3R3X_n128,0.0001,20.0,94,122301,0,200,0.0,inf
3R3X_n128,0.0001,20.0,95,122301,0,200,0.0,inf
3R3X_n128,0.0001,20.0,96,122301,0,200,0.0,inf
3R3X_n128,0.0001,20.0,97,122301,0,200,0.0,inf
3R3X_n128,0.0001,20.0,98,122301,52,200,0.26,1870499.478136373
3R3X_n128,0.0001,20.0,99,122301,23,200,0.115,4610197.485165653
3R3X_n128,0.0001,20.0,100,122301,0,200,0.0,inf
3R3X_n128,0.0002,20.0,1,70731,9,200,0.045,7074292.57849372
3R3X_n128,0.0002,20.0,2,70731,5,200,0.025,12865580.330937153
3R3X_n128,0.0002,20.0,3,70731,16,200,0.08,3906476.458894184
3R3X_n128,0.0002,20.0,4,70731,20,200,0.1,3091559.3986173538
3R3X_n128,0.0002,20.0,5,70731,0,200,0.0,inf
3R3X_n128,0.0002,20.0,6,70731,0,200,0.0,inf
3R3X_n128,0.0002,20.0,7,70731,0,200,0.0,inf
3R3X_n128,0.0002,20.0,8,70731,0,200,0.0,inf
3R3X_n128,0.0002,20.0,9,70731,10,200,0.05,6350309.456905957
3R3X_n128,0.0002,20.0,10,70731,13,200,0.065,4846516.17402233
3R3X_n128,0.0002,20.0,11,70731,0,200,0.0,inf
3R3X_n128,0.0002,20.0,12,70731,10,200,0.05,6350309.456905957
3R3X_n128,0.0002,20.0,13,70731,0,200,0.0,inf
3R3X_n128,0.0002,20.0,14,70731,32,200,0.16,1868207.424927448
3R3X_n128,0.0002,20.0,15,70731,38,200,0.19,1545779.6993086769
3R3X_n128,0.0002,20.0,16,70731,33,200,0.165,1806354.6606228848
3R3X_n128,0.0002,20.0,17,70731,10,200,0.05,6350309.456905957
3R3X_n128,0.0002,20.0,18,70731,0,200,0.0,inf
3R3X_n128,0.0002,20.0,19,70731,14,200,0.07,4488427.486374597
3R3X_n128,0.0002,20.0,20,70731,19,200,0.095,3263145.645666571
3R3X_n128,0.0002,20.0,21,70731,0,200,0.0,inf
3R3X_n128,0.0002,20.0,22,70731,14,200,0.07,4488427.486374597
3R3X_n128,0.0002,20.0,23,70731,0,200,0.0,inf
3R3X_n128,0.0002,20.0,24,70731,15,200,0.075,4178063.7771467054
3R3X_n128,0.0002,20.0,25,70731,11,200,0.055,5757932.978230624
3R3X_n128,0.0002,20.0,26,70731,15,200,0.075,4178063.7771467054
3R3X_n128,0.0002,20.0,27,70731,16,200,0.08,3906476.458894184
3R3X_n128,0.0002,20.0,28,70731,13,200,0.065,4846516.17402233
3R3X_n128,0.0002,20.0,29,70731,23,200,0.115,2666240.4912735936
3R3X_n128,0.0002,20.0,30,70731,0,200,0.0,inf
3R3X_n128,0.0002,20.0,31,70731,34,200,0.17,1748129.822364371
3R3X_n128,0.0002,20.0,32,70731,8,200,0.04,7979235.1219758
3R3X_n128,0.0002,20.0,33,70731,16,200,0.08,3906476.458894184
3R3X_n128,0.0002,20.0,34,70731,0,200,0.0,inf
3R3X_n128,0.0002,20.0,35,70731,18,200,0.09,3453779.510987936
3R3X_n128,0.0002,20.0,36,70731,11,200,0.055,5757932.978230624
3R3X_n128,0.0002,20.0,37,70731,0,200,0.0,inf
3R3X_n128,0.0002,20.0,38,70731,14,200,0.07,4488427.486374597
3R3X_n128,0.0002,20.0,39,70731,14,200,0.07,4488427.486374597
3R3X_n128,0.0002,20.0,40,70731,22,200,0.11,2795139.667525377
3R3X_n128,0.0002,20.0,41,70731,6,200,0.03,10693918.828605404
3R3X_n128,0.0002,20.0,42,70731,18,200,0.09,3453779.510987936
3R3X_n128,0.0002,20.0,43,70731,0,200,0.0,inf
3R3X_n128,0.0002,20.0,44,70731,0,200,0.0,inf
3R3X_n128,0.0002,20.0,45,70731,0,200,0.0,inf
3R3X_n128,0.0002,20.0,46,70731,0,200,0.0,inf
3R3X_n128,0.0002,20.0,47,70731,0,200,0.0,inf
3R3X_n128,0.0002,20.0,48,70731,45,200,0.225,1277905.8323644404
3R3X_n128,0.0002,20.0,49,70731,0,200,0.0,inf
3R3X_n128,0.0002,20.0,50,70731,0,200,0.0,inf
3R3X_n128,0.0002,20.0,51,70731,8,200,0.04,7979235.1219758
3R3X_n128,0.0002,20.0,52,70731,23,200,0.115,2666240.4912735936
3R3X_n128,0.0002,20.0,53,70731,41,200,0.205,1419832.6123940095
3R3X_n128,0.0002,20.0,54,70731,5,200,0.025,12865580.330937153
3R3X_n128,0.0002,20.0,55,70731,0,200,0.0,inf
3R3X_n128,0.0002,20.0,56,70731,17,200,0.085,3666822.492158126
3R3X_n128,0.0002,20.0,57,70731,1,200,0.005,64982658.27831169
3R3X_n128,0.0002,20.0,58,70731,9,200,0.045,7074292.57849372
3R3X_n128,0.0002,20.0,59,70731,0,200,0.0,inf
3R3X_n128,0.0002,20.0,60,70731,0,200,0.0,inf
3R3X_n128,0.0002,20.0,61,70731,19,200,0.095,3263145.645666571
3R3X_n128,0.0002,20.0,62,70731,21,200,0.105,2936299.55576513
3R3X_n128,0.0002,20.0,63,70731,21,200,0.105,2936299.55576513
3R3X_n128,0.0002,20.0,64,70731,22,200,0.11,2795139.667525377
3R3X_n128,0.0002,20.0,65,70731,9,200,0.045,7074292.57849372
3R3X_n128,0.0002,20.0,66,70731,0,200,0.0,inf
3R3X_n128,0.0002,20.0,67,70731,0,200,0.0,inf
3R3X_n128,0.0002,20.0,68,70731,0,200,0.0,inf
3R3X_n128,0.0002,20.0,69,70731,16,200,0.08,3906476.458894184
3R3X_n128,0.0002,20.0,70,70731,4,200,0.02,16123002.0959942
3R3X_n128,0.0002,20.0,71,70731,12,200,0.06,5264261.287234336
3R3X_n128,0.0002,20.0,72,70731,0,200,0.0,inf
3R3X_n128,0.0002,20.0,73,70731,15,200,0.075,4178063.7771467054
3R3X_n128,0.0002,20.0,74,70731,21,200,0.105,2936299.55576513
3R3X_n128,0.0002,20.0,75,70731,0,200,0.0,inf
3R3X_n128,0.0002,20.0,76,70731,0,200,0.0,inf
3R3X_n128,0.0002,20.0,77,70731,17,200,0.085,3666822.492158126
3R3X_n128,0.0002,20.0,78,70731,0,200,0.0,inf
3R3X_n128,0.0002,20.0,79,70731,7,200,0.035,9142691.449984686
3R3X_n128,0.0002,20.0,80,70731,10,200,0.05,6350309.456905957
3R3X_n128,0.0002,20.0,81,70731,14,200,0.07,4488427.486374597
3R3X_n128,0.0002,20.0,82,70731,18,200,0.09,3453779.510987936
3R3X_n128,0.0002,20.0,83,70731,46,200,0.23,1246259.3934720943
3R3X_n128,0.0002,20.0,84,70731,9,200,0.045,7074292.57849372
3R3X_n128,0.0002,20.0,85,70731,0,200,0.0,inf
3R3X_n128,0.0002,20.0,86,70731,9,200,0.045,7074292.57849372
3R3X_n128,0.0002,20.0,87,70731,17,200,0.085,3666822.492158126
3R3X_n128,0.0002,20.0,88,70731,49,200,0.245,1159020.6216744503
3R3X_n128,0.0002,20.0,89,70731,20,200,0.1,3091559.3986173538
3R3X_n128,0.0002,20.0,90,70731,11,200,0.055,5757932.978230624
3R3X_n128,0.0002,20.0,91,70731,7,200,0.035,9142691.449984686
3R3X_n128,0.0002,20.0,92,70731,22,200,0.11,2795139.667525377
3R3X_n128,0.0002,20.0,93,70731,18,200,0.09,3453779.510987936
3R3X_n128,0.0002,20.0,94,70731,0,200,0.0,inf
3R3X_n128,0.0002,20.0,95,70731,0,200,0.0,inf
3R3X_n128,0.0002,20.0,96,70731,0,200,0.0,inf
3R3X_n128,0.0002,20.0,97,70731,0,200,0.0,inf
3R3X_n128,0.0002,20.0,98,70731,26,200,0.13,2338959.1915583364
3R3X_n128,0.0002,20.0,99,70731,11,200,0.055,5757932.978230624
3R3X_n128,0.0002,20.0,100,70731,0,200,0.0,inf
3R3X_n128,0.0003,20.0,1,46404,7,200,0.035,5998182.607980792
3R3X_n128,0.0003,20.0,2,46404,6,200,0.03,7015885.669969393
3R3X_n128,0.0003,20.0,3,46404,11,200,0.055,3777567.430430983
3R3X_n128,0.0003,20.0,4,46404,14,200,0.07,2944691.706291821
3R3X_n128,0.0003,20.0,5,46404,0,200,0.0,inf
3R3X_n128,0.0003,20.0,6,46404,0,200,0.0,inf
3R3X_n128,0.0003,20.0,7,46404,0,200,0.0,inf
3R3X_n128,0.0003,20.0,8,46404,0,200,0.0,inf
3R3X_n128,0.0003,20.0,9,46404,4,200,0.02,10577706.935608355
3R3X_n128,0.0003,20.0,10,46404,8,200,0.04,5234881.8283378575
3R3X_n128,0.0003,20.0,11,46404,0,200,0.0,inf
3R3X_n128,0.0003,20.0,12,46404,8,200,0.04,5234881.8283378575
3R3X_n128,0.0003,20.0,13,46404,0,200,0.0,inf
3R3X_n128,0.0003,20.0,14,46404,20,200,0.1,2028258.0810880607
3R3X_n128,0.0003,20.0,15,46404,22,200,0.11,1833788.0297443497
3R3X_n128,0.0003,20.0,16,46404,16,200,0.08,2562895.1039646794
3R3X_n128,0.0003,20.0,17,46404,3,200,0.015,14139436.183161393
3R3X_n128,0.0003,20.0,18,46404,0,200,0.0,inf
3R3X_n128,0.0003,20.0,19,46404,9,200,0.045,4641182.406758318
3R3X_n128,0.0003,20.0,20,46404,23,200,0.115,1749222.0349925752
3R3X_n128,0.0003,20.0,21,46404,0,200,0.0,inf
3R3X_n128,0.0003,20.0,22,46404,5,200,0.025,8440632.674171261
3R3X_n128,0.0003,20.0,23,46404,0,200,0.0,inf
3R3X_n128,0.0003,20.0,24,46404,8,200,0.04,5234881.8283378575
3R3X_n128,0.0003,20.0,25,46404,6,200,0.03,7015885.669969393
3R3X_n128,0.0003,20.0,26,46404,13,200,0.065,3179620.485209204
3R3X_n128,0.0003,20.0,27,46404,13,200,0.065,3179620.485209204
3R3X_n128,0.0003,20.0,28,46404,10,200,0.05,4166203.786716772
3R3X_n128,0.0003,20.0,29,46404,16,200,0.08,2562895.1039646794
3R3X_n128,0.0003,20.0,30,46404,0,200,0.0,inf
3R3X_n128,0.0003,20.0,31,46404,19,200,0.095,2140829.48836453
3R3X_n128,0.0003,20.0,32,46404,7,200,0.035,5998182.607980792
3R3X_n128,0.0003,20.0,33,46404,10,200,0.05,4166203.786716772
3R3X_n128,0.0003,20.0,34,46404,0,200,0.0,inf
3R3X_n128,0.0003,20.0,35,46404,16,200,0.08,2562895.1039646794
3R3X_n128,0.0003,20.0,36,46404,5,200,0.025,8440632.674171261
3R3X_n128,0.0003,20.0,37,46404,0,197,0.0,inf
3R3X_n128,0.0003,20.0,38,46404,8,200,0.04,5234881.8283378575
3R3X_n128,0.0003,20.0,39,46404,7,200,0.035,5998182.607980792
3R3X_n128,0.0003,20.0,40,46404,14,200,0.07,2944691.706291821
3R3X_n128,0.0003,20.0,41,46404,4,200,0.02,10577706.935608355
3R3X_n128,0.0003,20.0,42,46404,11,200,0.055,3777567.430430983
3R3X_n128,0.0003,20.0,43,46404,0,200,0.0,inf
3R3X_n128,0.0003,20.0,44,46404,0,200,0.0,inf
3R3X_n128,0.0003,20.0,45,46404,0,200,0.0,inf
3R3X_n128,0.0003,20.0,46,46404,0,200,0.0,inf
3R3X_n128,0.0003,20.0,47,46404,0,200,0.0,inf
3R3X_n128,0.0003,20.0,48,46404,18,200,0.09,2265897.335367578
3R3X_n128,0.0003,20.0,49,46404,0,200,0.0,inf
3R3X_n128,0.0003,20.0,50,46404,0,200,0.0,inf
3R3X_n128,0.0003,20.0,51,46404,6,200,0.03,7015885.669969393
3R3X_n128,0.0003,20.0,52,46404,11,200,0.055,3777567.430430983
3R3X_n128,0.0003,20.0,53,46404,20,200,0.1,2028258.0810880607
3R3X_n128,0.0003,20.0,54,46404,7,200,0.035,5998182.607980792
3R3X_n128,0.0003,20.0,55,46404,0,200,0.0,inf
3R3X_n128,0.0003,20.0,56,46404,11,200,0.055,3777567.430430983
3R3X_n128,0.0003,20.0,57,46404,1,200,0.005,42632725.03918756
3R3X_n128,0.0003,20.0,58,46404,4,200,0.02,10577706.935608355
3R3X_n128,0.0003,20.0,59,46404,0,200,0.0,inf
3R3X_n128,0.0003,20.0,60,46404,0,200,0.0,inf
3R3X_n128,0.0003,20.0,61,46404,12,200,0.06,3453687.6443542736
3R3X_n128,0.0003,20.0,62,46404,12,200,0.06,3453687.6443542736
3R3X_n128,0.0003,20.0,63,46404,14,200,0.07,2944691.706291821
3R3X_n128,0.0003,20.0,64,46404,15,200,0.075,2741073.5252536475
3R3X_n128,0.0003,20.0,65,46404,7,200,0.035,5998182.607980792
3R3X_n128,0.0003,20.0,66,46404,0,200,0.0,inf
3R3X_n128,0.0003,20.0,67,46404,0,200,0.0,inf
3R3X_n128,0.0003,20.0,68,46404,0,200,0.0,inf
3R3X_n128,0.0003,20.0,69,46404,10,200,0.05,4166203.786716772
3R3X_n128,0.0003,20.0,70,46404,7,200,0.035,5998182.607980792
3R3X_n128,0.0003,20.0,71,46404,4,200,0.02,10577706.935608355
3R3X_n128,0.0003,20.0,72,46404,0,200,0.0,inf
3R3X_n128,0.0003,20.0,73,46404,4,200,0.02,10577706.935608355
3R3X_n128,0.0003,20.0,74,46404,17,200,0.085,2405666.9766595364
3R3X_n128,0.0003,20.0,75,46404,0,200,0.0,inf
3R3X_n128,0.0003,20.0,76,46404,0,200,0.0,inf
3R3X_n128,0.0003,20.0,77,46404,13,200,0.065,3179620.485209204
3R3X_n128,0.0003,20.0,78,46404,0,200,0.0,inf
3R3X_n128,0.0003,20.0,79,46404,3,200,0.015,14139436.183161393
3R3X_n128,0.0003,20.0,80,46404,10,200,0.05,4166203.786716772
3R3X_n128,0.0003,20.0,81,46404,10,200,0.05,4166203.786716772
3R3X_n128,0.0003,20.0,82,46404,9,200,0.045,4641182.406758318
3R3X_n128,0.0003,20.0,83,46404,30,200,0.15,1314913.39483329
3R3X_n128,0.0003,20.0,84,46404,8,200,0.04,5234881.8283378575
3R3X_n128,0.0003,20.0,85,46404,0,200,0.0,inf
3R3X_n128,0.0003,20.0,86,46404,8,200,0.04,5234881.8283378575
3R3X_n128,0.0003,20.0,87,46404,11,200,0.055,3777567.430430983
3R3X_n128,0.0003,20.0,88,46404,29,200,0.145,1364143.7590869372
3R3X_n128,0.0003,20.0,89,46404,11,200,0.055,3777567.430430983
3R3X_n128,0.0003,20.0,90,46404,12,200,0.06,3453687.6443542736
3R3X_n128,0.0003,20.0,91,46404,5,200,0.025,8440632.674171261
3R3X_n128,0.0003,20.0,92,46404,17,200,0.085,2405666.9766595364
3R3X_n128,0.0003,20.0,93,46404,8,200,0.04,5234881.8283378575
3R3X_n128,0.0003,20.0,94,46404,0,200,0.0,inf
3R3X_n128,0.0003,20.0,95,46404,0,200,0.0,inf
3R3X_n128,0.0003,20.0,96,46404,0,200,0.0,inf
3R3X_n128,0.0003,20.0,97,46404,0,200,0.0,inf
3R3X_n128,0.0003,20.0,98,46404,11,200,0.055,3777567.430430983
3R3X_n128,0.0003,20.0,99,46404,12,200,0.06,3453687.6443542736
3R3X_n128,0.0003,20.0,100,46404,0,200,0.0,inf
3R3X_n128,0.0004,20.0,1,39696,6,200,0.03,6001693.766811159
3R3X_n128,0.0004,20.0,2,39696,4,200,0.02,9048630.603308106
3R3X_n128,0.0004,20.0,3,39696,6,200,0.03,6001693.766811159
3R3X_n128,0.0004,20.0,4,39696,13,200,0.065,2719985.6646165103
3R3X_n128,0.0004,20.0,5,39696,0,200,0.0,inf
3R3X_n128,0.0004,20.0,6,39696,0,200,0.0,inf
3R3X_n128,0.0004,20.0,7,39696,0,200,0.0,inf
3R3X_n128,0.0004,20.0,8,39696,0,200,0.0,inf
3R3X_n128,0.0004,20.0,9,39696,8,200,0.04,4478145.613690621
3R3X_n128,0.0004,20.0,10,39696,9,200,0.045,3970269.304772825
3R3X_n128,0.0004,20.0,11,39696,0,200,0.0,inf
3R3X_n128,0.0004,20.0,12,39696,6,200,0.03,6001693.766811159
3R3X_n128,0.0004,20.0,13,39696,0,200,0.0,inf
3R3X_n128,0.0004,20.0,14,39696,14,200,0.07,2519017.3686096054
3R3X_n128,0.0004,20.0,15,39696,20,200,0.1,1735060.1841839429
3R3X_n128,0.0004,20.0,16,39696,15,200,0.075,2344833.5199221787
3R3X_n128,0.0004,20.0,17,39696,9,200,0.045,3970269.304772825
3R3X_n128,0.0004,20.0,18,39696,0,200,0.0,inf
3R3X_n128,0.0004,20.0,19,39696,2,200,0.01,18189127.046863303
3R3X_n128,0.0004,20.0,20,39696,6,200,0.03,6001693.766811159
3R3X_n128,0.0004,20.0,21,39696,0,200,0.0,inf
3R3X_n128,0.0004,20.0,22,39696,6,200,0.03,6001693.766811159
3R3X_n128,0.0004,20.0,23,39696,0,200,0.0,inf
3R3X_n128,0.0004,20.0,24,39696,9,200,0.045,3970269.304772825
3R3X_n128,0.0004,20.0,25,39696,6,200,0.03,6001693.766811159
3R3X_n128,0.0004,20.0,26,39696,6,200,0.03,6001693.766811159
3R3X_n128,0.0004,20.0,27,39696,16,200,0.08,2192411.948258381
3R3X_n128,0.0004,20.0,28,39696,10,200,0.05,3563951.9334003315
3R3X_n128,0.0004,20.0,29,39696,16,200,0.08,2192411.948258381
3R3X_n128,0.0004,20.0,30,39696,0,200,0.0,inf
3R3X_n128,0.0004,20.0,31,39696,13,200,0.065,2719985.6646165103
3R3X_n128,0.0004,20.0,32,39696,5,200,0.025,7220484.32535778
3R3X_n128,0.0004,20.0,33,39696,10,200,0.05,3563951.9334003315
3R3X_n128,0.0004,20.0,34,39696,0,200,0.0,inf
3R3X_n128,0.0004,20.0,35,39696,6,200,0.03,6001693.766811159
3R3X_n128,0.0004,20.0,36,39696,6,200,0.03,6001693.766811159
3R3X_n128,0.0004,20.0,37,39696,0,200,0.0,inf
3R3X_n128,0.0004,20.0,38,39696,8,200,0.04,4478145.613690621
3R3X_n128,0.0004,20.0,39,39696,11,200,0.055,3231495.4900092296
3R3X_n128,0.0004,20.0,40,39696,10,200,0.05,3563951.9334003315
3R3X_n128,0.0004,20.0,41,39696,3,200,0.015,12095488.723531906
3R3X_n128,0.0004,20.0,42,39696,9,200,0.045,3970269.304772825
3R3X_n128,0.0004,20.0,43,39696,0,200,0.0,inf
3R3X_n128,0.0004,20.0,44,39696,0,200,0.0,inf
3R3X_n128,0.0004,20.0,45,39696,0,200,0.0,inf
3R3X_n128,0.0004,20.0,46,39696,0,200,0.0,inf
3R3X_n128,0.0004,20.0,47,39696,0,200,0.0,inf
3R3X_n128,0.0004,20.0,48,39696,25,200,0.125,1369017.6677556147
3R3X_n128,0.0004,20.0,49,39696,0,200,0.0,inf
3R3X_n128,0.0004,20.0,50,39696,0,200,0.0,inf
3R3X_n128,0.0004,20.0,51,39696,9,200,0.045,3970269.304772825
3R3X_n128,0.0004,20.0,52,39696,13,200,0.065,2719985.6646165103
3R3X_n128,0.0004,20.0,53,39696,15,200,0.075,2344833.5199221787
3R3X_n128,0.0004,20.0,54,39696,2,200,0.01,18189127.046863303
3R3X_n128,0.0004,20.0,55,39696,0,200,0.0,inf
3R3X_n128,0.0004,20.0,56,39696,6,200,0.03,6001693.766811159
3R3X_n128,0.0004,20.0,57,39696,1,200,0.005,36469887.3622013
3R3X_n128,0.0004,20.0,58,39696,2,200,0.01,18189127.046863303
3R3X_n128,0.0004,20.0,59,39696,0,200,0.0,inf
3R3X_n128,0.0004,20.0,60,39696,0,200,0.0,inf
3R3X_n128,0.0004,20.0,61,39696,16,200,0.08,2192411.948258381
3R3X_n128,0.0004,20.0,62,39696,11,200,0.055,3231495.4900092296
3R3X_n128,0.0004,20.0,63,39696,5,200,0.025,7220484.32535778
3R3X_n128,0.0004,20.0,64,39696,25,200,0.125,1369017.6677556147
3R3X_n128,0.0004,20.0,65,39696,2,200,0.01,18189127.046863303
3R3X_n128,0.0004,20.0,66,39696,0,200,0.0,inf
3R3X_n128,0.0004,20.0,67,39696,0,200,0.0,inf
3R3X_n128,0.0004,20.0,68,39696,0,200,0.0,inf
3R3X_n128,0.0004,20.0,69,39696,4,200,0.02,9048630.603308106
3R3X_n128,0.0004,20.0,70,39696,0,200,0.0,inf
3R3X_n128,0.0004,20.0,71,39696,5,200,0.025,7220484.32535778
3R3X_n128,0.0004,20.0,72,39696,0,200,0.0,inf
3R3X_n128,0.0004,20.0,73,39696,7,200,0.035,5131106.3013189705
3R3X_n128,0.0004,20.0,74,39696,9,200,0.045,3970269.304772825
3R3X_n128,0.0004,20.0,75,39696,0,200,0.0,inf
3R3X_n128,0.0004,20.0,76,39696,0,200,0.0,inf
3R3X_n128,0.0004,20.0,77,39696,13,200,0.065,2719985.6646165103
3R3X_n128,0.0004,20.0,78,39696,0,200,0.0,inf
3R3X_n128,0.0004,20.0,79,39696,2,200,0.01,18189127.046863303
3R3X_n128,0.0004,20.0,80,39696,8,200,0.04,4478145.613690621
3R3X_n128,0.0004,20.0,81,39696,13,200,0.065,2719985.6646165103
3R3X_n128,0.0004,20.0,82,39696,13,200,0.065,2719985.6646165103
3R3X_n128,0.0004,20.0,83,39696,41,200,0.205,796845.4479873407
3R3X_n128,0.0004,20.0,84,39696,0,200,0.0,inf
3R3X_n128,0.0004,20.0,85,39696,0,200,0.0,inf
3R3X_n128,0.0004,20.0,86,39696,9,200,0.045,3970269.304772825
3R3X_n128,0.0004,20.0,87,39696,12,200,0.06,2954434.6334429625
3R3X_n128,0.0004,20.0,88,39696,17,200,0.085,2057912.1693275785
3R3X_n128,0.0004,20.0,89,39696,9,200,0.045,3970269.304772825
3R3X_n128,0.0004,20.0,90,39696,7,200,0.035,5131106.3013189705
3R3X_n128,0.0004,20.0,91,39696,8,200,0.04,4478145.613690621
3R3X_n128,0.0004,20.0,92,39696,18,200,0.09,1938347.138711132
3R3X_n128,0.0004,20.0,93,39696,6,200,0.03,6001693.766811159
3R3X_n128,0.0004,20.0,94,39696,0,200,0.0,inf
3R3X_n128,0.0004,20.0,95,39696,0,200,0.0,inf
3R3X_n128,0.0004,20.0,96,39696,0,200,0.0,inf
3R3X_n128,0.0004,20.0,97,39696,0,200,0.0,inf
3R3X_n128,0.0004,20.0,98,39696,15,200,0.075,2344833.5199221787
3R3X_n128,0.0004,20.0,99,39696,9,200,0.045,3970269.304772825
3R3X_n128,0.0004,20.0,100,39696,0,200,0.0,inf
3R3X_n144,8e-06,20.0,1,1951607,0,200,0.0,inf
3R3X_n144,8e-06,20.0,2,1951607,0,200,0.0,inf
3R3X_n144,8e-06,20.0,3,1951607,89,200,0.445,15264399.263132375
3R3X_n144,8e-06,20.0,4,1951607,107,200,0.535,11737328.69956398
3R3X_n144,8e-06,20.0,5,1951607,0,200,0.0,inf
3R3X_n144,8e-06,20.0,6,1951607,98,200,0.49,13347523.682492819
3R3X_n144,8e-06,20.0,7,1951607,53,200,0.265,29191057.699896775
3R3X_n144,8e-06,20.0,8,1951607,73,200,0.365,19790537.573040687
3R3X_n144,8e-06,20.0,9,1951607,164,200,0.82,5241130.516527311
3R3X_n144,8e-06,20.0,10,1951607,0,200,0.0,inf
3R3X_n144,8e-06,20.0,11,1951607,138,200,0.69,7673849.870694232
3R3X_n144,8e-06,20.0,12,1951607,0,200,0.0,inf
3R3X_n144,8e-06,20.0,13,1951607,0,200,0.0,inf
3R3X_n144,8e-06,20.0,14,1951607,158,200,0.79,5758815.454133781
3R3X_n144,8e-06,20.0,15,1951607,136,200,0.68,7887670.6658473415
3R3X_n144,8e-06,20.0,16,1951607,149,200,0.745,6577048.472892645
3R3X_n144,8e-06,20.0,17,1951607,88,200,0.44,15500509.978118116
3R3X_n144,8e-06,20.0,18,1951607,95,200,0.475,13947985.57717386
3R3X_n144,8e-06,20.0,19,1951607,81,200,0.405,17310455.36357768
3R3X_n144,8e-06,20.0,20,1951607,72,200,0.36,20138342.152918264
3R3X_n144,8e-06,20.0,21,1951607,125,200,0.625,9163146.738913802
3R3X_n144,8e-06,20.0,22,1951607,79,200,0.395,17884582.46696591
3R3X_n144,8e-06,20.0,23,1951607,85,200,0.425,16240914.558267552
3R3X_n144,8e-06,20.0,24,1951607,0,200,0.0,inf
3R3X_n144,8e-06,20.0,25,1951607,152,200,0.76,6297652.140027674
3R3X_n144,8e-06,20.0,26,1951607,186,200,0.93,3379692.939518591
3R3X_n144,8e-06,20.0,27,1951607,96,200,0.48,13743873.079198249
3R3X_n144,8e-06,20.0,28,1951607,158,200,0.79,5758815.454133781
3R3X_n144,8e-06,20.0,29,1951607,0,200,0.0,inf
3R3X_n144,8e-06,20.0,30,1951607,0,200,0.0,inf
3R3X_n144,8e-06,20.0,31,1951607,88,200,0.44,15500509.978118116
3R3X_n144,8e-06,20.0,32,1951607,97,200,0.485,13543760.959076522
3R3X_n144,8e-06,20.0,33,1951607,61,200,0.305,24701510.44572134
3R3X_n144,8e-06,20.0,34,1951607,0,200,0.0,inf
3R3X_n144,8e-06,20.0,35,1951607,124,200,0.62,9288580.761186302
3R3X_n144,8e-06,20.0,36,1951607,99,200,0.495,13155040.71048193
3R3X_n144,8e-06,20.0,37,1951607,0,200,0.0,inf
3R3X_n144,8e-06,20.0,38,1951607,0,200,0.0,inf
3R3X_n144,8e-06,20.0,39,1951607,109,200,0.545,11413286.764081214
3R3X_n144,8e-06,20.0,40,1951607,127,200,0.635,8917410.028404405
3R3X_n144,8e-06,20.0,41,1951607,0,200,0.0,inf
3R3X_n144,8e-06,20.0,42,1951607,0,200,0.0,inf
3R3X_n144,8e-06,20.0,43,1951607,56,200,0.28,27358816.14497856
3R3X_n144,8e-06,20.0,44,1951607,0,200,0.0,inf
3R3X_n144,8e-06,20.0,45,1951607,93,200,0.465,14368740.44867072
3R3X_n144,8e-06,20.0,46,1951607,135,200,0.675,7996478.070953586
3R3X_n144,8e-06,20.0,47,1951607,0,200,0.0,inf
3R3X_n144,8e-06,20.0,48,1951607,175,200,0.875,4322065.41565256
3R3X_n144,8e-06,20.0,49,1951607,101,200,0.505,12780879.001116162
3R3X_n144,8e-06,20.0,50,1951607,132,200,0.66,8330924.993512028
3R3X_n144,8e-06,20.0,51,1951607,0,200,0.0,inf
3R3X_n144,8e-06,20.0,52,1951607,69,200,0.345,21240975.256276105
3R3X_n144,8e-06,20.0,53,1951607,0,200,0.0,inf
3R3X_n144,8e-06,20.0,54,1951607,157,200,0.785,5846972.549536849
3R3X_n144,8e-06,20.0,55,1951607,0,200,0.0,inf
3R3X_n144,8e-06,20.0,56,1951607,50,200,0.25,31241023.44845306
3R3X_n144,8e-06,20.0,57,1951607,71,200,0.355,20495736.98403436
3R3X_n144,8e-06,20.0,58,1951607,160,200,0.8,5584236.770943879
3R3X_n144,8e-06,20.0,59,1951607,0,200,0.0,inf
3R3X_n144,8e-06,20.0,60,1951607,148,200,0.74,6671856.72047861
3R3X_n144,8e-06,20.0,61,1951607,0,200,0.0,inf
3R3X_n144,8e-06,20.0,62,1951607,0,200,0.0,inf
3R3X_n144,8e-06,20.0,63,1951607,114,200,0.57,10649053.429144952
3R3X_n144,8e-06,20.0,64,1951607,188,200,0.94,3194514.8703761864
3R3X_n144,8e-06,20.0,65,1951607,111,200,0.555,11100028.784804503
3R3X_n144,8e-06,20.0,66,1951607,106,200,0.53,11903594.088857174
3R3X_n144,8e-06,20.0,67,1951607,112,200,0.56,10947253.6815966
3R3X_n144,8e-06,20.0,68,1951607,87,200,0.435,15741841.36245144
3R3X_n144,8e-06,20.0,69,1951607,87,200,0.435,15741841.36245144
3R3X_n144,8e-06,20.0,70,1951607,108,200,0.54,11573920.36548218
3R3X_n144,8e-06,20.0,71,1951607,82,200,0.41,17033594.874524623
3R3X_n144,8e-06,20.0,72,1951607,118,200,0.59,10080194.402367359
3R3X_n144,8e-06,20.0,73,1951607,0,200,0.0,inf
3R3X_n144,8e-06,20.0,74,1951607,0,200,0.0,inf
3R3X_n144,8e-06,20.0,75,1951607,135,200,0.675,7996478.070953586
3R3X_n144,8e-06,20.0,76,1951607,0,200,0.0,inf
3R3X_n144,8e-06,20.0,77,1951607,60,200,0.3,25197963.927372135
3R3X_n144,8e-06,20.0,78,1951607,91,200,0.455,14807140.39726545
3R3X_n144,8e-06,20.0,79,1951607,92,200,0.46,14585661.371042313
3R3X_n144,8e-06,20.0,80,1951607,0,200,0.0,inf
3R3X_n144,8e-06,20.0,81,1951607,187,200,0.935,3288061.5933488226
3R3X_n144,8e-06,20.0,82,1951607,0,200,0.0,inf
3R3X_n144,8e-06,20.0,83,1951607,102,200,0.51,12598981.96368607
3R3X_n144,8e-06,20.0,84,1951607,183,200,0.915,3645883.6175524835
3R3X_n144,8e-06,20.0,85,1951607,162,200,0.81,5411762.201040424
3R3X_n144,8e-06,20.0,86,1951607,71,200,0.355,20495736.98403436
3R3X_n144,8e-06,20.0,87,1951607,177,200,0.885,4155440.2488219673
3R3X_n144,8e-06,20.0,88,1951607,0,200,0.0,inf
3R3X_n144,8e-06,20.0,89,1951607,0,200,0.0,inf
3R3X_n144,8e-06,20.0,90,1951607,146,200,0.73,6864166.85040683
3R3X_n144,8e-06,20.0,91,1951607,85,200,0.425,16240914.558267552
3R3X_n144,8e-06,20.0,92,1951607,0,200,0.0,inf
3R3X_n144,8e-06,20.0,93,1951607,62,200,0.31,24220862.406901445
3R3X_n144,8e-06,20.0,94,1951607,0,200,0.0,inf
3R3X_n144,8e-06,20.0,95,1951607,153,200,0.765,6206097.233476755
3R3X_n144,8e-06,20.0,96,1951607,98,200,0.49,13347523.682492819
3R3X_n144,8e-06,20.0,97,1951607,68,200,0.34,21629719.187994402
3R3X_n144,8e-06,20.0,98,1951607,0,200,0.0,inf
3R3X_n144,8e-06,20.0,99,1951607,0,200,0.0,inf
3R3X_n144,8e-06,20.0,100,1951607,0,200,0.0,inf
3R3X_n144,9e-06,20.0,1,1628748,0,200,0.0,inf
3R3X_n144,9e-06,20.0,2,1628748,0,200,0.0,inf
3R3X_n144,9e-06,20.0,3,1628748,75,200,0.375,15958731.51474348
3R3X_n144,9e-06,20.0,4,1628748,90,200,0.45,12546332.395966569
3R3X_n144,9e-06,20.0,5,1628748,0,200,0.0,inf
3R3X_n144,9e-06,20.0,6,1628748,85,200,0.425,13554141.33324443
3R3X_n144,9e-06,20.0,7,1628748,55,200,0.275,23324140.8061089
3R3X_n144,9e-06,20.0,8,1628748,75,200,0.375,15958731.51474348
3R3X_n144,9e-06,20.0,9,1628748,139,200,0.695,6316647.246868949
3R3X_n144,9e-06,20.0,10,1628748,0,200,0.0,inf
3R3X_n144,9e-06,20.0,11,1628748,126,200,0.63,7544022.710515434
3R3X_n144,9e-06,20.0,12,1628748,0,200,0.0,inf
3R3X_n144,9e-06,20.0,13,1628748,0,200,0.0,inf
3R3X_n144,9e-06,20.0,14,1628748,127,200,0.635,7442181.622090729
3R3X_n144,9e-06,20.0,15,1628748,132,200,0.66,6952720.205109292
3R3X_n144,9e-06,20.0,16,1628748,149,200,0.745,5488991.6597588295
3R3X_n144,9e-06,20.0,17,1628748,71,200,0.355,17105078.33865732
3R3X_n144,9e-06,20.0,18,1628748,85,200,0.425,13554141.33324443
3R3X_n144,9e-06,20.0,19,1628748,62,200,0.31,20213947.379526675
3R3X_n144,9e-06,20.0,20,1628748,58,200,0.29,21900361.949375205
3R3X_n144,9e-06,20.0,21,1628748,111,200,0.555,9263724.552736675
3R3X_n144,9e-06,20.0,22,1628748,71,200,0.355,17105078.33865732
3R3X_n144,9e-06,20.0,23,1628748,77,200,0.385,15429237.590652037
3R3X_n144,9e-06,20.0,24,1628748,0,200,0.0,inf
3R3X_n144,9e-06,20.0,25,1628748,134,200,0.67,6765504.278927299
3R3X_n144,9e-06,20.0,26,1628748,171,200,0.855,3884297.294500218
3R3X_n144,9e-06,20.0,27,1628748,103,200,0.515,10365665.44189334
3R3X_n144,9e-06,20.0,28,1628748,152,200,0.76,5255816.5285151135
3R3X_n144,9e-06,20.0,29,1628748,0,200,0.0,inf
3R3X_n144,9e-06,20.0,30,1628748,0,200,0.0,inf
3R3X_n144,9e-06,20.0,31,1628748,63,200,0.315,19825374.779694
3R3X_n144,9e-06,20.0,32,1628748,95,200,0.475,11640537.061432334
3R3X_n144,9e-06,20.0,33,1628748,61,200,0.305,20615080.667084992
3R3X_n144,9e-06,20.0,34,1628748,0,200,0.0,inf
3R3X_n144,9e-06,20.0,35,1628748,112,200,0.56,9136223.399174681
3R3X_n144,9e-06,20.0,36,1628748,96,200,0.48,11470191.380743146
3R3X_n144,9e-06,20.0,37,1628748,0,200,0.0,inf
3R3X_n144,9e-06,20.0,38,1628748,0,200,0.0,inf
3R3X_n144,9e-06,20.0,39,1628748,96,200,0.48,11470191.380743146
3R3X_n144,9e-06,20.0,40,1628748,108,200,0.54,9659219.119135344
3R3X_n144,9e-06,20.0,41,1628748,0,200,0.0,inf
3R3X_n144,9e-06,20.0,42,1628748,0,200,0.0,inf
3R3X_n144,9e-06,20.0,43,1628748,57,200,0.285,22358483.771526508
3R3X_n144,9e-06,20.0,44,1628748,0,200,0.0,inf
3R3X_n144,9e-06,20.0,45,1628748,79,200,0.395,14925893.340158032
3R3X_n144,9e-06,20.0,46,1628748,127,200,0.635,7442181.622090729
3R3X_n144,9e-06,20.0,47,1628748,0,200,0.0,inf
3R3X_n144,9e-06,20.0,48,1628748,173,200,0.865,3745685.2778597213
3R3X_n144,9e-06,20.0,49,1628748,77,200,0.385,15429237.590652037
3R3X_n144,9e-06,20.0,50,1628748,119,200,0.595,8298401.947915909
3R3X_n144,9e-06,20.0,51,1628748,0,200,0.0,inf
3R3X_n144,9e-06,20.0,52,1628748,72,200,0.36,16806808.186730895
3R3X_n144,9e-06,20.0,53,1628748,0,200,0.0,inf
3R3X_n144,9e-06,20.0,54,1628748,143,200,0.715,5975355.932718256
3R3X_n144,9e-06,20.0,55,1628748,0,200,0.0,inf
3R3X_n144,9e-06,20.0,56,1628748,45,200,0.225,29426794.03163984
3R3X_n144,9e-06,20.0,57,1628748,81,200,0.405,14446745.452602096
3R3X_n144,9e-06,20.0,58,1628748,138,200,0.69,6404346.586783861
3R3X_n144,9e-06,20.0,59,1628748,0,200,0.0,inf
3R3X_n144,9e-06,20.0,60,1628748,143,200,0.715,5975355.932718256
3R3X_n144,9e-06,20.0,61,1628748,0,200,0.0,inf
3R3X_n144,9e-06,20.0,62,1628748,0,200,0.0,inf
3R3X_n144,9e-06,20.0,63,1628748,108,200,0.54,9659219.119135344
3R3X_n144,9e-06,20.0,64,1628748,180,200,0.9,3257495.9999999995
3R3X_n144,9e-06,20.0,65,1628748,109,200,0.545,9525159.517476495
3R3X_n144,9e-06,20.0,66,1628748,79,200,0.395,14925893.340158032
3R3X_n144,9e-06,20.0,67,1628748,75,200,0.375,15958731.51474348
3R3X_n144,9e-06,20.0,68,1628748,76,200,0.38,15690585.75799451
3R3X_n144,9e-06,20.0,69,1628748,85,200,0.425,13554141.33324443
3R3X_n144,9e-06,20.0,70,1628748,93,200,0.465,11991685.45116488
3R3X_n144,9e-06,20.0,71,1628748,75,200,0.375,15958731.51474348
3R3X_n144,9e-06,20.0,72,1628748,103,200,0.515,10365665.44189334
3R3X_n144,9e-06,20.0,73,1628748,0,200,0.0,inf
3R3X_n144,9e-06,20.0,74,1628748,0,200,0.0,inf
3R3X_n144,9e-06,20.0,75,1628748,121,200,0.605,8075043.497911085
3R3X_n144,9e-06,20.0,76,1628748,0,200,0.0,inf
3R3X_n144,9e-06,20.0,77,1628748,61,200,0.305,20615080.667084992
3R3X_n144,9e-06,20.0,78,1628748,90,200,0.45,12546332.395966569
3R3X_n144,9e-06,20.0,79,1628748,94,200,0.47,11814330.487808919
3R3X_n144,9e-06,20.0,80,1628748,0,200,0.0,inf
3R3X_n144,9e-06,20.0,81,1628748,175,200,0.875,3607055.827127734
3R3X_n144,9e-06,20.0,82,1628748,0,200,0.0,inf
3R3X_n144,9e-06,20.0,83,1628748,69,200,0.345,17727030.06635516
3R3X_n144,9e-06,20.0,84,1628748,163,200,0.815,4445101.4327016
3R3X_n144,9e-06,20.0,85,1628748,153,200,0.765,5179407.76848556
3R3X_n144,9e-06,20.0,86,1628748,64,200,0.32,19448772.186227772
3R3X_n144,9e-06,20.0,87,1628748,171,200,0.855,3884297.294500218
3R3X_n144,9e-06,20.0,88,1628748,0,200,0.0,inf
3R3X_n144,9e-06,20.0,89,1628748,0,200,0.0,inf
3R3X_n144,9e-06,20.0,90,1628748,119,200,0.595,8298401.947915909
3R3X_n144,9e-06,20.0,91,1628748,85,200,0.425,13554141.33324443
3R3X_n144,9e-06,20.0,92,1628748,0,200,0.0,inf
3R3X_n144,9e-06,20.0,93,1628748,60,200,0.3,21029404.665375516
3R3X_n144,9e-06,20.0,94,1628748,0,200,0.0,inf
3R3X_n144,9e-06,20.0,95,1628748,130,200,0.65,7144697.711214199
3R3X_n144,9e-06,20.0,96,1628748,82,200,0.41,14215686.654481271
3R3X_n144,9e-06,20.0,97,1628748,63,200,0.315,19825374.779694
3R3X_n144,9e-06,20.0,98,1628748,0,200,0.0,inf
3R3X_n144,9e-06,20.0,99,1628748,0,200,0.0,inf
3R3X_n144,9e-06,20.0,100,1628748,0,200,0.0,inf
3R3X_n144,1e-05,20.0,1,1421378,0,200,0.0,inf
3R3X_n144,1e-05,20.0,2,1421378,0,200,0.0,inf
3R3X_n144,1e-05,20.0,3,1421378,68,200,0.34,15753175.203815682
3R3X_n144,1e-05,20.0,4,1421378,97,200,0.485,9864078.097941987
3R3X_n144,1e-05,20.0,5,1421378,0,200,0.0,inf
3R3X_n144,1e-05,20.0,6,1421378,86,200,0.43,11644666.950759778
3R3X_n144,1e-05,20.0,7,1421378,56,200,0.28,19925742.925966825
3R3X_n144,1e-05,20.0,8,1421378,63,200,0.315,17301234.78500781
3R3X_n144,1e-05,20.0,9,1421378,135,200,0.675,5823927.66962604
3R3X_n144,1e-05,20.0,10,1421378,0,200,0.0,inf
3R3X_n144,1e-05,20.0,11,1421378,108,200,0.54,8429420.360373953
3R3X_n144,1e-05,20.0,12,1421378,0,200,0.0,inf
3R3X_n144,1e-05,20.0,13,1421378,0,200,0.0,inf
3R3X_n144,1e-05,20.0,14,1421378,136,200,0.68,5744681.97525463
3R3X_n144,1e-05,20.0,15,1421378,117,200,0.585,7442706.727022617
3R3X_n144,1e-05,20.0,16,1421378,136,200,0.68,5744681.97525463
3R3X_n144,1e-05,20.0,17,1421378,49,200,0.245,23291151.167018518
3R3X_n144,1e-05,20.0,18,1421378,77,200,0.385,13464807.857400784
3R3X_n144,1e-05,20.0,19,1421378,67,200,0.335,16044600.96078436
3R3X_n144,1e-05,20.0,20,1421378,54,200,0.27,20799059.75867924
3R3X_n144,1e-05,20.0,21,1421378,96,200,0.48,10009822.07461064
3R3X_n144,1e-05,20.0,22,1421378,49,200,0.245,23291151.167018518
3R3X_n144,1e-05,20.0,23,1421378,67,200,0.335,16044600.96078436
3R3X_n144,1e-05,20.0,24,1421378,0,200,0.0,inf
3R3X_n144,1e-05,20.0,25,1421378,137,200,0.685,5666365.959007634
3R3X_n144,1e-05,20.0,26,1421378,165,200,0.825,3755480.701594583
3R3X_n144,1e-05,20.0,27,1421378,88,200,0.44,11289201.090013292
3R3X_n144,1e-05,20.0,28,1421378,141,200,0.705,5361889.942006555
3R3X_n144,1e-05,20.0,29,1421378,0,200,0.0,inf
3R3X_n144,1e-05,20.0,30,1421378,0,200,0.0,inf
3R3X_n144,1e-05,20.0,31,1421378,58,200,0.29,19112037.385082915
3R3X_n144,1e-05,20.0,32,1421378,68,200,0.34,15753175.203815682
3R3X_n144,1e-05,20.0,33,1421378,51,200,0.255,22236178.97499964
3R3X_n144,1e-05,20.0,34,1421378,0,200,0.0,inf
3R3X_n144,1e-05,20.0,35,1421378,114,200,0.57,7755829.050116748
3R3X_n144,1e-05,20.0,36,1421378,81,200,0.405,12607405.29408396
3R3X_n144,1e-05,20.0,37,1421378,0,200,0.0,inf
3R3X_n144,1e-05,20.0,38,1421378,0,200,0.0,inf
3R3X_n144,1e-05,20.0,39,1421378,79,200,0.395,13025548.718431054
3R3X_n144,1e-05,20.0,40,1421378,96,200,0.48,10009822.07461064
3R3X_n144,1e-05,20.0,41,1421378,0,200,0.0,inf
3R3X_n144,1e-05,20.0,42,1421378,0,200,0.0,inf
3R3X_n144,1e-05,20.0,43,1421378,45,200,0.225,25680214.27937543
3R3X_n144,1e-05,20.0,44,1421378,0,200,0.0,inf
3R3X_n144,1e-05,20.0,45,1421378,84,200,0.42,12016451.324118448
3R3X_n144,1e-05,20.0,46,1421378,106,200,0.53,8669525.55449516
3R3X_n144,1e-05,20.0,47,1421378,0,200,0.0,inf
3R3X_n144,1e-05,20.0,48,1421378,164,200,0.82,3817176.107341569
3R3X_n144,1e-05,20.0,49,1421378,74,200,0.37,14167067.597657897
3R3X_n144,1e-05,20.0,50,1421378,115,200,0.575,7649815.169351317
3R3X_n144,1e-05,20.0,51,1421378,0,200,0.0,inf
3R3X_n144,1e-05,20.0,52,1421378,63,200,0.315,17301234.78500781
3R3X_n144,1e-05,20.0,53,1421378,0,200,0.0,inf
3R3X_n144,1e-05,20.0,54,1421378,136,200,0.68,5744681.97525463
3R3X_n144,1e-05,20.0,55,1421378,0,200,0.0,inf
3R3X_n144,1e-05,20.0,56,1421378,50,200,0.25,22753199.50538982
3R3X_n144,1e-05,20.0,57,1421378,62,200,0.31,17640334.845179774
3R3X_n144,1e-05,20.0,58,1421378,111,200,0.555,8084279.629089183
3R3X_n144,1e-05,20.0,59,1421378,0,200,0.0,inf
3R3X_n144,1e-05,20.0,60,1421378,120,200,0.6,7143679.796074132
3R3X_n144,1e-05,20.0,61,1421378,0,200,0.0,inf
3R3X_n144,1e-05,20.0,62,1421378,0,200,0.0,inf
3R3X_n144,1e-05,20.0,63,1421378,92,200,0.46,10622906.24508386
3R3X_n144,1e-05,20.0,64,1421378,176,200,0.88,3087204.716235642
3R3X_n144,1e-05,20.0,65,1421378,106,200,0.53,8669525.55449516
3R3X_n144,1e-05,20.0,66,1421378,74,200,0.37,14167067.597657897
3R3X_n144,1e-05,20.0,67,1421378,69,200,0.345,15470048.492250346
3R3X_n144,1e-05,20.0,68,1421378,76,200,0.38,13692881.528343683
3R3X_n144,1e-05,20.0,69,1421378,64,200,0.32,16972580.726125866
3R3X_n144,1e-05,20.0,70,1421378,99,200,0.495,9580968.63507017
3R3X_n144,1e-05,20.0,71,1421378,69,200,0.345,15470048.492250346
3R3X_n144,1e-05,20.0,72,1421378,93,200,0.465,10464920.222898714
3R3X_n144,1e-05,20.0,73,1421378,0,200,0.0,inf
3R3X_n144,1e-05,20.0,74,1421378,0,200,0.0,inf
3R3X_n144,1e-05,20.0,75,1421378,111,200,0.555,8084279.629089183
3R3X_n144,1e-05,20.0,76,1421378,0,200,0.0,inf
3R3X_n144,1e-05,20.0,77,1421378,57,200,0.285,19511831.754332043
3R3X_n144,1e-05,20.0,78,1421378,70,200,0.35,15194863.454646727
3R3X_n144,1e-05,20.0,79,1421378,95,200,0.475,10158479.572840346
3R3X_n144,1e-05,20.0,80,1421378,0,200,0.0,inf
3R3X_n144,1e-05,20.0,81,1421378,173,200,0.865,3268789.677024128
3R3X_n144,1e-05,20.0,82,1421378,0,200,0.0,inf
3R3X_n144,1e-05,20.0,83,1421378,71,200,0.355,14927282.820205497
3R3X_n144,1e-05,20.0,84,1421378,172,200,0.86,3329253.2355925585
3R3X_n144,1e-05,20.0,85,1421378,151,200,0.755,4653893.517098836
3R3X_n144,1e-05,20.0,86,1421378,58,200,0.29,19112037.385082915
3R3X_n144,1e-05,20.0,87,1421378,164,200,0.82,3817176.107341569
3R3X_n144,1e-05,20.0,88,1421378,0,200,0.0,inf
3R3X_n144,1e-05,20.0,89,1421378,0,200,0.0,inf
3R3X_n144,1e-05,20.0,90,1421378,122,200,0.61,6951601.766062375
3R3X_n144,1e-05,20.0,91,1421378,80,200,0.4,12813937.44574168
3R3X_n144,1e-05,20.0,92,1421378,0,200,0.0,inf
3R3X_n144,1e-05,20.0,93,1421378,53,200,0.265,21260185.68869853
3R3X_n144,1e-05,20.0,94,1421378,0,200,0.0,inf
3R3X_n144,1e-05,20.0,95,1421378,110,200,0.55,8197400.75095559
3R3X_n144,1e-05,20.0,96,1421378,86,200,0.43,11644666.950759778
3R3X_n144,1e-05,20.0,97,1421378,77,200,0.385,13464807.857400784
3R3X_n144,1e-05,20.0,98,1421378,0,200,0.0,inf
3R3X_n144,1e-05,20.0,99,1421378,0,200,0.0,inf
3R3X_n144,1e-05,20.0,100,1421378,0,200,0.0,inf
3R3X_n144,2e-05,20.0,1,735054,0,200,0.0,inf
3R3X_n144,2e-05,20.0,2,735054,0,200,0.0,inf
3R3X_n144,2e-05,20.0,3,735054,48,200,0.24,12334527.301665375
3R3X_n144,2e-05,20.0,4,735054,61,200,0.305,9303586.254388949
3R3X_n144,2e-05,20.0,5,735054,0,200,0.0,inf
3R3X_n144,2e-05,20.0,6,735054,50,200,0.25,11766630.90974731
3R3X_n144,2e-05,20.0,7,735054,32,200,0.16,19414872.411285292
3R3X_n144,2e-05,20.0,8,735054,37,200,0.185,16547370.90199763
3R3X_n144,2e-05,20.0,9,735054,80,200,0.4,6626622.879517065
3R3X_n144,2e-05,20.0,10,735054,0,200,0.0,inf
3R3X_n144,2e-05,20.0,11,735054,72,200,0.36,7584912.819471945
3R3X_n144,2e-05,20.0,12,735054,0,200,0.0,inf
3R3X_n144,2e-05,20.0,13,735054,0,200,0.0,inf
3R3X_n144,2e-05,20.0,14,735054,75,200,0.375,7202175.803032915
3R3X_n144,2e-05,20.0,15,735054,75,200,0.375,7202175.803032915
3R3X_n144,2e-05,20.0,16,735054,82,200,0.41,6415539.62805976
3R3X_n144,2e-05,20.0,17,735054,37,200,0.185,16547370.90199763
3R3X_n144,2e-05,20.0,18,735054,49,200,0.245,12044828.208908277
3R3X_n144,2e-05,20.0,19,735054,29,200,0.145,21608467.51771161
3R3X_n144,2e-05,20.0,20,735054,36,200,0.18,17057358.295502353
3R3X_n144,2e-05,20.0,21,735054,55,200,0.275,10526185.141036902
3R3X_n144,2e-05,20.0,22,735054,33,200,0.165,18772083.226725116
3R3X_n144,2e-05,20.0,23,735054,34,200,0.17,18166996.344576217
3R3X_n144,2e-05,20.0,24,735054,0,200,0.0,inf
3R3X_n144,2e-05,20.0,25,735054,87,200,0.435,5929013.095789973
3R3X_n144,2e-05,20.0,26,735054,124,200,0.62,3498454.5776035013
3R3X_n144,2e-05,20.0,27,735054,50,200,0.25,11766630.90974731
3R3X_n144,2e-05,20.0,28,735054,98,200,0.49,5027216.377534553
3R3X_n144,2e-05,20.0,29,735054,0,200,0.0,inf
3R3X_n144,2e-05,20.0,30,735054,0,200,0.0,inf
3R3X_n144,2e-05,20.0,31,735054,37,200,0.185,16547370.90199763
3R3X_n144,2e-05,20.0,32,735054,43,200,0.215,13983669.742594635
3R3X_n144,2e-05,20.0,33,735054,24,200,0.12,26480164.96717007
3R3X_n144,2e-05,20.0,34,735054,0,200,0.0,inf
3R3X_n144,2e-05,20.0,35,735054,78,200,0.39,6848217.590337879
3R3X_n144,2e-05,20.0,36,735054,43,200,0.215,13983669.742594635
3R3X_n144,2e-05,20.0,37,735054,0,200,0.0,inf
3R3X_n144,2e-05,20.0,38,735054,0,200,0.0,inf
3R3X_n144,2e-05,20.0,39,735054,39,200,0.195,15605559.563008426
3R3X_n144,2e-05,20.0,40,735054,76,200,0.38,7081161.618468232
3R3X_n144,2e-05,20.0,41,735054,0,200,0.0,inf
3R3X_n144,2e-05,20.0,42,735054,0,200,0.0,inf
3R3X_n144,2e-05,20.0,43,735054,26,200,0.13,24307040.895671226
3R3X_n144,2e-05,20.0,44,735054,0,200,0.0,inf
3R3X_n144,2e-05,20.0,45,735054,42,200,0.21,14360322.65304518
3R3X_n144,2e-05,20.0,46,735054,70,200,0.35,7857899.27928524
3R3X_n144,2e-05,20.0,47,735054,0,200,0.0,inf
3R3X_n144,2e-05,20.0,48,735054,124,200,0.62,3498454.5776035013
3R3X_n144,2e-05,20.0,49,735054,53,200,0.265,10994531.033420114
3R3X_n144,2e-05,20.0,50,735054,88,200,0.44,5838117.95174727
3R3X_n144,2e-05,20.0,51,735054,0,200,0.0,inf
3R3X_n144,2e-05,20.0,52,735054,34,200,0.17,18166996.344576217
3R3X_n144,2e-05,20.0,53,735054,0,200,0.0,inf
3R3X_n144,2e-05,20.0,54,735054,96,200,0.48,5176497.564497868
3R3X_n144,2e-05,20.0,55,735054,0,200,0.0,inf
3R3X_n144,2e-05,20.0,56,735054,23,200,0.115,27708228.89641911
3R3X_n144,2e-05,20.0,57,735054,39,200,0.195,15605559.563008426
3R3X_n144,2e-05,20.0,58,735054,83,200,0.415,6313699.964281094
3R3X_n144,2e-05,20.0,59,735054,0,200,0.0,inf
3R3X_n144,2e-05,20.0,60,735054,82,200,0.41,6415539.62805976
3R3X_n144,2e-05,20.0,61,735054,0,200,0.0,inf
3R3X_n144,2e-05,20.0,62,735054,0,200,0.0,inf
3R3X_n144,2e-05,20.0,63,735054,61,200,0.305,9303586.254388949
3R3X_n144,2e-05,20.0,64,735054,137,200,0.685,2930314.7815939165
3R3X_n144,2e-05,20.0,65,735054,60,200,0.3,9490570.681838403
3R3X_n144,2e-05,20.0,66,735054,45,200,0.225,13280312.645131717
3R3X_n144,2e-05,20.0,67,735054,49,200,0.245,12044828.208908277
3R3X_n144,2e-05,20.0,68,735054,34,200,0.17,18166996.344576217
3R3X_n144,2e-05,20.0,69,735054,46,200,0.23,12951435.045584492
3R3X_n144,2e-05,20.0,70,735054,59,200,0.295,9683811.666629374
3R3X_n144,2e-05,20.0,71,735054,53,200,0.265,10994531.033420114
3R3X_n144,2e-05,20.0,72,735054,55,200,0.275,10526185.141036902
3R3X_n144,2e-05,20.0,73,735054,0,200,0.0,inf
3R3X_n144,2e-05,20.0,74,735054,0,200,0.0,inf
3R3X_n144,2e-05,20.0,75,735054,70,200,0.35,7857899.27928524
3R3X_n144,2e-05,20.0,76,735054,0,200,0.0,inf
3R3X_n144,2e-05,20.0,77,735054,31,200,0.155,20099013.57855043
3R3X_n144,2e-05,20.0,78,735054,50,200,0.25,11766630.90974731
3R3X_n144,2e-05,20.0,79,735054,45,200,0.225,13280312.645131717
3R3X_n144,2e-05,20.0,80,735054,0,200,0.0,inf
3R3X_n144,2e-05,20.0,81,735054,126,200,0.63,3404617.5770930876
3R3X_n144,2e-05,20.0,82,735054,0,200,0.0,inf
3R3X_n144,2e-05,20.0,83,735054,35,200,0.175,17596379.176321696
3R3X_n144,2e-05,20.0,84,735054,123,200,0.615,3546366.061427578
3R3X_n144,2e-05,20.0,85,735054,101,200,0.505,4813795.110022889
3R3X_n144,2e-05,20.0,86,735054,28,200,0.14,22443866.258286517
3R3X_n144,2e-05,20.0,87,735054,124,200,0.62,3498454.5776035013
3R3X_n144,2e-05,20.0,88,735054,0,200,0.0,inf
3R3X_n144,2e-05,20.0,89,735054,0,200,0.0,inf
3R3X_n144,2e-05,20.0,90,735054,67,200,0.335,8297334.076247407
3R3X_n144,2e-05,20.0,91,735054,40,200,0.2,15169825.638943892
3R3X_n144,2e-05,20.0,92,735054,0,200,0.0,inf
3R3X_n144,2e-05,20.0,93,735054,33,200,0.165,18772083.226725116
3R3X_n144,2e-05,20.0,94,735054,0,200,0.0,inf
3R3X_n144,2e-05,20.0,95,735054,68,200,0.34,8146625.631088656
3R3X_n144,2e-05,20.0,96,735054,32,200,0.16,19414872.411285292
3R3X_n144,2e-05,20.0,97,735054,37,200,0.185,16547370.90199763
3R3X_n144,2e-05,20.0,98,735054,0,200,0.0,inf
3R3X_n144,2e-05,20.0,99,735054,0,200,0.0,inf
3R3X_n144,2e-05,20.0,100,735054,0,200,0.0,inf
3R3X_n144,3e-05,20.0,1,537598,0,200,0.0,inf
3R3X_n144,3e-05,20.0,2,537598,0,200,0.0,inf
3R3X_n144,3e-05,20.0,3,537598,37,200,0.185,12102285.6853675
3R3X_n144,3e-05,20.0,4,537598,46,200,0.23,9472318.465903366
3R3X_n144,3e-05,20.0,5,537598,0,200,0.0,inf
3R3X_n144,3e-05,20.0,6,537598,35,200,0.175,12869501.087582942
3R3X_n144,3e-05,20.0,7,537598,15,200,0.075,31755789.2644882
3R3X_n144,3e-05,20.0,8,537598,27,200,0.135,17070967.777981404
3R3X_n144,3e-05,20.0,9,537598,68,200,0.34,5958214.833225858
3R3X_n144,3e-05,20.0,10,537598,0,200,0.0,inf
3R3X_n144,3e-05,20.0,11,537598,62,200,0.31,6671982.211698054
3R3X_n144,3e-05,20.0,12,537598,0,200,0.0,inf
3R3X_n144,3e-05,20.0,13,537598,0,200,0.0,inf
3R3X_n144,3e-05,20.0,14,537598,75,200,0.375,5267470.563195206
3R3X_n144,3e-05,20.0,15,537598,59,200,0.295,7082469.838075323
3R3X_n144,3e-05,20.0,16,537598,51,200,0.255,8410236.646832762
3R3X_n144,3e-05,20.0,17,537598,35,200,0.175,12869501.087582942
3R3X_n144,3e-05,20.0,18,537598,43,200,0.215,10227266.141371096
3R3X_n144,3e-05,20.0,19,537598,27,200,0.135,17070967.777981404
3R3X_n144,3e-05,20.0,20,537598,27,200,0.135,17070967.777981404
3R3X_n144,3e-05,20.0,21,537598,44,200,0.22,9964246.708770929
3R3X_n144,3e-05,20.0,22,537598,30,200,0.15,15233488.734496748
3R3X_n144,3e-05,20.0,23,537598,31,200,0.155,14699858.108113898
3R3X_n144,3e-05,20.0,24,537598,0,200,0.0,inf
3R3X_n144,3e-05,20.0,25,537598,77,200,0.385,5092701.430951476
3R3X_n144,3e-05,20.0,26,537598,106,200,0.53,3279014.870812331
3R3X_n144,3e-05,20.0,27,537598,37,200,0.185,12102285.6853675
3R3X_n144,3e-05,20.0,28,537598,73,200,0.365,5451586.0099864
3R3X_n144,3e-05,20.0,29,537598,0,200,0.0,inf
3R3X_n144,3e-05,20.0,30,537598,0,200,0.0,inf
3R3X_n144,3e-05,20.0,31,537598,30,200,0.15,15233488.734496748
3R3X_n144,3e-05,20.0,32,537598,41,200,0.205,10791578.978917232
3R3X_n144,3e-05,20.0,33,537598,18,200,0.09,26250794.666385207
3R3X_n144,3e-05,20.0,34,537598,0,200,0.0,inf
3R3X_n144,3e-05,20.0,35,537598,60,200,0.3,6941138.769961067
3R3X_n144,3e-05,20.0,36,537598,36,200,0.18,12475276.244936392
3R3X_n144,3e-05,20.0,37,537598,0,200,0.0,inf
3R3X_n144,3e-05,20.0,38,537598,0,200,0.0,inf
3R3X_n144,3e-05,20.0,39,537598,31,200,0.155,14699858.108113898
3R3X_n144,3e-05,20.0,40,537598,41,200,0.205,10791578.978917232
3R3X_n144,3e-05,20.0,41,537598,0,200,0.0,inf
3R3X_n144,3e-05,20.0,42,537598,0,200,0.0,inf
3R3X_n144,3e-05,20.0,43,537598,26,200,0.13,17777491.95491904
3R3X_n144,3e-05,20.0,44,537598,0,200,0.0,inf
3R3X_n144,3e-05,20.0,45,537598,25,200,0.125,18540436.31978242
3R3X_n144,3e-05,20.0,46,537598,65,200,0.325,6298885.557298495
3R3X_n144,3e-05,20.0,47,537598,0,200,0.0,inf
3R3X_n144,3e-05,20.0,48,537598,88,200,0.44,4269836.684955702
3R3X_n144,3e-05,20.0,49,537598,31,200,0.155,14699858.108113898
3R3X_n144,3e-05,20.0,50,537598,70,200,0.35,5747048.43010879
3R3X_n144,3e-05,20.0,51,537598,0,200,0.0,inf
3R3X_n144,3e-05,20.0,52,537598,29,200,0.145,15803830.630928785
3R3X_n144,3e-05,20.0,53,537598,0,200,0.0,inf
3R3X_n144,3e-05,20.0,54,537598,62,200,0.31,6671982.211698054
3R3X_n144,3e-05,20.0,55,537598,0,200,0.0,inf
3R3X_n144,3e-05,20.0,56,537598,19,200,0.095,24801863.013658185
3R3X_n144,3e-05,20.0,57,537598,28,200,0.14,16414817.976260675
3R3X_n144,3e-05,20.0,58,537598,67,200,0.335,6068438.787793078
3R3X_n144,3e-05,20.0,59,537598,0,200,0.0,inf
3R3X_n144,3e-05,20.0,60,537598,56,200,0.28,7536376.351339274
3R3X_n144,3e-05,20.0,61,537598,0,200,0.0,inf
3R3X_n144,3e-05,20.0,62,537598,0,200,0.0,inf
3R3X_n144,3e-05,20.0,63,537598,37,200,0.185,12102285.6853675
3R3X_n144,3e-05,20.0,64,537598,119,200,0.595,2739038.998295437
3R3X_n144,3e-05,20.0,65,537598,47,200,0.235,9241956.881793473
3R3X_n144,3e-05,20.0,66,537598,30,200,0.15,15233488.734496748
3R3X_n144,3e-05,20.0,67,537598,29,200,0.145,15803830.630928785
3R3X_n144,3e-05,20.0,68,537598,38,200,0.19,11748852.3389878
3R3X_n144,3e-05,20.0,69,537598,28,200,0.14,16414817.976260675
3R3X_n144,3e-05,20.0,70,537598,44,200,0.22,9964246.708770929
3R3X_n144,3e-05,20.0,71,537598,29,200,0.145,15803830.630928785
3R3X_n144,3e-05,20.0,72,537598,38,200,0.19,11748852.3389878
3R3X_n144,3e-05,20.0,73,537598,0,200,0.0,inf
3R3X_n144,3e-05,20.0,74,537598,0,200,0.0,inf
3R3X_n144,3e-05,20.0,75,537598,51,200,0.255,8410236.646832762
3R3X_n144,3e-05,20.0,76,537598,0,200,0.0,inf
3R3X_n144,3e-05,20.0,77,537598,20,200,0.1,23497704.6779756
3R3X_n144,3e-05,20.0,78,537598,23,200,0.115,20265026.02292773
3R3X_n144,3e-05,20.0,79,537598,51,200,0.255,8410236.646832762
3R3X_n144,3e-05,20.0,80,537598,0,200,0.0,inf
3R3X_n144,3e-05,20.0,81,537598,101,200,0.505,3520675.5198367536
3R3X_n144,3e-05,20.0,82,537598,0,200,0.0,inf
3R3X_n144,3e-05,20.0,83,537598,26,200,0.13,17777491.95491904
3R3X_n144,3e-05,20.0,84,537598,89,200,0.445,4204796.618920428
3R3X_n144,3e-05,20.0,85,537598,81,200,0.405,4768411.971543776
3R3X_n144,3e-05,20.0,86,537598,15,200,0.075,31755789.2644882
3R3X_n144,3e-05,20.0,87,537598,78,200,0.39,5008595.395889912
3R3X_n144,3e-05,20.0,88,537598,0,200,0.0,inf
3R3X_n144,3e-05,20.0,89,537598,0,200,0.0,inf
3R3X_n144,3e-05,20.0,90,537598,50,200,0.25,8605785.756989738
3R3X_n144,3e-05,20.0,91,537598,29,200,0.145,15803830.630928785
3R3X_n144,3e-05,20.0,92,537598,0,200,0.0,inf
3R3X_n144,3e-05,20.0,93,537598,20,200,0.1,23497704.6779756
3R3X_n144,3e-05,20.0,94,537598,0,200,0.0,inf
3R3X_n144,3e-05,20.0,95,537598,64,200,0.32,6419422.175666019
3R3X_n144,3e-05,20.0,96,537598,29,200,0.145,15803830.630928785
3R3X_n144,3e-05,20.0,97,537598,29,200,0.145,15803830.630928785
3R3X_n144,3e-05,20.0,98,537598,0,200,0.0,inf
3R3X_n144,3e-05,20.0,99,537598,0,200,0.0,inf
3R3X_n144,3e-05,20.0,100,537598,0,200,0.0,inf
3R3X_n144,4e-05,20.0,1,386685,0,200,0.0,inf
3R3X_n144,4e-05,20.0,2,386685,0,200,0.0,inf
3R3X_n144,4e-05,20.0,3,386685,17,200,0.085,20046447.178467218
3R3X_n144,4e-05,20.0,4,386685,38,200,0.19,8450747.522687022
3R3X_n144,4e-05,20.0,5,386685,0,200,0.0,inf
3R3X_n144,4e-05,20.0,6,386685,33,200,0.165,9875305.763285693
3R3X_n144,4e-05,20.0,7,386685,20,200,0.1,16901495.04537404
3R3X_n144,4e-05,20.0,8,386685,18,200,0.09,18881745.347957328
3R3X_n144,4e-05,20.0,9,386685,43,200,0.215,7356296.727063871
3R3X_n144,4e-05,20.0,10,386685,0,200,0.0,inf
3R3X_n144,4e-05,20.0,11,386685,49,200,0.245,6336343.174735049
3R3X_n144,4e-05,20.0,12,386685,0,200,0.0,inf
3R3X_n144,4e-05,20.0,13,386685,0,200,0.0,inf
3R3X_n144,4e-05,20.0,14,386685,48,200,0.24,6488743.261916097
3R3X_n144,4e-05,20.0,15,386685,51,200,0.255,6049338.6466849325
3R3X_n144,4e-05,20.0,16,386685,47,200,0.235,6647580.714281506
3R3X_n144,4e-05,20.0,17,386685,24,200,0.12,13930245.383781543
3R3X_n144,4e-05,20.0,18,386685,22,200,0.11,15280974.146230794
3R3X_n144,4e-05,20.0,19,386685,21,200,0.105,16052692.507119073
3R3X_n144,4e-05,20.0,20,386685,9,200,0.045,38675019.80340789
3R3X_n144,4e-05,20.0,21,386685,33,200,0.165,9875305.763285693
3R3X_n144,4e-05,20.0,22,386685,22,200,0.11,15280974.146230794
3R3X_n144,4e-05,20.0,23,386685,32,200,0.16,10213453.621581344
3R3X_n144,4e-05,20.0,24,386685,0,200,0.0,inf
3R3X_n144,4e-05,20.0,25,386685,44,200,0.22,7167111.370542834
3R3X_n144,4e-05,20.0,26,386685,65,200,0.325,4530680.10246312
3R3X_n144,4e-05,20.0,27,386685,25,200,0.125,13335817.131602174
3R3X_n144,4e-05,20.0,28,386685,60,200,0.3,4992641.797890608
3R3X_n144,4e-05,20.0,29,386685,0,200,0.0,inf
3R3X_n144,4e-05,20.0,30,386685,0,200,0.0,inf
3R3X_n144,4e-05,20.0,31,386685,17,200,0.085,20046447.178467218
3R3X_n144,4e-05,20.0,32,386685,28,200,0.14,11806896.396843662
3R3X_n144,4e-05,20.0,33,386685,13,200,0.065,26495809.570793916
3R3X_n144,4e-05,20.0,34,386685,0,200,0.0,inf
3R3X_n144,4e-05,20.0,35,386685,29,200,0.145,11367423.702321617
3R3X_n144,4e-05,20.0,36,386685,25,200,0.125,13335817.131602174
3R3X_n144,4e-05,20.0,37,386685,0,200,0.0,inf
3R3X_n144,4e-05,20.0,38,386685,0,200,0.0,inf
3R3X_n144,4e-05,20.0,39,386685,17,200,0.085,20046447.178467218
3R3X_n144,4e-05,20.0,40,386685,33,200,0.165,9875305.763285693
3R3X_n144,4e-05,20.0,41,386685,0,200,0.0,inf
3R3X_n144,4e-05,20.0,42,386685,0,200,0.0,inf
3R3X_n144,4e-05,20.0,43,386685,18,200,0.09,18881745.347957328
3R3X_n144,4e-05,20.0,44,386685,0,200,0.0,inf
3R3X_n144,4e-05,20.0,45,386685,24,200,0.12,13930245.383781543
3R3X_n144,4e-05,20.0,46,386685,36,200,0.18,8973251.750886774
3R3X_n144,4e-05,20.0,47,386685,0,200,0.0,inf
3R3X_n144,4e-05,20.0,48,386685,68,200,0.34,4285641.506824692
3R3X_n144,4e-05,20.0,49,386685,29,200,0.145,11367423.702321617
3R3X_n144,4e-05,20.0,50,386685,32,200,0.16,10213453.621581344
3R3X_n144,4e-05,20.0,51,386685,0,200,0.0,inf
3R3X_n144,4e-05,20.0,52,386685,24,200,0.12,13930245.383781543
3R3X_n144,4e-05,20.0,53,386685,0,200,0.0,inf
3R3X_n144,4e-05,20.0,54,386685,59,200,0.295,5094298.805680371
3R3X_n144,4e-05,20.0,55,386685,0,200,0.0,inf
3R3X_n144,4e-05,20.0,56,386685,10,200,0.05,34717018.172282025
3R3X_n144,4e-05,20.0,57,386685,24,200,0.12,13930245.383781543
3R3X_n144,4e-05,20.0,58,386685,49,200,0.245,6336343.174735049
3R3X_n144,4e-05,20.0,59,386685,0,200,0.0,inf
3R3X_n144,4e-05,20.0,60,386685,58,200,0.29,5199417.8721288685
3R3X_n144,4e-05,20.0,61,386685,0,200,0.0,inf
3R3X_n144,4e-05,20.0,62,386685,0,200,0.0,inf
3R3X_n144,4e-05,20.0,63,386685,31,200,0.155,10573355.244134134
3R3X_n144,4e-05,20.0,64,386685,84,200,0.42,3269068.10170605
3R3X_n144,4e-05,20.0,65,386685,39,200,0.195,8209513.586242525
3R3X_n144,4e-05,20.0,66,386685,31,200,0.155,10573355.244134134
3R3X_n144,4e-05,20.0,67,386685,26,200,0.13,12787044.36509784
3R3X_n144,4e-05,20.0,68,386685,26,200,0.13,12787044.36509784
3R3X_n144,4e-05,20.0,69,386685,20,200,0.1,16901495.04537404
3R3X_n144,4e-05,20.0,70,386685,24,200,0.12,13930245.383781543
3R3X_n144,4e-05,20.0,71,386685,24,200,0.12,13930245.383781543
3R3X_n144,4e-05,20.0,72,386685,26,200,0.13,12787044.36509784
3R3X_n144,4e-05,20.0,73,386685,0,200,0.0,inf
3R3X_n144,4e-05,20.0,74,386685,0,200,0.0,inf
3R3X_n144,4e-05,20.0,75,386685,39,200,0.195,8209513.586242525
3R3X_n144,4e-05,20.0,76,386685,0,200,0.0,inf
3R3X_n144,4e-05,20.0,77,386685,15,200,0.075,22841393.330590177
3R3X_n144,4e-05,20.0,78,386685,31,200,0.155,10573355.244134134
3R3X_n144,4e-05,20.0,79,386685,34,200,0.17,9556991.706054866
3R3X_n144,4e-05,20.0,80,386685,0,200,0.0,inf
3R3X_n144,4e-05,20.0,81,386685,81,200,0.405,3429836.7613279903
3R3X_n144,4e-05,20.0,82,386685,0,200,0.0,inf
3R3X_n144,4e-05,20.0,83,386685,27,200,0.135,12278853.669895979
3R3X_n144,4e-05,20.0,84,386685,71,200,0.355,4060957.99803512
3R3X_n144,4e-05,20.0,85,386685,69,200,0.345,4208617.061208085
3R3X_n144,4e-05,20.0,86,386685,13,200,0.065,26495809.570793916
3R3X_n144,4e-05,20.0,87,386685,67,200,0.335,4364923.702576584
3R3X_n144,4e-05,20.0,88,386685,0,200,0.0,inf
3R3X_n144,4e-05,20.0,89,386685,0,200,0.0,inf
3R3X_n144,4e-05,20.0,90,386685,45,200,0.225,6986286.307104998
3R3X_n144,4e-05,20.0,91,386685,22,200,0.11,15280974.146230794
3R3X_n144,4e-05,20.0,92,386685,0,200,0.0,inf
3R3X_n144,4e-05,20.0,93,386685,16,200,0.08,21356630.748999696
3R3X_n144,4e-05,20.0,94,386685,0,200,0.0,inf
3R3X_n144,4e-05,20.0,95,386685,39,200,0.195,8209513.586242525
3R3X_n144,4e-05,20.0,96,386685,22,200,0.11,15280974.146230794
3R3X_n144,4e-05,20.0,97,386685,18,200,0.09,18881745.347957328
3R3X_n144,4e-05,20.0,98,386685,0,200,0.0,inf
3R3X_n144,4e-05,20.0,99,386685,0,200,0.0,inf
3R3X_n144,4e-05,20.0,100,386685,0,200,0.0,inf
3R3X_n144,5e-05,20.0,1,271252,0,200,0.0,inf
3R3X_n144,5e-05,20.0,2,271252,0,200,0.0,inf
3R3X_n144,5e-05,20.0,3,271252,23,200,0.115,10224980.07576515
3R3X_n144,5e-05,20.0,4,271252,22,200,0.11,10719305.892686283
3R3X_n144,5e-05,20.0,5,271252,0,200,0.0,inf
3R3X_n144,5e-05,20.0,6,271252,23,200,0.115,10224980.07576515
3R3X_n144,5e-05,20.0,7,271252,9,200,0.045,27129773.51517126
3R3X_n144,5e-05,20.0,8,271252,17,200,0.085,14062192.456530742
3R3X_n144,5e-05,20.0,9,271252,38,200,0.19,5928034.8785804985
3R3X_n144,5e-05,20.0,10,271252,0,200,0.0,inf
3R3X_n144,5e-05,20.0,11,271252,28,200,0.14,8282307.980492229
3R3X_n144,5e-05,20.0,12,271252,0,200,0.0,inf
3R3X_n144,5e-05,20.0,13,271252,0,200,0.0,inf
3R3X_n144,5e-05,20.0,14,271252,22,200,0.11,10719305.892686283
3R3X_n144,5e-05,20.0,15,271252,32,200,0.16,7164538.892796935
3R3X_n144,5e-05,20.0,16,271252,31,200,0.155,7417002.874903015
3R3X_n144,5e-05,20.0,17,271252,9,200,0.045,27129773.51517126
3R3X_n144,5e-05,20.0,18,271252,11,200,0.055,22081560.224102773
3R3X_n144,5e-05,20.0,19,271252,15,200,0.075,16022792.773728613
3R3X_n144,5e-05,20.0,20,271252,11,200,0.055,22081560.224102773
3R3X_n144,5e-05,20.0,21,271252,22,200,0.11,10719305.892686283
3R3X_n144,5e-05,20.0,22,271252,11,200,0.055,22081560.224102773
3R3X_n144,5e-05,20.0,23,271252,14,200,0.07,17213031.521314304
3R3X_n144,5e-05,20.0,24,271252,0,200,0.0,inf
3R3X_n144,5e-05,20.0,25,271252,39,200,0.195,5758813.968205277
3R3X_n144,5e-05,20.0,26,271252,45,200,0.225,4900743.84414923
3R3X_n144,5e-05,20.0,27,271252,30,200,0.15,7686253.085409008
3R3X_n144,5e-05,20.0,28,271252,41,200,0.205,5445030.266461662
3R3X_n144,5e-05,20.0,29,271252,0,200,0.0,inf
3R3X_n144,5e-05,20.0,30,271252,0,200,0.0,inf
3R3X_n144,5e-05,20.0,31,271252,14,200,0.07,17213031.521314304
3R3X_n144,5e-05,20.0,32,271252,14,200,0.07,17213031.521314304
3R3X_n144,5e-05,20.0,33,271252,11,200,0.055,22081560.224102773
3R3X_n144,5e-05,20.0,34,271252,0,200,0.0,inf
3R3X_n144,5e-05,20.0,35,271252,25,200,0.125,9354816.112808496
3R3X_n144,5e-05,20.0,36,271252,17,200,0.085,14062192.456530742
3R3X_n144,5e-05,20.0,37,271252,0,200,0.0,inf
3R3X_n144,5e-05,20.0,38,271252,0,200,0.0,inf
3R3X_n144,5e-05,20.0,39,271252,18,200,0.09,13245176.79538674
3R3X_n144,5e-05,20.0,40,271252,33,200,0.165,6927334.75284216
3R3X_n144,5e-05,20.0,41,271252,0,200,0.0,inf
3R3X_n144,5e-05,20.0,42,271252,0,200,0.0,inf
3R3X_n144,5e-05,20.0,43,271252,9,200,0.045,27129773.51517126
3R3X_n144,5e-05,20.0,44,271252,0,200,0.0,inf
3R3X_n144,5e-05,20.0,45,271252,19,200,0.095,12514099.654724924
3R3X_n144,5e-05,20.0,46,271252,36,200,0.18,6294561.423203743
3R3X_n144,5e-05,20.0,47,271252,0,200,0.0,inf
3R3X_n144,5e-05,20.0,48,271252,46,200,0.23,4779380.37067329
3R3X_n144,5e-05,20.0,49,271252,11,200,0.055,22081560.224102773
3R3X_n144,5e-05,20.0,50,271252,30,200,0.15,7686253.085409008
3R3X_n144,5e-05,20.0,51,271252,0,200,0.0,inf
3R3X_n144,5e-05,20.0,52,271252,9,200,0.045,27129773.51517126
3R3X_n144,5e-05,20.0,53,271252,0,200,0.0,inf
3R3X_n144,5e-05,20.0,54,271252,49,200,0.245,4444821.389071807
3R3X_n144,5e-05,20.0,55,271252,0,200,0.0,inf
3R3X_n144,5e-05,20.0,56,271252,5,200,0.025,49339248.64525264
3R3X_n144,5e-05,20.0,57,271252,16,200,0.08,14981260.726244014
3R3X_n144,5e-05,20.0,58,271252,40,200,0.2,5598018.028899657
3R3X_n144,5e-05,20.0,59,271252,0,200,0.0,inf
3R3X_n144,5e-05,20.0,60,271252,36,200,0.18,6294561.423203743
3R3X_n144,5e-05,20.0,61,271252,0,200,0.0,inf
3R3X_n144,5e-05,20.0,62,271252,0,200,0.0,inf
3R3X_n144,5e-05,20.0,63,271252,18,200,0.09,13245176.79538674
3R3X_n144,5e-05,20.0,64,271252,71,200,0.355,2848682.9819698785
3R3X_n144,5e-05,20.0,65,271252,30,200,0.15,7686253.085409008
3R3X_n144,5e-05,20.0,66,271252,19,200,0.095,12514099.654724924
3R3X_n144,5e-05,20.0,67,271252,18,200,0.09,13245176.79538674
3R3X_n144,5e-05,20.0,68,271252,17,200,0.085,14062192.456530742
3R3X_n144,5e-05,20.0,69,271252,17,200,0.085,14062192.456530742
3R3X_n144,5e-05,20.0,70,271252,23,200,0.115,10224980.07576515
3R3X_n144,5e-05,20.0,71,271252,12,200,0.06,20188338.95583108
3R3X_n144,5e-05,20.0,72,271252,27,200,0.135,8613376.820064455
3R3X_n144,5e-05,20.0,73,271252,0,200,0.0,inf
3R3X_n144,5e-05,20.0,74,271252,0,200,0.0,inf
3R3X_n144,5e-05,20.0,75,271252,31,200,0.155,7417002.874903015
3R3X_n144,5e-05,20.0,76,271252,0,200,0.0,inf
3R3X_n144,5e-05,20.0,77,271252,5,200,0.025,49339248.64525264
3R3X_n144,5e-05,20.0,78,271252,15,200,0.075,16022792.773728613
3R3X_n144,5e-05,20.0,79,271252,14,200,0.07,17213031.521314304
3R3X_n144,5e-05,20.0,80,271252,0,200,0.0,inf
3R3X_n144,5e-05,20.0,81,271252,66,200,0.33,3119180.01775685
3R3X_n144,5e-05,20.0,82,271252,0,200,0.0,inf
3R3X_n144,5e-05,20.0,83,271252,15,200,0.075,16022792.773728613
3R3X_n144,5e-05,20.0,84,271252,60,200,0.3,3502241.0307134315
3R3X_n144,5e-05,20.0,85,271252,45,200,0.225,4900743.84414923
3R3X_n144,5e-05,20.0,86,271252,11,200,0.055,22081560.224102773
3R3X_n144,5e-05,20.0,87,271252,67,200,0.335,3061909.0064815124
3R3X_n144,5e-05,20.0,88,271252,0,200,0.0,inf
3R3X_n144,5e-05,20.0,89,271252,0,200,0.0,inf
3R3X_n144,5e-05,20.0,90,271252,31,200,0.155,7417002.874903015
3R3X_n144,5e-05,20.0,91,271252,14,200,0.07,17213031.521314304
3R3X_n144,5e-05,20.0,92,271252,0,200,0.0,inf
3R3X_n144,5e-05,20.0,93,271252,8,200,0.04,30600210.44953669
3R3X_n144,5e-05,20.0,94,271252,0,200,0.0,inf
3R3X_n144,5e-05,20.0,95,271252,32,200,0.16,7164538.892796935
3R3X_n144,5e-05,20.0,96,271252,21,200,0.105,11260651.300001455
3R3X_n144,5e-05,20.0,97,271252,11,200,0.055,22081560.224102773
3R3X_n144,5e-05,20.0,98,271252,0,200,0.0,inf
3R3X_n144,5e-05,20.0,99,271252,0,200,0.0,inf
3R3X_n144,5e-05,20.0,100,271252,0,200,0.0,inf
3R3X_n144,6e-05,20.0,1,245483,0,200,0.0,inf
3R3X_n144,6e-05,20.0,2,245483,0,200,0.0,inf
3R3X_n144,6e-05,20.0,3,245483,14,200,0.07,15577789.719326675
3R3X_n144,6e-05,20.0,4,245483,21,200,0.105,10190886.935684372
3R3X_n144,6e-05,20.0,5,245483,0,200,0.0,inf
3R3X_n144,6e-05,20.0,6,245483,21,200,0.105,10190886.935684372
3R3X_n144,6e-05,20.0,7,245483,9,200,0.045,24552439.03021834
3R3X_n144,6e-05,20.0,8,245483,13,200,0.065,16820592.525873005
3R3X_n144,6e-05,20.0,9,245483,35,200,0.175,5876591.3107621735
3R3X_n144,6e-05,20.0,10,245483,0,200,0.0,inf
3R3X_n144,6e-05,20.0,11,245483,25,200,0.125,8466106.512838863
3R3X_n144,6e-05,20.0,12,245483,0,200,0.0,inf
3R3X_n144,6e-05,20.0,13,245483,0,200,0.0,inf
3R3X_n144,6e-05,20.0,14,245483,30,200,0.15,6956057.342122673
3R3X_n144,6e-05,20.0,15,245483,33,200,0.165,6269236.4190197745
3R3X_n144,6e-05,20.0,16,245483,25,200,0.125,8466106.512838863
3R3X_n144,6e-05,20.0,17,245483,14,200,0.07,15577789.719326675
3R3X_n144,6e-05,20.0,18,245483,15,200,0.075,14500623.916038295
3R3X_n144,6e-05,20.0,19,245483,13,200,0.065,16820592.525873005
3R3X_n144,6e-05,20.0,20,245483,10,200,0.05,22039742.353559893
3R3X_n144,6e-05,20.0,21,245483,24,200,0.12,8843473.182427155
3R3X_n144,6e-05,20.0,22,245483,8,200,0.04,27693183.688170463
3R3X_n144,6e-05,20.0,23,245483,14,200,0.07,15577789.719326675
3R3X_n144,6e-05,20.0,24,245483,0,200,0.0,inf
3R3X_n144,6e-05,20.0,25,245483,31,200,0.155,6712385.9611719595
3R3X_n144,6e-05,20.0,26,245483,47,200,0.235,4220148.328701571
3R3X_n144,6e-05,20.0,27,245483,17,200,0.085,12726281.062652206
3R3X_n144,6e-05,20.0,28,245483,41,200,0.205,4927751.186726026
3R3X_n144,6e-05,20.0,29,245483,0,200,0.0,inf
3R3X_n144,6e-05,20.0,30,245483,0,200,0.0,inf
3R3X_n144,6e-05,20.0,31,245483,16,200,0.08,13558037.643448006
3R3X_n144,6e-05,20.0,32,245483,21,200,0.105,10190886.935684372
3R3X_n144,6e-05,20.0,33,245483,8,200,0.04,27693183.688170463
3R3X_n144,6e-05,20.0,34,245483,0,200,0.0,inf
3R3X_n144,6e-05,20.0,35,245483,29,200,0.145,7216492.164725855
3R3X_n144,6e-05,20.0,36,245483,10,200,0.05,22039742.353559893
3R3X_n144,6e-05,20.0,37,245483,0,200,0.0,inf
3R3X_n144,6e-05,20.0,38,245483,0,200,0.0,inf
3R3X_n144,6e-05,20.0,39,245483,15,200,0.075,14500623.916038295
3R3X_n144,6e-05,20.0,40,245483,21,200,0.105,10190886.935684372
3R3X_n144,6e-05,20.0,41,245483,0,200,0.0,inf
3R3X_n144,6e-05,20.0,42,245483,0,200,0.0,inf
3R3X_n144,6e-05,20.0,43,245483,12,200,0.06,18270442.289436687
3R3X_n144,6e-05,20.0,44,245483,0,200,0.0,inf
3R3X_n144,6e-05,20.0,45,245483,9,200,0.045,24552439.03021834
3R3X_n144,6e-05,20.0,46,245483,28,200,0.14,7495486.890327715
3R3X_n144,6e-05,20.0,47,245483,0,200,0.0,inf
3R3X_n144,6e-05,20.0,48,245483,48,200,0.24,4119312.0037367605
3R3X_n144,6e-05,20.0,49,245483,10,200,0.05,22039742.353559893
3R3X_n144,6e-05,20.0,50,245483,29,200,0.145,7216492.164725855
3R3X_n144,6e-05,20.0,51,245483,0,200,0.0,inf
3R3X_n144,6e-05,20.0,52,245483,8,200,0.04,27693183.688170463
3R3X_n144,6e-05,20.0,53,245483,0,200,0.0,inf
3R3X_n144,6e-05,20.0,54,245483,29,200,0.145,7216492.164725855
3R3X_n144,6e-05,20.0,55,245483,0,200,0.0,inf
3R3X_n144,6e-05,20.0,56,245483,12,200,0.06,18270442.289436687
3R3X_n144,6e-05,20.0,57,245483,14,200,0.07,15577789.719326675
3R3X_n144,6e-05,20.0,58,245483,22,200,0.11,9700969.461807864
3R3X_n144,6e-05,20.0,59,245483,0,200,0.0,inf
3R3X_n144,6e-05,20.0,60,245483,39,200,0.195,5211725.367396133
3R3X_n144,6e-05,20.0,61,245483,0,200,0.0,inf
3R3X_n144,6e-05,20.0,62,245483,0,200,0.0,inf
3R3X_n144,6e-05,20.0,63,245483,15,200,0.075,14500623.916038295
3R3X_n144,6e-05,20.0,64,245483,54,200,0.27,3592158.867479204
3R3X_n144,6e-05,20.0,65,245483,19,200,0.095,11325257.41945069
3R3X_n144,6e-05,20.0,66,245483,20,200,0.1,10729740.507709261
3R3X_n144,6e-05,20.0,67,245483,14,200,0.07,15577789.719326675
3R3X_n144,6e-05,20.0,68,245483,15,200,0.075,14500623.916038295
3R3X_n144,6e-05,20.0,69,245483,6,200,0.03,37114918.15190709
3R3X_n144,6e-05,20.0,70,245483,15,200,0.075,14500623.916038295
3R3X_n144,6e-05,20.0,71,245483,11,200,0.055,19983807.1184486
3R3X_n144,6e-05,20.0,72,245483,24,200,0.12,8843473.182427155
3R3X_n144,6e-05,20.0,73,245483,0,200,0.0,inf
3R3X_n144,6e-05,20.0,74,245483,0,200,0.0,inf
3R3X_n144,6e-05,20.0,75,245483,17,200,0.085,12726281.062652206
3R3X_n144,6e-05,20.0,76,245483,0,200,0.0,inf
3R3X_n144,6e-05,20.0,77,245483,13,200,0.065,16820592.525873005
3R3X_n144,6e-05,20.0,78,245483,10,200,0.05,22039742.353559893
3R3X_n144,6e-05,20.0,79,245483,17,200,0.085,12726281.062652206
3R3X_n144,6e-05,20.0,80,245483,0,200,0.0,inf
3R3X_n144,6e-05,20.0,81,245483,57,200,0.285,3369844.611742051
3R3X_n144,6e-05,20.0,82,245483,0,200,0.0,inf
3R3X_n144,6e-05,20.0,83,245483,7,200,0.035,31731140.874815717
3R3X_n144,6e-05,20.0,84,245483,51,200,0.255,3840360.497573367
3R3X_n144,6e-05,20.0,85,245483,43,200,0.215,4670069.409079277
3R3X_n144,6e-05,20.0,86,245483,13,200,0.065,16820592.525873005
3R3X_n144,6e-05,20.0,87,245483,47,200,0.235,4220148.328701571
3R3X_n144,6e-05,20.0,88,245483,0,200,0.0,inf
3R3X_n144,6e-05,20.0,89,245483,0,200,0.0,inf
3R3X_n144,6e-05,20.0,90,245483,28,200,0.14,7495486.890327715
3R3X_n144,6e-05,20.0,91,245483,12,200,0.06,18270442.289436687
3R3X_n144,6e-05,20.0,92,245483,0,200,0.0,inf
3R3X_n144,6e-05,20.0,93,245483,13,200,0.065,16820592.525873005
3R3X_n144,6e-05,20.0,94,245483,0,200,0.0,inf
3R3X_n144,6e-05,20.0,95,245483,34,200,0.17,6067158.0096912645
3R3X_n144,6e-05,20.0,96,245483,18,200,0.09,11986882.070037907
3R3X_n144,6e-05,20.0,97,245483,14,200,0.07,15577789.719326675
3R3X_n144,6e-05,20.0,98,245483,0,200,0.0,inf
3R3X_n144,6e-05,20.0,99,245483,0,200,0.0,inf
3R3X_n144,6e-05,20.0,100,245483,0,200,0.0,inf
3R3X_n144,7e-05,20.0,1,205542,0,200,0.0,inf
3R3X_n144,7e-05,20.0,2,205542,0,200,0.0,inf
3R3X_n144,7e-05,20.0,3,205542,15,200,0.075,12141318.30289814
3R3X_n144,7e-05,20.0,4,205542,19,200,0.095,9482595.782635594
3R3X_n144,7e-05,20.0,5,205542,0,200,0.0,inf
3R3X_n144,7e-05,20.0,6,205542,16,200,0.08,11352094.333658911
3R3X_n144,7e-05,20.0,7,205542,5,200,0.025,37386960.63086177
3R3X_n144,7e-05,20.0,8,205542,9,200,0.045,20557665.594559047
3R3X_n144,7e-05,20.0,9,205542,25,200,0.125,7088639.396055637
3R3X_n144,7e-05,20.0,10,205542,0,200,0.0,inf
3R3X_n144,7e-05,20.0,11,205542,23,200,0.115,7748008.695725452
3R3X_n144,7e-05,20.0,12,205542,0,200,0.0,inf
3R3X_n144,7e-05,20.0,13,205542,0,200,0.0,inf
3R3X_n144,7e-05,20.0,14,205542,27,200,0.135,6526811.593461757
3R3X_n144,7e-05,20.0,15,205542,35,200,0.175,4920447.978868919
3R3X_n144,7e-05,20.0,16,205542,30,200,0.15,5824280.859426431
3R3X_n144,7e-05,20.0,17,205542,13,200,0.065,14083819.364082191
3R3X_n144,7e-05,20.0,18,205542,15,200,0.075,12141318.30289814
3R3X_n144,7e-05,20.0,19,205542,7,200,0.035,26568365.86521825
3R3X_n144,7e-05,20.0,20,205542,10,200,0.05,18453794.04209419
3R3X_n144,7e-05,20.0,21,205542,22,200,0.11,8122585.535938994
3R3X_n144,7e-05,20.0,22,205542,10,200,0.05,18453794.04209419
3R3X_n144,7e-05,20.0,23,205542,11,200,0.055,16732367.14045438
3R3X_n144,7e-05,20.0,24,205542,0,200,0.0,inf
3R3X_n144,7e-05,20.0,25,205542,24,200,0.12,7404607.100542368
3R3X_n144,7e-05,20.0,26,205542,45,200,0.225,3713553.0474028615
3R3X_n144,7e-05,20.0,27,205542,11,200,0.055,16732367.14045438
3R3X_n144,7e-05,20.0,28,205542,37,200,0.185,4627115.436333109
3R3X_n144,7e-05,20.0,29,205542,0,200,0.0,inf
3R3X_n144,7e-05,20.0,30,205542,0,200,0.0,inf
3R3X_n144,7e-05,20.0,31,205542,14,200,0.07,13043225.211073045
3R3X_n144,7e-05,20.0,32,205542,11,200,0.055,16732367.14045438
3R3X_n144,7e-05,20.0,33,205542,9,200,0.045,20557665.594559047
3R3X_n144,7e-05,20.0,34,205542,0,200,0.0,inf
3R3X_n144,7e-05,20.0,35,205542,17,200,0.085,10655667.651852306
3R3X_n144,7e-05,20.0,36,205542,13,200,0.065,14083819.364082191
3R3X_n144,7e-05,20.0,37,205542,0,200,0.0,inf
3R3X_n144,7e-05,20.0,38,205542,0,200,0.0,inf
3R3X_n144,7e-05,20.0,39,205542,16,200,0.08,11352094.333658911
3R3X_n144,7e-05,20.0,40,205542,17,200,0.085,10655667.651852306
3R3X_n144,7e-05,20.0,41,205542,0,200,0.0,inf
3R3X_n144,7e-05,20.0,42,205542,0,200,0.0,inf
3R3X_n144,7e-05,20.0,43,205542,11,200,0.055,16732367.14045438
3R3X_n144,7e-05,20.0,44,205542,0,200,0.0,inf
3R3X_n144,7e-05,20.0,45,205542,9,200,0.045,20557665.594559047
3R3X_n144,7e-05,20.0,46,205542,28,200,0.14,6275943.207520437
3R3X_n144,7e-05,20.0,47,205542,0,200,0.0,inf
3R3X_n144,7e-05,20.0,48,205542,51,200,0.255,3215519.516187373
3R3X_n144,7e-05,20.0,49,205542,14,200,0.07,13043225.211073045
3R3X_n144,7e-05,20.0,50,205542,24,200,0.12,7404607.100542368
3R3X_n144,7e-05,20.0,51,205542,0,200,0.0,inf
3R3X_n144,7e-05,20.0,52,205542,11,200,0.055,16732367.14045438
3R3X_n144,7e-05,20.0,53,205542,0,200,0.0,inf
3R3X_n144,7e-05,20.0,54,205542,26,200,0.13,6796939.816364586
3R3X_n144,7e-05,20.0,55,205542,0,200,0.0,inf
3R3X_n144,7e-05,20.0,56,205542,9,200,0.045,20557665.594559047
3R3X_n144,7e-05,20.0,57,205542,15,200,0.075,12141318.30289814
3R3X_n144,7e-05,20.0,58,205542,20,200,0.1,8983971.694315195
3R3X_n144,7e-05,20.0,59,205542,0,200,0.0,inf
3R3X_n144,7e-05,20.0,60,205542,19,200,0.095,9482595.782635594
3R3X_n144,7e-05,20.0,61,205542,0,200,0.0,inf
3R3X_n144,7e-05,20.0,62,205542,0,200,0.0,inf
3R3X_n144,7e-05,20.0,63,205542,16,200,0.08,11352094.333658911
3R3X_n144,7e-05,20.0,64,205542,55,200,0.275,2943420.682370284
3R3X_n144,7e-05,20.0,65,205542,24,200,0.12,7404607.100542368
3R3X_n144,7e-05,20.0,66,205542,7,200,0.035,26568365.86521825
3R3X_n144,7e-05,20.0,67,205542,11,200,0.055,16732367.14045438
3R3X_n144,7e-05,20.0,68,205542,11,200,0.055,16732367.14045438
3R3X_n144,7e-05,20.0,69,205542,12,200,0.06,15297773.161707312
3R3X_n144,7e-05,20.0,70,205542,25,200,0.125,7088639.396055637
3R3X_n144,7e-05,20.0,71,205542,13,200,0.065,14083819.364082191
3R3X_n144,7e-05,20.0,72,205542,12,200,0.06,15297773.161707312
3R3X_n144,7e-05,20.0,73,205542,0,200,0.0,inf
3R3X_n144,7e-05,20.0,74,205542,0,200,0.0,inf
3R3X_n144,7e-05,20.0,75,205542,26,200,0.13,6796939.816364586
3R3X_n144,7e-05,20.0,76,205542,0,200,0.0,inf
3R3X_n144,7e-05,20.0,77,205542,9,200,0.045,20557665.594559047
3R3X_n144,7e-05,20.0,78,205542,15,200,0.075,12141318.30289814
3R3X_n144,7e-05,20.0,79,205542,9,200,0.045,20557665.594559047
3R3X_n144,7e-05,20.0,80,205542,0,200,0.0,inf
3R3X_n144,7e-05,20.0,81,205542,53,200,0.265,3074383.511512401
3R3X_n144,7e-05,20.0,82,205542,0,200,0.0,inf
3R3X_n144,7e-05,20.0,83,205542,9,200,0.045,20557665.594559047
3R3X_n144,7e-05,20.0,84,205542,33,200,0.165,5249208.263049427
3R3X_n144,7e-05,20.0,85,205542,28,200,0.14,6275943.207520437
3R3X_n144,7e-05,20.0,86,205542,10,200,0.05,18453794.04209419
3R3X_n144,7e-05,20.0,87,205542,50,200,0.25,3290284.59195009
3R3X_n144,7e-05,20.0,88,205542,0,200,0.0,inf
3R3X_n144,7e-05,20.0,89,205542,0,200,0.0,inf
3R3X_n144,7e-05,20.0,90,205542,24,200,0.12,7404607.100542368
3R3X_n144,7e-05,20.0,91,205542,8,200,0.04,23187399.378506597
3R3X_n144,7e-05,20.0,92,205542,0,200,0.0,inf
3R3X_n144,7e-05,20.0,93,205542,8,200,0.04,23187399.378506597
3R3X_n144,7e-05,20.0,94,205542,0,200,0.0,inf
3R3X_n144,7e-05,20.0,95,205542,29,200,0.145,6042341.964706647
3R3X_n144,7e-05,20.0,96,205542,15,200,0.075,12141318.30289814
3R3X_n144,7e-05,20.0,97,205542,11,200,0.055,16732367.14045438
3R3X_n144,7e-05,20.0,98,205542,0,200,0.0,inf
3R3X_n144,7e-05,20.0,99,205542,0,200,0.0,inf
3R3X_n144,7e-05,20.0,100,205542,0,200,0.0,inf
3R3X_n144,8e-05,20.0,1,172414,0,200,0.0,inf
3R3X_n144,8e-05,20.0,2,172414,0,200,0.0,inf
3R3X_n144,8e-05,20.0,3,172414,13,200,0.065,11813875.664530205
3R3X_n144,8e-05,20.0,4,172414,12,200,0.06,12832171.82815485
3R3X_n144,8e-05,20.0,5,172414,0,200,0.0,inf
3R3X_n144,8e-05,20.0,6,172414,16,200,0.08,9522433.334517848
3R3X_n144,8e-05,20.0,7,172414,8,200,0.04,19450196.438907064
3R3X_n144,8e-05,20.0,8,172414,6,200,0.03,26067513.832904555
3R3X_n144,8e-05,20.0,9,172414,20,200,0.1,7535990.190343871
3R3X_n144,8e-05,20.0,10,172414,0,200,0.0,inf
3R3X_n144,8e-05,20.0,11,172414,21,200,0.105,7157528.546290722
3R3X_n144,8e-05,20.0,12,172414,0,200,0.0,inf
3R3X_n144,8e-05,20.0,13,172414,0,200,0.0,inf
3R3X_n144,8e-05,20.0,14,172414,24,200,0.12,6211177.903459691
3R3X_n144,8e-05,20.0,15,172414,23,200,0.115,6499232.133893843
3R3X_n144,8e-05,20.0,16,172414,38,200,0.19,3767995.0951719363
3R3X_n144,8e-05,20.0,17,172414,9,200,0.045,17244307.031265162
3R3X_n144,8e-05,20.0,18,172414,16,200,0.08,9522433.334517848
3R3X_n144,8e-05,20.0,19,172414,7,200,0.035,22286239.465830535
3R3X_n144,8e-05,20.0,20,172414,13,200,0.065,11813875.664530205
3R3X_n144,8e-05,20.0,21,172414,18,200,0.09,8418938.522111576
3R3X_n144,8e-05,20.0,22,172414,6,200,0.03,26067513.832904555
3R3X_n144,8e-05,20.0,23,172414,10,200,0.05,15479524.603115799
3R3X_n144,8e-05,20.0,24,172414,0,200,0.0,inf
3R3X_n144,8e-05,20.0,25,172414,27,200,0.135,5474860.097085342
3R3X_n144,8e-05,20.0,26,172414,41,200,0.205,3460986.272402493
3R3X_n144,8e-05,20.0,27,172414,17,200,0.085,8938252.437586788
3R3X_n144,8e-05,20.0,28,172414,25,200,0.125,5946135.937334154
3R3X_n144,8e-05,20.0,29,172414,0,200,0.0,inf
3R3X_n144,8e-05,20.0,30,172414,0,200,0.0,inf
3R3X_n144,8e-05,20.0,31,172414,10,200,0.05,15479524.603115799
3R3X_n144,8e-05,20.0,32,172414,16,200,0.08,9522433.334517848
3R3X_n144,8e-05,20.0,33,172414,6,200,0.03,26067513.832904555
3R3X_n144,8e-05,20.0,34,172414,0,200,0.0,inf
3R3X_n144,8e-05,20.0,35,172414,12,200,0.06,12832171.82815485
3R3X_n144,8e-05,20.0,36,172414,7,200,0.035,22286239.465830535
3R3X_n144,8e-05,20.0,37,172414,0,200,0.0,inf
3R3X_n144,8e-05,20.0,38,172414,0,200,0.0,inf
3R3X_n144,8e-05,20.0,39,172414,7,200,0.035,22286239.465830535
3R3X_n144,8e-05,20.0,40,172414,13,200,0.065,11813875.664530205
3R3X_n144,8e-05,20.0,41,172414,0,200,0.0,inf
3R3X_n144,8e-05,20.0,42,172414,0,200,0.0,inf
3R3X_n144,8e-05,20.0,43,172414,4,200,0.02,39301455.98646624
3R3X_n144,8e-05,20.0,44,172414,0,200,0.0,inf
3R3X_n144,8e-05,20.0,45,172414,5,200,0.025,31361159.423423927
3R3X_n144,8e-05,20.0,46,172414,15,200,0.075,10184455.020754296
3R3X_n144,8e-05,20.0,47,172414,0,200,0.0,inf
3R3X_n144,8e-05,20.0,48,172414,24,200,0.12,6211177.903459691
3R3X_n144,8e-05,20.0,49,172414,12,200,0.06,12832171.82815485
3R3X_n144,8e-05,20.0,50,172414,17,200,0.085,8938252.437586788
3R3X_n144,8e-05,20.0,51,172414,0,200,0.0,inf
3R3X_n144,8e-05,20.0,52,172414,9,200,0.045,17244307.031265162
3R3X_n144,8e-05,20.0,53,172414,0,200,0.0,inf
3R3X_n144,8e-05,20.0,54,172414,41,200,0.205,3460986.272402493
3R3X_n144,8e-05,20.0,55,172414,0,200,0.0,inf
3R3X_n144,8e-05,20.0,56,172414,11,200,0.055,14035546.740589766
3R3X_n144,8e-05,20.0,57,172414,7,200,0.035,22286239.465830535
3R3X_n144,8e-05,20.0,58,172414,26,200,0.13,5701450.708364635
3R3X_n144,8e-05,20.0,59,172414,0,200,0.0,inf
3R3X_n144,8e-05,20.0,60,172414,22,200,0.11,6813436.974406135
3R3X_n144,8e-05,20.0,61,172414,0,200,0.0,inf
3R3X_n144,8e-05,20.0,62,172414,0,200,0.0,inf
3R3X_n144,8e-05,20.0,63,172414,14,200,0.07,10940998.100349065
3R3X_n144,8e-05,20.0,64,172414,55,200,0.275,2469018.1740480787
3R3X_n144,8e-05,20.0,65,172414,12,200,0.06,12832171.82815485
3R3X_n144,8e-05,20.0,66,172414,10,200,0.05,15479524.603115799
3R3X_n144,8e-05,20.0,67,172414,12,200,0.06,12832171.82815485
3R3X_n144,8e-05,20.0,68,172414,7,200,0.035,22286239.465830535
3R3X_n144,8e-05,20.0,69,172414,2,200,0.01,79001918.34587592
3R3X_n144,8e-05,20.0,70,172414,11,200,0.055,14035546.740589766
3R3X_n144,8e-05,20.0,71,172414,10,200,0.05,15479524.603115799
3R3X_n144,8e-05,20.0,72,172414,9,200,0.045,17244307.031265162
3R3X_n144,8e-05,20.0,73,172414,0,200,0.0,inf
3R3X_n144,8e-05,20.0,74,172414,0,200,0.0,inf
3R3X_n144,8e-05,20.0,75,172414,21,200,0.105,7157528.546290722
3R3X_n144,8e-05,20.0,76,172414,0,200,0.0,inf
3R3X_n144,8e-05,20.0,77,172414,5,200,0.025,31361159.423423927
3R3X_n144,8e-05,20.0,78,172414,11,200,0.055,14035546.740589766
3R3X_n144,8e-05,20.0,79,172414,18,200,0.09,8418938.522111576
3R3X_n144,8e-05,20.0,80,172414,0,200,0.0,inf
3R3X_n144,8e-05,20.0,81,172414,51,200,0.255,2697261.7852503615
3R3X_n144,8e-05,20.0,82,172414,0,200,0.0,inf
3R3X_n144,8e-05,20.0,83,172414,12,200,0.06,12832171.82815485
3R3X_n144,8e-05,20.0,84,172414,35,200,0.175,4127400.326107101
3R3X_n144,8e-05,20.0,85,172414,23,200,0.115,6499232.133893843
3R3X_n144,8e-05,20.0,86,172414,3,200,0.015,52535056.246952586
3R3X_n144,8e-05,20.0,87,172414,45,200,0.225,3115025.3238506825
3R3X_n144,8e-05,20.0,88,172414,0,200,0.0,inf
3R3X_n144,8e-05,20.0,89,172414,0,200,0.0,inf
3R3X_n144,8e-05,20.0,90,172414,16,200,0.08,9522433.334517848
3R3X_n144,8e-05,20.0,91,172414,11,200,0.055,14035546.740589766
3R3X_n144,8e-05,20.0,92,172414,0,200,0.0,inf
3R3X_n144,8e-05,20.0,93,172414,7,200,0.035,22286239.465830535
3R3X_n144,8e-05,20.0,94,172414,0,200,0.0,inf
3R3X_n144,8e-05,20.0,95,172414,18,200,0.09,8418938.522111576
3R3X_n144,8e-05,20.0,96,172414,13,200,0.065,11813875.664530205
3R3X_n144,8e-05,20.0,97,172414,9,200,0.045,17244307.031265162
3R3X_n144,8e-05,20.0,98,172414,0,200,0.0,inf
3R3X_n144,8e-05,20.0,99,172414,0,200,0.0,inf
3R3X_n144,8e-05,20.0,100,172414,0,200,0.0,inf
3R3X_n144,9e-05,20.0,1,142981,0,200,0.0,inf
3R3X_n144,9e-05,20.0,2,142981,0,200,0.0,inf
3R3X_n144,9e-05,20.0,3,142981,9,199,0.0452261306532663,14227336.460273093
3R3X_n144,9e-05,20.0,4,142981,20,198,0.101010101010101,6183605.530868927
3R3X_n144,9e-05,20.0,5,142981,0,200,0.0,inf
3R3X_n144,9e-05,20.0,6,142981,11,200,0.055,11639521.7819682
3R3X_n144,9e-05,20.0,7,142981,4,200,0.02,32592257.46401643
3R3X_n144,9e-05,20.0,8,142981,10,200,0.05,12836996.45781723
3R3X_n144,9e-05,20.0,9,142981,19,200,0.095,6596369.732692199
3R3X_n144,9e-05,20.0,10,142981,0,200,0.0,inf
3R3X_n144,9e-05,20.0,11,142981,13,200,0.065,9797114.830525324
3R3X_n144,9e-05,20.0,12,142981,0,200,0.0,inf
3R3X_n144,9e-05,20.0,13,142981,0,200,0.0,inf
3R3X_n144,9e-05,20.0,14,142981,19,200,0.095,6596369.732692199
3R3X_n144,9e-05,20.0,15,142981,17,200,0.085,7412392.681444641
3R3X_n144,9e-05,20.0,16,142981,26,200,0.13,4728149.2438704735
3R3X_n144,9e-05,20.0,17,142981,11,200,0.055,11639521.7819682
3R3X_n144,9e-05,20.0,18,142981,8,200,0.04,16129830.15898576
3R3X_n144,9e-05,20.0,19,142981,6,200,0.03,21617497.39198978
3R3X_n144,9e-05,20.0,20,142981,7,200,0.035,18481728.89129604
3R3X_n144,9e-05,20.0,21,142981,10,200,0.05,12836996.45781723
3R3X_n144,9e-05,20.0,22,142981,8,200,0.04,16129830.15898576
3R3X_n144,9e-05,20.0,23,142981,5,200,0.025,26007458.41706924
3R3X_n144,9e-05,20.0,24,142981,0,200,0.0,inf
3R3X_n144,9e-05,20.0,25,142981,18,200,0.09,6981731.465136446
3R3X_n144,9e-05,20.0,26,142981,26,200,0.13,4728149.2438704735
3R3X_n144,9e-05,20.0,27,142981,11,200,0.055,11639521.7819682
3R3X_n144,9e-05,20.0,28,142981,22,200,0.11,5650307.005449462
3R3X_n144,9e-05,20.0,29,142981,0,200,0.0,inf
3R3X_n144,9e-05,20.0,30,142981,0,200,0.0,inf
3R3X_n144,9e-05,20.0,31,142981,4,200,0.02,32592257.46401643
3R3X_n144,9e-05,20.0,32,142981,12,200,0.06,10641576.439044442
3R3X_n144,9e-05,20.0,33,142981,9,200,0.045,14300510.768483557
3R3X_n144,9e-05,20.0,34,142981,0,200,0.0,inf
3R3X_n144,9e-05,20.0,35,142981,14,200,0.07,9073247.23854217
3R3X_n144,9e-05,20.0,36,142981,9,200,0.045,14300510.768483557
3R3X_n144,9e-05,20.0,37,142981,0,200,0.0,inf
3R3X_n144,9e-05,20.0,38,142981,0,200,0.0,inf
3R3X_n144,9e-05,20.0,39,142981,5,200,0.025,26007458.41706924
3R3X_n144,9e-05,20.0,40,142981,11,200,0.055,11639521.7819682
3R3X_n144,9e-05,20.0,41,142981,0,200,0.0,inf
3R3X_n144,9e-05,20.0,42,142981,0,200,0.0,inf
3R3X_n144,9e-05,20.0,43,142981,3,198,0.0151515151515151,43127757.674757935
3R3X_n144,9e-05,20.0,44,142981,0,200,0.0,inf
3R3X_n144,9e-05,20.0,45,142981,8,200,0.04,16129830.15898576
3R3X_n144,9e-05,20.0,46,142981,13,200,0.065,9797114.830525324
3R3X_n144,9e-05,20.0,47,142981,0,200,0.0,inf
3R3X_n144,9e-05,20.0,48,142981,32,200,0.16,3776535.9718306167
3R3X_n144,9e-05,20.0,49,142981,5,200,0.025,26007458.41706924
3R3X_n144,9e-05,20.0,50,142981,10,200,0.05,12836996.45781723
3R3X_n144,9e-05,20.0,51,142981,0,200,0.0,inf
3R3X_n144,9e-05,20.0,52,142981,11,200,0.055,11639521.7819682
3R3X_n144,9e-05,20.0,53,142981,0,200,0.0,inf
3R3X_n144,9e-05,20.0,54,142981,24,200,0.12,5150860.300292146
3R3X_n144,9e-05,20.0,55,142981,0,200,0.0,inf
3R3X_n144,9e-05,20.0,56,142981,4,200,0.02,32592257.46401643
3R3X_n144,9e-05,20.0,57,142981,10,200,0.05,12836996.45781723
3R3X_n144,9e-05,20.0,58,142981,20,200,0.1,6249512.298337473
3R3X_n144,9e-05,20.0,59,142981,0,200,0.0,inf
3R3X_n144,9e-05,20.0,60,142981,16,200,0.08,7896847.359278807
3R3X_n144,9e-05,20.0,61,142981,0,200,0.0,inf
3R3X_n144,9e-05,20.0,62,142981,0,200,0.0,inf
3R3X_n144,9e-05,20.0,63,142981,6,200,0.03,21617497.39198978
3R3X_n144,9e-05,20.0,64,142981,30,200,0.15,4051539.352354509
3R3X_n144,9e-05,20.0,65,142981,10,200,0.05,12836996.45781723
3R3X_n144,9e-05,20.0,66,142981,8,200,0.04,16129830.15898576
3R3X_n144,9e-05,20.0,67,142981,10,200,0.05,12836996.45781723
3R3X_n144,9e-05,20.0,68,142981,6,200,0.03,21617497.39198978
3R3X_n144,9e-05,20.0,69,142981,9,200,0.045,14300510.768483557
3R3X_n144,9e-05,20.0,70,142981,16,200,0.08,7896847.359278807
3R3X_n144,9e-05,20.0,71,142981,10,200,0.05,12836996.45781723
3R3X_n144,9e-05,20.0,72,142981,10,200,0.05,12836996.45781723
3R3X_n144,9e-05,20.0,73,142981,0,200,0.0,inf
3R3X_n144,9e-05,20.0,74,142981,0,200,0.0,inf
3R3X_n144,9e-05,20.0,75,142981,15,199,0.0753768844221105,8401935.388516016
3R3X_n144,9e-05,20.0,76,142981,0,200,0.0,inf
3R3X_n144,9e-05,20.0,77,142981,9,199,0.0452261306532663,14227336.460273093
3R3X_n144,9e-05,20.0,78,142981,11,200,0.055,11639521.7819682
3R3X_n144,9e-05,20.0,79,142981,9,200,0.045,14300510.768483557
3R3X_n144,9e-05,20.0,80,142981,0,200,0.0,inf
3R3X_n144,9e-05,20.0,81,142981,35,200,0.175,3422806.883589032
3R3X_n144,9e-05,20.0,82,142981,0,200,0.0,inf
3R3X_n144,9e-05,20.0,83,142981,7,200,0.035,18481728.89129604
3R3X_n144,9e-05,20.0,84,142981,31,200,0.155,3909613.525638549
3R3X_n144,9e-05,20.0,85,142981,24,200,0.12,5150860.300292146
3R3X_n144,9e-05,20.0,86,142981,13,200,0.065,9797114.830525324
3R3X_n144,9e-05,20.0,87,142981,25,200,0.125,4931063.964967894
3R3X_n144,9e-05,20.0,88,142981,0,200,0.0,inf
3R3X_n144,9e-05,20.0,89,142981,0,200,0.0,inf
3R3X_n144,9e-05,20.0,90,142981,20,200,0.1,6249512.298337473
3R3X_n144,9e-05,20.0,91,142981,5,200,0.025,26007458.41706924
3R3X_n144,9e-05,20.0,92,142981,0,200,0.0,inf
3R3X_n144,9e-05,20.0,93,142981,7,200,0.035,18481728.89129604
3R3X_n144,9e-05,20.0,94,142981,0,200,0.0,inf
3R3X_n144,9e-05,20.0,95,142981,13,200,0.065,9797114.830525324
3R3X_n144,9e-05,20.0,96,142981,8,200,0.04,16129830.15898576
3R3X_n144,9e-05,20.0,97,142981,6,200,0.03,21617497.39198978
3R3X_n144,9e-05,20.0,98,142981,0,200,0.0,inf
3R3X_n144,9e-05,20.0,99,142981,0,200,0.0,inf
3R3X_n144,9e-05,20.0,100,142981,0,200,0.0,inf
3R3X_n144,0.0001,20.0,1,129108,0,200,0.0,inf
3R3X_n144,0.0001,20.0,2,129108,0,200,0.0,inf
3R3X_n144,0.0001,20.0,3,129108,8,200,0.04,14564803.100875877
3R3X_n144,0.0001,20.0,4,129108,8,200,0.04,14564803.100875877
3R3X_n144,0.0001,20.0,5,129108,0,200,0.0,inf
3R3X_n144,0.0001,20.0,6,129108,10,200,0.05,11591462.772507306
3R3X_n144,0.0001,20.0,7,129108,6,200,0.03,19520019.11642118
3R3X_n144,0.0001,20.0,8,129108,10,200,0.05,11591462.772507306
3R3X_n144,0.0001,20.0,9,129108,19,200,0.095,5956344.573393839
3R3X_n144,0.0001,20.0,10,129108,0,200,0.0,inf
3R3X_n144,0.0001,20.0,11,129108,23,200,0.115,4866790.761439131
3R3X_n144,0.0001,20.0,12,129108,0,200,0.0,inf
3R3X_n144,0.0001,20.0,13,129108,0,200,0.0,inf
3R3X_n144,0.0001,20.0,14,129108,13,200,0.065,8846531.36808012
3R3X_n144,0.0001,20.0,15,129108,11,200,0.055,10510175.325577177
3R3X_n144,0.0001,20.0,16,129108,27,200,0.135,4099714.857346238
3R3X_n144,0.0001,20.0,17,129108,8,200,0.04,14564803.100875877
3R3X_n144,0.0001,20.0,18,129108,10,200,0.05,11591462.772507306
3R3X_n144,0.0001,20.0,19,129108,11,200,0.055,10510175.325577177
3R3X_n144,0.0001,20.0,20,129108,7,200,0.035,16688504.442530474
3R3X_n144,0.0001,20.0,21,129108,11,200,0.055,10510175.325577177
3R3X_n144,0.0001,20.0,22,129108,8,200,0.04,14564803.100875877
3R3X_n144,0.0001,20.0,23,129108,9,200,0.045,12912976.859144747
3R3X_n144,0.0001,20.0,24,129108,0,200,0.0,inf
3R3X_n144,0.0001,20.0,25,129108,21,200,0.105,5359739.902528232
3R3X_n144,0.0001,20.0,26,129108,26,200,0.13,4269391.685452118
3R3X_n144,0.0001,20.0,27,129108,12,200,0.06,9609057.503389612
3R3X_n144,0.0001,20.0,28,129108,15,200,0.075,7626379.6374978
3R3X_n144,0.0001,20.0,29,129108,0,200,0.0,inf
3R3X_n144,0.0001,20.0,30,129108,0,200,0.0,inf
3R3X_n144,0.0001,20.0,31,129108,2,200,0.01,59158651.117654875
3R3X_n144,0.0001,20.0,32,129108,11,200,0.055,10510175.325577177
3R3X_n144,0.0001,20.0,33,129108,4,200,0.02,29429932.485184982
3R3X_n144,0.0001,20.0,34,129108,0,200,0.0,inf
3R3X_n144,0.0001,20.0,35,129108,14,200,0.07,8192898.388413164
3R3X_n144,0.0001,20.0,36,129108,6,200,0.03,19520019.11642118
3R3X_n144,0.0001,20.0,37,129108,0,200,0.0,inf
3R3X_n144,0.0001,20.0,38,129108,0,200,0.0,inf
3R3X_n144,0.0001,20.0,39,129108,10,200,0.05,11591462.772507306
3R3X_n144,0.0001,20.0,40,129108,5,200,0.025,23484035.930025503
3R3X_n144,0.0001,20.0,41,129108,0,200,0.0,inf
3R3X_n144,0.0001,20.0,42,129108,0,200,0.0,inf
3R3X_n144,0.0001,20.0,43,129108,0,200,0.0,inf
3R3X_n144,0.0001,20.0,44,129108,0,200,0.0,inf
3R3X_n144,0.0001,20.0,45,129108,9,200,0.045,12912976.859144747
3R3X_n144,0.0001,20.0,46,129108,10,200,0.05,11591462.772507306
3R3X_n144,0.0001,20.0,47,129108,0,200,0.0,inf
3R3X_n144,0.0001,20.0,48,129108,27,200,0.135,4099714.857346238
3R3X_n144,0.0001,20.0,49,129108,11,200,0.055,10510175.325577177
3R3X_n144,0.0001,20.0,50,129108,16,200,0.08,7130640.916357896
3R3X_n144,0.0001,20.0,51,129108,0,200,0.0,inf
3R3X_n144,0.0001,20.0,52,129108,10,200,0.05,11591462.772507306
3R3X_n144,0.0001,20.0,53,129108,0,200,0.0,inf
3R3X_n144,0.0001,20.0,54,129108,17,200,0.085,6693191.363299704
3R3X_n144,0.0001,20.0,55,129108,0,200,0.0,inf
3R3X_n144,0.0001,20.0,56,129108,5,200,0.025,23484035.930025503
3R3X_n144,0.0001,20.0,57,129108,5,200,0.025,23484035.930025503
3R3X_n144,0.0001,20.0,58,129108,20,200,0.1,5643141.632900557
3R3X_n144,0.0001,20.0,59,129108,0,200,0.0,inf
3R3X_n144,0.0001,20.0,60,129108,20,200,0.1,5643141.632900557
3R3X_n144,0.0001,20.0,61,129108,0,200,0.0,inf
3R3X_n144,0.0001,20.0,62,129108,0,200,0.0,inf
3R3X_n144,0.0001,20.0,63,129108,13,200,0.065,8846531.36808012
3R3X_n144,0.0001,20.0,64,129108,33,200,0.165,3297208.261210777
3R3X_n144,0.0001,20.0,65,129108,12,200,0.06,9609057.503389612
3R3X_n144,0.0001,20.0,66,129108,6,200,0.03,19520019.11642118
3R3X_n144,0.0001,20.0,67,129108,11,200,0.055,10510175.325577177
3R3X_n144,0.0001,20.0,68,129108,4,200,0.02,29429932.485184982
3R3X_n144,0.0001,20.0,69,129108,8,200,0.04,14564803.100875877
3R3X_n144,0.0001,20.0,70,129108,9,200,0.045,12912976.859144747
3R3X_n144,0.0001,20.0,71,129108,8,200,0.04,14564803.100875877
3R3X_n144,0.0001,20.0,72,129108,9,200,0.045,12912976.859144747
3R3X_n144,0.0001,20.0,73,129108,0,200,0.0,inf
3R3X_n144,0.0001,20.0,74,129108,0,200,0.0,inf
3R3X_n144,0.0001,20.0,75,129108,16,200,0.08,7130640.916357896
3R3X_n144,0.0001,20.0,76,129108,0,200,0.0,inf
3R3X_n144,0.0001,20.0,77,129108,4,200,0.02,29429932.485184982
3R3X_n144,0.0001,20.0,78,129108,8,200,0.04,14564803.100875877
3R3X_n144,0.0001,20.0,79,129108,10,200,0.05,11591462.772507306
3R3X_n144,0.0001,20.0,80,129108,0,200,0.0,inf
3R3X_n144,0.0001,20.0,81,129108,38,200,0.19,2821570.8164502787
3R3X_n144,0.0001,20.0,82,129108,0,200,0.0,inf
3R3X_n144,0.0001,20.0,83,129108,3,200,0.015,39339589.83569522
3R3X_n144,0.0001,20.0,84,129108,36,200,0.18,2996026.7066306937
3R3X_n144,0.0001,20.0,85,129108,20,200,0.1,5643141.632900557
3R3X_n144,0.0001,20.0,86,129108,6,200,0.03,19520019.11642118
3R3X_n144,0.0001,20.0,87,129108,32,200,0.16,3410110.4779733485
3R3X_n144,0.0001,20.0,88,129108,0,200,0.0,inf
3R3X_n144,0.0001,20.0,89,129108,0,200,0.0,inf
3R3X_n144,0.0001,20.0,90,129108,17,200,0.085,6693191.363299704
3R3X_n144,0.0001,20.0,91,129108,8,200,0.04,14564803.100875877
3R3X_n144,0.0001,20.0,92,129108,0,200,0.0,inf
3R3X_n144,0.0001,20.0,93,129108,4,200,0.02,29429932.485184982
3R3X_n144,0.0001,20.0,94,129108,0,200,0.0,inf
3R3X_n144,0.0001,20.0,95,129108,8,200,0.04,14564803.100875877
3R3X_n144,0.0001,20.0,96,129108,14,200,0.07,8192898.388413164
3R3X_n144,0.0001,20.0,97,129108,8,200,0.04,14564803.100875877
3R3X_n144,0.0001,20.0,98,129108,0,200,0.0,inf
3R3X_n144,0.0001,20.0,99,129108,0,200,0.0,inf
3R3X_n144,0.0001,20.0,100,129108,0,200,0.0,inf
3R3X_n144,0.0002,20.0,1,68788,0,200,0.0,inf
3R3X_n144,0.0002,20.0,2,68788,0,200,0.0,inf
3R3X_n144,0.0002,20.0,3,68788,3,200,0.015,20959907.25298047
3R3X_n144,0.0002,20.0,4,68788,9,200,0.045,6879959.818034892
3R3X_n144,0.0002,20.0,5,68788,0,200,0.0,inf
3R3X_n144,0.0002,20.0,6,68788,1,200,0.005,63197566.80449173
3R3X_n144,0.0002,20.0,7,68788,3,200,0.015,20959907.25298047
3R3X_n144,0.0002,20.0,8,68788,4,200,0.02,15680098.799384272
3R3X_n144,0.0002,20.0,9,68788,8,200,0.04,7760043.341257318
3R3X_n144,0.0002,20.0,10,68788,0,200,0.0,inf
3R3X_n144,0.0002,20.0,11,68788,5,200,0.025,12512159.30503605
3R3X_n144,0.0002,20.0,12,68788,0,200,0.0,inf
3R3X_n144,0.0002,20.0,13,68788,0,200,0.0,inf
3R3X_n144,0.0002,20.0,14,68788,9,200,0.045,6879959.818034892
3R3X_n144,0.0002,20.0,15,68788,8,200,0.04,7760043.341257318
3R3X_n144,0.0002,20.0,16,68788,12,200,0.06,5119650.583566972
3R3X_n144,0.0002,20.0,17,68788,8,200,0.04,7760043.341257318
3R3X_n144,0.0002,20.0,18,68788,3,200,0.015,20959907.25298047
3R3X_n144,0.0002,20.0,19,68788,3,200,0.015,20959907.25298047
3R3X_n144,0.0002,20.0,20,68788,1,200,0.005,63197566.80449173
3R3X_n144,0.0002,20.0,21,68788,3,200,0.015,20959907.25298047
3R3X_n144,0.0002,20.0,22,68788,7,200,0.035,8891539.20433115
3R3X_n144,0.0002,20.0,23,68788,5,200,0.025,12512159.30503605
3R3X_n144,0.0002,20.0,24,68788,0,200,0.0,inf
3R3X_n144,0.0002,20.0,25,68788,17,200,0.085,3566093.871012331
3R3X_n144,0.0002,20.0,26,68788,21,200,0.105,2855638.6003587074
3R3X_n144,0.0002,20.0,27,68788,10,200,0.05,6175864.711677298
3R3X_n144,0.0002,20.0,28,68788,10,200,0.05,6175864.711677298
3R3X_n144,0.0002,20.0,29,68788,0,200,0.0,inf
3R3X_n144,0.0002,20.0,30,68788,0,200,0.0,inf
3R3X_n144,0.0002,20.0,31,68788,5,200,0.025,12512159.30503605
3R3X_n144,0.0002,20.0,32,68788,1,200,0.005,63197566.80449173
3R3X_n144,0.0002,20.0,33,68788,3,200,0.015,20959907.25298047
3R3X_n144,0.0002,20.0,34,68788,0,200,0.0,inf
3R3X_n144,0.0002,20.0,35,68788,9,200,0.045,6879959.818034892
3R3X_n144,0.0002,20.0,36,68788,4,200,0.02,15680098.799384272
3R3X_n144,0.0002,20.0,37,68788,0,200,0.0,inf
3R3X_n144,0.0002,20.0,38,68788,0,200,0.0,inf
3R3X_n144,0.0002,20.0,39,68788,6,200,0.03,10400153.940734735
3R3X_n144,0.0002,20.0,40,68788,6,200,0.03,10400153.940734735
3R3X_n144,0.0002,20.0,41,68788,0,200,0.0,inf
3R3X_n144,0.0002,20.0,42,68788,0,200,0.0,inf
3R3X_n144,0.0002,20.0,43,68788,3,200,0.015,20959907.25298047
3R3X_n144,0.0002,20.0,44,68788,0,200,0.0,inf
3R3X_n144,0.0002,20.0,45,68788,4,200,0.02,15680098.799384272
3R3X_n144,0.0002,20.0,46,68788,3,200,0.015,20959907.25298047
3R3X_n144,0.0002,20.0,47,68788,0,200,0.0,inf
3R3X_n144,0.0002,20.0,48,68788,14,200,0.07,4365129.150340526
3R3X_n144,0.0002,20.0,49,68788,6,200,0.03,10400153.940734735
3R3X_n144,0.0002,20.0,50,68788,4,200,0.02,15680098.799384272
3R3X_n144,0.0002,20.0,51,68788,0,200,0.0,inf
3R3X_n144,0.0002,20.0,52,68788,3,200,0.015,20959907.25298047
3R3X_n144,0.0002,20.0,53,68788,0,200,0.0,inf
3R3X_n144,0.0002,20.0,54,68788,12,200,0.06,5119650.583566972
3R3X_n144,0.0002,20.0,55,68788,0,200,0.0,inf
3R3X_n144,0.0002,20.0,56,68788,4,200,0.02,15680098.799384272
3R3X_n144,0.0002,20.0,57,68788,4,200,0.02,15680098.799384272
3R3X_n144,0.0002,20.0,58,68788,14,200,0.07,4365129.150340526
3R3X_n144,0.0002,20.0,59,68788,0,200,0.0,inf
3R3X_n144,0.0002,20.0,60,68788,12,200,0.06,5119650.583566972
3R3X_n144,0.0002,20.0,61,68788,0,200,0.0,inf
3R3X_n144,0.0002,20.0,62,68788,0,200,0.0,inf
3R3X_n144,0.0002,20.0,63,68788,4,200,0.02,15680098.799384272
3R3X_n144,0.0002,20.0,64,68788,23,200,0.115,2592998.132554721
3R3X_n144,0.0002,20.0,65,68788,4,200,0.02,15680098.799384272
3R3X_n144,0.0002,20.0,66,68788,3,200,0.015,20959907.25298047
3R3X_n144,0.0002,20.0,67,68788,3,200,0.015,20959907.25298047
3R3X_n144,0.0002,20.0,68,68788,6,200,0.03,10400153.940734735
3R3X_n144,0.0002,20.0,69,68788,5,200,0.025,12512159.30503605
3R3X_n144,0.0002,20.0,70,68788,6,200,0.03,10400153.940734735
3R3X_n144,0.0002,20.0,71,68788,5,200,0.025,12512159.30503605
3R3X_n144,0.0002,20.0,72,68788,4,200,0.02,15680098.799384272
3R3X_n144,0.0002,20.0,73,68788,0,200,0.0,inf
3R3X_n144,0.0002,20.0,74,68788,0,200,0.0,inf
3R3X_n144,0.0002,20.0,75,68788,5,200,0.025,12512159.30503605
3R3X_n144,0.0002,20.0,76,68788,0,200,0.0,inf
3R3X_n144,0.0002,20.0,77,68788,3,200,0.015,20959907.25298047
3R3X_n144,0.0002,20.0,78,68788,6,200,0.03,10400153.940734735
3R3X_n144,0.0002,20.0,79,68788,5,200,0.025,12512159.30503605
3R3X_n144,0.0002,20.0,80,68788,0,200,0.0,inf
3R3X_n144,0.0002,20.0,81,68788,18,200,0.09,3358903.2390583777
3R3X_n144,0.0002,20.0,82,68788,0,200,0.0,inf
3R3X_n144,0.0002,20.0,83,68788,5,200,0.025,12512159.30503605
3R3X_n144,0.0002,20.0,84,68788,17,200,0.085,3566093.871012331
3R3X_n144,0.0002,20.0,85,68788,9,200,0.045,6879959.818034892
3R3X_n144,0.0002,20.0,86,68788,4,200,0.02,15680098.799384272
3R3X_n144,0.0002,20.0,87,68788,16,200,0.08,3799164.477448547
3R3X_n144,0.0002,20.0,88,68788,0,200,0.0,inf
3R3X_n144,0.0002,20.0,89,68788,0,200,0.0,inf
3R3X_n144,0.0002,20.0,90,68788,4,200,0.02,15680098.799384272
3R3X_n144,0.0002,20.0,91,68788,4,200,0.02,15680098.799384272
3R3X_n144,0.0002,20.0,92,68788,0,200,0.0,inf
3R3X_n144,0.0002,20.0,93,68788,4,200,0.02,15680098.799384272
3R3X_n144,0.0002,20.0,94,68788,0,200,0.0,inf
3R3X_n144,0.0002,20.0,95,68788,8,200,0.04,7760043.341257318
3R3X_n144,0.0002,20.0,96,68788,4,200,0.02,15680098.799384272
3R3X_n144,0.0002,20.0,97,68788,7,200,0.035,8891539.20433115
3R3X_n144,0.0002,20.0,98,68788,0,200,0.0,inf
3R3X_n144,0.0002,20.0,99,68788,0,200,0.0,inf
3R3X_n144,0.0002,20.0,100,68788,0,200,0.0,inf
3R3X_n144,0.0003,20.0,1,51957,0,200,0.0,inf
3R3X_n144,0.0003,20.0,2,51957,0,200,0.0,inf
3R3X_n144,0.0003,20.0,3,51957,8,200,0.04,5861321.333396907
3R3X_n144,0.0003,20.0,4,51957,3,200,0.015,15831451.723310843
3R3X_n144,0.0003,20.0,5,51957,0,200,0.0,inf
3R3X_n144,0.0003,20.0,6,51957,5,200,0.025,9450692.868113013
3R3X_n144,0.0003,20.0,7,51957,3,200,0.015,15831451.723310843
3R3X_n144,0.0003,20.0,8,51957,2,200,0.01,23807246.9259844
3R3X_n144,0.0003,20.0,9,51957,8,200,0.04,5861321.333396907
3R3X_n144,0.0003,20.0,10,51957,0,200,0.0,inf
3R3X_n144,0.0003,20.0,11,51957,10,200,0.05,4664758.429153593
3R3X_n144,0.0003,20.0,12,51957,0,200,0.0,inf
3R3X_n144,0.0003,20.0,13,51957,0,200,0.0,inf
3R3X_n144,0.0003,20.0,14,51957,10,200,0.05,4664758.429153593
3R3X_n144,0.0003,20.0,15,51957,7,200,0.035,6715963.575615421
3R3X_n144,0.0003,20.0,16,51957,9,200,0.045,5196576.0345647335
3R3X_n144,0.0003,20.0,17,51957,2,200,0.01,23807246.9259844
3R3X_n144,0.0003,20.0,18,51957,6,200,0.03,7855451.507512278
3R3X_n144,0.0003,20.0,19,51957,3,200,0.015,15831451.723310843
3R3X_n144,0.0003,20.0,20,51957,1,200,0.005,47734430.11078933
3R3X_n144,0.0003,20.0,21,51957,3,200,0.015,15831451.723310843
3R3X_n144,0.0003,20.0,22,51957,4,200,0.02,11843503.130191436
3R3X_n144,0.0003,20.0,23,51957,1,200,0.005,47734430.11078933
3R3X_n144,0.0003,20.0,24,51957,0,200,0.0,inf
3R3X_n144,0.0003,20.0,25,51957,12,200,0.06,3866978.039343914
3R3X_n144,0.0003,20.0,26,51957,13,200,0.065,3560114.247694479
3R3X_n144,0.0003,20.0,27,51957,1,200,0.005,47734430.11078933
3R3X_n144,0.0003,20.0,28,51957,8,200,0.04,5861321.333396907
3R3X_n144,0.0003,20.0,29,51957,0,200,0.0,inf
3R3X_n144,0.0003,20.0,30,51957,0,200,0.0,inf
3R3X_n144,0.0003,20.0,31,51957,0,200,0.0,inf
3R3X_n144,0.0003,20.0,32,51957,5,200,0.025,9450692.868113013
3R3X_n144,0.0003,20.0,33,51957,2,200,0.01,23807246.9259844
3R3X_n144,0.0003,20.0,34,51957,0,200,0.0,inf
3R3X_n144,0.0003,20.0,35,51957,4,200,0.02,11843503.130191436
3R3X_n144,0.0003,20.0,36,51957,6,200,0.03,7855451.507512278
3R3X_n144,0.0003,20.0,37,51957,0,200,0.0,inf
3R3X_n144,0.0003,20.0,38,51957,0,200,0.0,inf
3R3X_n144,0.0003,20.0,39,51957,3,200,0.015,15831451.723310843
3R3X_n144,0.0003,20.0,40,51957,7,200,0.035,6715963.575615421
3R3X_n144,0.0003,20.0,41,51957,0,200,0.0,inf
3R3X_n144,0.0003,20.0,42,51957,0,200,0.0,inf
3R3X_n144,0.0003,20.0,43,51957,2,200,0.01,23807246.9259844
3R3X_n144,0.0003,20.0,44,51957,0,200,0.0,inf
3R3X_n144,0.0003,20.0,45,51957,3,200,0.015,15831451.723310843
3R3X_n144,0.0003,20.0,46,51957,8,200,0.04,5861321.333396907
3R3X_n144,0.0003,20.0,47,51957,0,200,0.0,inf
3R3X_n144,0.0003,20.0,48,51957,8,200,0.04,5861321.333396907
3R3X_n144,0.0003,20.0,49,51957,3,200,0.015,15831451.723310843
3R3X_n144,0.0003,20.0,50,51957,4,200,0.02,11843503.130191436
3R3X_n144,0.0003,20.0,51,51957,0,200,0.0,inf
3R3X_n144,0.0003,20.0,52,51957,5,200,0.025,9450692.868113013
3R3X_n144,0.0003,20.0,53,51957,0,200,0.0,inf
3R3X_n144,0.0003,20.0,54,51957,11,200,0.055,4229615.356066342
3R3X_n144,0.0003,20.0,55,51957,0,200,0.0,inf
3R3X_n144,0.0003,20.0,56,51957,2,200,0.01,23807246.9259844
3R3X_n144,0.0003,20.0,57,51957,1,200,0.005,47734430.11078933
3R3X_n144,0.0003,20.0,58,51957,8,200,0.04,5861321.333396907
3R3X_n144,0.0003,20.0,59,51957,0,200,0.0,inf
3R3X_n144,0.0003,20.0,60,51957,10,200,0.05,4664758.429153593
3R3X_n144,0.0003,20.0,61,51957,0,200,0.0,inf
3R3X_n144,0.0003,20.0,62,51957,0,200,0.0,inf
3R3X_n144,0.0003,20.0,63,51957,7,200,0.035,6715963.575615421
3R3X_n144,0.0003,20.0,64,51957,11,200,0.055,4229615.356066342
3R3X_n144,0.0003,20.0,65,51957,7,200,0.035,6715963.575615421
3R3X_n144,0.0003,20.0,66,51957,4,200,0.02,11843503.130191436
3R3X_n144,0.0003,20.0,67,51957,2,200,0.01,23807246.9259844
3R3X_n144,0.0003,20.0,68,51957,4,200,0.02,11843503.130191436
3R3X_n144,0.0003,20.0,69,51957,1,200,0.005,47734430.11078933
3R3X_n144,0.0003,20.0,70,51957,4,200,0.02,11843503.130191436
3R3X_n144,0.0003,20.0,71,51957,4,200,0.02,11843503.130191436
3R3X_n144,0.0003,20.0,72,51957,3,200,0.015,15831451.723310843
3R3X_n144,0.0003,20.0,73,51957,0,200,0.0,inf
3R3X_n144,0.0003,20.0,74,51957,0,200,0.0,inf
3R3X_n144,0.0003,20.0,75,51957,5,200,0.025,9450692.868113013
3R3X_n144,0.0003,20.0,76,51957,0,200,0.0,inf
3R3X_n144,0.0003,20.0,77,51957,1,200,0.005,47734430.11078933
3R3X_n144,0.0003,20.0,78,51957,5,200,0.025,9450692.868113013
3R3X_n144,0.0003,20.0,79,51957,5,200,0.025,9450692.868113013
3R3X_n144,0.0003,20.0,80,51957,0,200,0.0,inf
3R3X_n144,0.0003,20.0,81,51957,13,200,0.065,3560114.247694479
3R3X_n144,0.0003,20.0,82,51957,0,200,0.0,inf
3R3X_n144,0.0003,20.0,83,51957,3,200,0.015,15831451.723310843
3R3X_n144,0.0003,20.0,84,51957,13,200,0.065,3560114.247694479
3R3X_n144,0.0003,20.0,85,51957,9,200,0.045,5196576.0345647335
3R3X_n144,0.0003,20.0,86,51957,3,200,0.015,15831451.723310843
3R3X_n144,0.0003,20.0,87,51957,11,200,0.055,4229615.356066342
3R3X_n144,0.0003,20.0,88,51957,0,200,0.0,inf
3R3X_n144,0.0003,20.0,89,51957,0,200,0.0,inf
3R3X_n144,0.0003,20.0,90,51957,2,200,0.01,23807246.9259844
3R3X_n144,0.0003,20.0,91,51957,3,200,0.015,15831451.723310843
3R3X_n144,0.0003,20.0,92,51957,0,200,0.0,inf
3R3X_n144,0.0003,20.0,93,51957,0,200,0.0,inf
3R3X_n144,0.0003,20.0,94,51957,0,200,0.0,inf
3R3X_n144,0.0003,20.0,95,51957,3,200,0.015,15831451.723310843
3R3X_n144,0.0003,20.0,96,51957,4,200,0.02,11843503.130191436
3R3X_n144,0.0003,20.0,97,51957,5,200,0.025,9450692.868113013
3R3X_n144,0.0003,20.0,98,51957,0,200,0.0,inf
3R3X_n144,0.0003,20.0,99,51957,0,200,0.0,inf
3R3X_n144,0.0003,20.0,100,51957,0,200,0.0,inf
3R3X_n144,0.0004,20.0,1,40719,0,200,0.0,inf
3R3X_n144,0.0004,20.0,2,40719,0,200,0.0,inf
3R3X_n144,0.0004,20.0,3,40719,0,200,0.0,inf
3R3X_n144,0.0004,20.0,4,40719,6,200,0.03,6156362.567784754
3R3X_n144,0.0004,20.0,5,40719,0,200,0.0,inf
3R3X_n144,0.0004,20.0,6,40719,3,200,0.015,12407199.852214219
3R3X_n144,0.0004,20.0,7,40719,3,200,0.015,12407199.852214219
3R3X_n144,0.0004,20.0,8,40719,3,200,0.015,12407199.852214219
3R3X_n144,0.0004,20.0,9,40719,6,200,0.03,6156362.567784754
3R3X_n144,0.0004,20.0,10,40719,0,200,0.0,inf
3R3X_n144,0.0004,20.0,11,40719,7,200,0.035,5263339.315885912
3R3X_n144,0.0004,20.0,12,40719,0,200,0.0,inf
3R3X_n144,0.0004,20.0,13,40719,0,200,0.0,inf
3R3X_n144,0.0004,20.0,14,40719,7,200,0.035,5263339.315885912
3R3X_n144,0.0004,20.0,15,40719,8,200,0.04,4593551.270754444
3R3X_n144,0.0004,20.0,16,40719,2,200,0.01,18657876.466677424
3R3X_n144,0.0004,20.0,17,40719,5,200,0.025,7406562.405387027
3R3X_n144,0.0004,20.0,18,40719,1,200,0.005,37409747.669827566
3R3X_n144,0.0004,20.0,19,40719,0,200,0.0,inf
3R3X_n144,0.0004,20.0,20,40719,1,200,0.005,37409747.669827566
3R3X_n144,0.0004,20.0,21,40719,0,200,0.0,inf
3R3X_n144,0.0004,20.0,22,40719,2,200,0.01,18657876.466677424
3R3X_n144,0.0004,20.0,23,40719,2,200,0.01,18657876.466677424
3R3X_n144,0.0004,20.0,24,40719,0,200,0.0,inf
3R3X_n144,0.0004,20.0,25,40719,8,200,0.04,4593551.270754444
3R3X_n144,0.0004,20.0,26,40719,6,200,0.03,6156362.567784754
3R3X_n144,0.0004,20.0,27,40719,3,200,0.015,12407199.852214219
3R3X_n144,0.0004,20.0,28,40719,6,200,0.03,6156362.567784754
3R3X_n144,0.0004,20.0,29,40719,0,200,0.0,inf
3R3X_n144,0.0004,20.0,30,40719,0,200,0.0,inf
3R3X_n144,0.0004,20.0,31,40719,0,200,0.0,inf
3R3X_n144,0.0004,20.0,32,40719,2,200,0.01,18657876.466677424
3R3X_n144,0.0004,20.0,33,40719,0,200,0.0,inf
3R3X_n144,0.0004,20.0,34,40719,0,200,0.0,inf
3R3X_n144,0.0004,20.0,35,40719,2,200,0.01,18657876.466677424
3R3X_n144,0.0004,20.0,36,40719,3,200,0.015,12407199.852214219
3R3X_n144,0.0004,20.0,37,40719,0,200,0.0,inf
3R3X_n144,0.0004,20.0,38,40719,0,200,0.0,inf
3R3X_n144,0.0004,20.0,39,40719,5,200,0.025,7406562.405387027
3R3X_n144,0.0004,20.0,40,40719,3,200,0.015,12407199.852214219
3R3X_n144,0.0004,20.0,41,40719,0,200,0.0,inf
3R3X_n144,0.0004,20.0,42,40719,0,200,0.0,inf
3R3X_n144,0.0004,20.0,43,40719,4,200,0.02,9281821.58242903
3R3X_n144,0.0004,20.0,44,40719,0,200,0.0,inf
3R3X_n144,0.0004,20.0,45,40719,0,200,0.0,inf
3R3X_n144,0.0004,20.0,46,40719,7,200,0.035,5263339.315885912
3R3X_n144,0.0004,20.0,47,40719,0,200,0.0,inf
3R3X_n144,0.0004,20.0,48,40719,10,200,0.05,3655798.0344651374
3R3X_n144,0.0004,20.0,49,40719,2,200,0.01,18657876.466677424
3R3X_n144,0.0004,20.0,50,40719,3,200,0.015,12407199.852214219
3R3X_n144,0.0004,20.0,51,40719,0,200,0.0,inf
3R3X_n144,0.0004,20.0,52,40719,3,200,0.015,12407199.852214219
3R3X_n144,0.0004,20.0,53,40719,0,200,0.0,inf
3R3X_n144,0.0004,20.0,54,40719,4,200,0.02,9281821.58242903
3R3X_n144,0.0004,20.0,55,40719,0,200,0.0,inf
3R3X_n144,0.0004,20.0,56,40719,0,200,0.0,inf
3R3X_n144,0.0004,20.0,57,40719,2,200,0.01,18657876.466677424
3R3X_n144,0.0004,20.0,58,40719,6,200,0.03,6156362.567784754
3R3X_n144,0.0004,20.0,59,40719,0,200,0.0,inf
3R3X_n144,0.0004,20.0,60,40719,10,200,0.05,3655798.0344651374
3R3X_n144,0.0004,20.0,61,40719,0,200,0.0,inf
3R3X_n144,0.0004,20.0,62,40719,0,200,0.0,inf
3R3X_n144,0.0004,20.0,63,40719,4,200,0.02,9281821.58242903
3R3X_n144,0.0004,20.0,64,40719,13,200,0.065,2790082.030368795
3R3X_n144,0.0004,20.0,65,40719,3,200,0.015,12407199.852214219
3R3X_n144,0.0004,20.0,66,40719,2,200,0.01,18657876.466677424
3R3X_n144,0.0004,20.0,67,40719,4,200,0.02,9281821.58242903
3R3X_n144,0.0004,20.0,68,40719,5,200,0.025,7406562.405387027
3R3X_n144,0.0004,20.0,69,40719,1,200,0.005,37409747.669827566
3R3X_n144,0.0004,20.0,70,40719,3,200,0.015,12407199.852214219
3R3X_n144,0.0004,20.0,71,40719,3,200,0.015,12407199.852214219
3R3X_n144,0.0004,20.0,72,40719,0,200,0.0,inf
3R3X_n144,0.0004,20.0,73,40719,0,200,0.0,inf
3R3X_n144,0.0004,20.0,74,40719,0,200,0.0,inf
3R3X_n144,0.0004,20.0,75,40719,5,200,0.025,7406562.405387027
3R3X_n144,0.0004,20.0,76,40719,0,200,0.0,inf
3R3X_n144,0.0004,20.0,77,40719,3,200,0.015,12407199.852214219
3R3X_n144,0.0004,20.0,78,40719,3,200,0.015,12407199.852214219
3R3X_n144,0.0004,20.0,79,40719,1,200,0.005,37409747.669827566
3R3X_n144,0.0004,20.0,80,40719,0,200,0.0,inf
3R3X_n144,0.0004,20.0,81,40719,9,200,0.045,4072586.553331435
3R3X_n144,0.0004,20.0,82,40719,0,200,0.0,inf
3R3X_n144,0.0004,20.0,83,40719,1,200,0.005,37409747.669827566
3R3X_n144,0.0004,20.0,84,40719,8,200,0.04,4593551.270754444
3R3X_n144,0.0004,20.0,85,40719,5,200,0.025,7406562.405387027
3R3X_n144,0.0004,20.0,86,40719,2,200,0.01,18657876.466677424
3R3X_n144,0.0004,20.0,87,40719,10,200,0.05,3655798.0344651374
3R3X_n144,0.0004,20.0,88,40719,0,200,0.0,inf
3R3X_n144,0.0004,20.0,89,40719,0,200,0.0,inf
3R3X_n144,0.0004,20.0,90,40719,6,200,0.03,6156362.567784754
3R3X_n144,0.0004,20.0,91,40719,5,200,0.025,7406562.405387027
3R3X_n144,0.0004,20.0,92,40719,0,200,0.0,inf
3R3X_n144,0.0004,20.0,93,40719,0,200,0.0,inf
3R3X_n144,0.0004,20.0,94,40719,0,200,0.0,inf
3R3X_n144,0.0004,20.0,95,40719,5,200,0.025,7406562.405387027
3R3X_n144,0.0004,20.0,96,40719,4,200,0.02,9281821.58242903
3R3X_n144,0.0004,20.0,97,40719,1,200,0.005,37409747.669827566
3R3X_n144,0.0004,20.0,98,40719,0,200,0.0,inf
3R3X_n144,0.0004,20.0,99,40719,0,200,0.0,inf
3R3X_n144,0.0004,20.0,100,40719,0,200,0.0,inf
3R3X_n160,8e-06,20.0,1,1870198,98,200,0.49,12790747.366632067
3R3X_n160,8e-06,20.0,2,1870198,0,200,0.0,inf
3R3X_n160,8e-06,20.0,3,1870198,50,200,0.25,29937840.749315828
3R3X_n160,8e-06,20.0,4,1870198,122,200,0.61,9146667.332466327
3R3X_n160,8e-06,20.0,5,1870198,0,200,0.0,inf
3R3X_n160,8e-06,20.0,6,1870198,32,200,0.16,49397262.7233386
3R3X_n160,8e-06,20.0,7,1870198,0,200,0.0,inf
3R3X_n160,8e-06,20.0,8,1870198,58,200,0.29,25146930.720404632
3R3X_n160,8e-06,20.0,9,1870198,0,200,0.0,inf
3R3X_n160,8e-06,20.0,10,1870198,59,200,0.295,24638523.443593152
3R3X_n160,8e-06,20.0,11,1870198,67,200,0.335,21110908.307049204
3R3X_n160,8e-06,20.0,12,1870198,69,200,0.345,20354932.853969608
3R3X_n160,8e-06,20.0,13,1870198,94,200,0.47,13565718.729747796
3R3X_n160,8e-06,20.0,14,1870198,80,200,0.4,16860117.564188555
3R3X_n160,8e-06,20.0,15,1870198,0,200,0.0,inf
3R3X_n160,8e-06,20.0,16,1870198,57,200,0.285,25672965.758080028
3R3X_n160,8e-06,20.0,17,1870198,0,200,0.0,inf
3R3X_n160,8e-06,20.0,18,1870198,34,200,0.17,46222291.463802315
3R3X_n160,8e-06,20.0,19,1870198,67,200,0.335,21110908.307049204
3R3X_n160,8e-06,20.0,20,1870198,0,200,0.0,inf
3R3X_n160,8e-06,20.0,21,1870198,0,200,0.0,inf
3R3X_n160,8e-06,20.0,22,1870198,66,200,0.33,21505774.08037111
3R3X_n160,8e-06,20.0,23,1870198,84,200,0.42,15810814.036423577
3R3X_n160,8e-06,20.0,24,1870198,97,200,0.485,12978798.835084623
3R3X_n160,8e-06,20.0,25,1870198,0,200,0.0,inf
3R3X_n160,8e-06,20.0,26,1870198,67,200,0.335,21110908.307049204
3R3X_n160,8e-06,20.0,27,1870198,82,200,0.41,16323058.416549131
3R3X_n160,8e-06,20.0,28,1870198,66,200,0.33,21505774.08037111
3R3X_n160,8e-06,20.0,29,1870198,0,200,0.0,inf
3R3X_n160,8e-06,20.0,30,1870198,0,200,0.0,inf
3R3X_n160,8e-06,20.0,31,1870198,76,200,0.38,18016600.544362795
3R3X_n160,8e-06,20.0,32,1870198,0,200,0.0,inf
3R3X_n160,8e-06,20.0,33,1870198,108,200,0.54,11091127.834489241
3R3X_n160,8e-06,20.0,34,1870198,58,200,0.29,25146930.720404632
3R3X_n160,8e-06,20.0,35,1870198,0,200,0.0,inf
3R3X_n160,8e-06,20.0,36,1870198,42,200,0.21,36536971.032168776
3R3X_n160,8e-06,20.0,37,1870198,34,200,0.17,46222291.463802315
3R3X_n160,8e-06,20.0,38,1870198,93,200,0.465,13769365.271605955
3R3X_n160,8e-06,20.0,39,1870198,51,200,0.255,29257563.7491831
3R3X_n160,8e-06,20.0,40,1870198,77,200,0.385,17716509.419236284
3R3X_n160,8e-06,20.0,41,1870198,52,200,0.26,28603236.13880253
3R3X_n160,8e-06,20.0,42,1870198,28,200,0.14,57103932.21248361
3R3X_n160,8e-06,20.0,43,1870198,0,200,0.0,inf
3R3X_n160,8e-06,20.0,44,1870198,0,200,0.0,inf
3R3X_n160,8e-06,20.0,45,1870198,0,199,0.0,inf
3R3X_n160,8e-06,20.0,46,1870198,84,200,0.42,15810814.036423577
3R3X_n160,8e-06,20.0,47,1870198,51,200,0.255,29257563.7491831
3R3X_n160,8e-06,20.0,48,1870198,0,200,0.0,inf
3R3X_n160,8e-06,20.0,49,1870198,97,200,0.485,12978798.835084623
3R3X_n160,8e-06,20.0,50,1870198,0,200,0.0,inf
3R3X_n160,8e-06,20.0,51,1870198,0,200,0.0,inf
3R3X_n160,8e-06,20.0,52,1870198,37,200,0.185,42101478.212722
3R3X_n160,8e-06,20.0,53,1870198,0,200,0.0,inf
3R3X_n160,8e-06,20.0,54,1870198,44,200,0.22,34663659.95827732
3R3X_n160,8e-06,20.0,55,1870198,0,200,0.0,inf
3R3X_n160,8e-06,20.0,56,1870198,60,200,0.3,24146860.377649557
3R3X_n160,8e-06,20.0,57,1870198,0,200,0.0,inf
3R3X_n160,8e-06,20.0,58,1870198,53,200,0.265,27973386.920743547
3R3X_n160,8e-06,20.0,59,1870198,53,200,0.265,27973386.920743547
3R3X_n160,8e-06,20.0,60,1870198,0,199,0.0,inf
3R3X_n160,8e-06,20.0,61,1870198,0,200,0.0,inf
3R3X_n160,8e-06,20.0,62,1870198,34,200,0.17,46222291.463802315
3R3X_n160,8e-06,20.0,63,1870198,0,200,0.0,inf
3R3X_n160,8e-06,20.0,64,1870198,49,200,0.245,30645658.17837035
3R3X_n160,8e-06,20.0,65,1870198,44,199,0.22110552763819097,34466904.6844217
3R3X_n160,8e-06,20.0,66,1870198,20,200,0.1,81743905.8429172
3R3X_n160,8e-06,20.0,67,1870198,87,200,0.435,15085188.88914313
3R3X_n160,8e-06,20.0,68,1870198,63,200,0.315,22764341.851676352
3R3X_n160,8e-06,20.0,69,1870198,61,200,0.305,23671115.871467542
3R3X_n160,8e-06,20.0,70,1870198,0,200,0.0,inf
3R3X_n160,8e-06,20.0,71,1870198,0,200,0.0,inf
3R3X_n160,8e-06,20.0,72,1870198,54,200,0.27,27366654.023463428
3R3X_n160,8e-06,20.0,73,1870198,78,200,0.39,17423921.019428123
3R3X_n160,8e-06,20.0,74,1870198,0,200,0.0,inf
3R3X_n160,8e-06,20.0,75,1870198,59,200,0.295,24638523.443593152
3R3X_n160,8e-06,20.0,76,1870198,0,200,0.0,inf
3R3X_n160,8e-06,20.0,77,1870198,0,200,0.0,inf
3R3X_n160,8e-06,20.0,78,1870198,0,200,0.0,inf
3R3X_n160,8e-06,20.0,79,1870198,31,200,0.155,51137923.19554461
3R3X_n160,8e-06,20.0,80,1870198,65,200,0.325,21912587.419388704
3R3X_n160,8e-06,20.0,81,1870198,0,200,0.0,inf
3R3X_n160,8e-06,20.0,82,1870198,47,200,0.235,32150955.316828538
3R3X_n160,8e-06,20.0,83,1870198,50,200,0.25,29937840.749315828
3R3X_n160,8e-06,20.0,84,1870198,32,200,0.16,49397262.7233386
3R3X_n160,8e-06,20.0,85,1870198,0,200,0.0,inf
3R3X_n160,8e-06,20.0,86,1870198,26,200,0.13,61844407.71562705
3R3X_n160,8e-06,20.0,87,1870198,0,200,0.0,inf
3R3X_n160,8e-06,20.0,88,1870198,89,200,0.445,14627662.72774777
3R3X_n160,8e-06,20.0,89,1870198,70,200,0.35,19992854.288692664
3R3X_n160,8e-06,20.0,90,1870198,44,200,0.22,34663659.95827732
3R3X_n160,8e-06,20.0,91,1870198,38,200,0.19,40871952.92145861
3R3X_n160,8e-06,20.0,92,1870198,73,200,0.365,18964998.4797275
3R3X_n160,8e-06,20.0,93,1870198,42,200,0.21,36536971.032168776
3R3X_n160,8e-06,20.0,94,1870198,0,200,0.0,inf
3R3X_n160,8e-06,20.0,95,1870198,36,200,0.18,43399039.21280873
3R3X_n160,8e-06,20.0,96,1870198,0,200,0.0,inf
3R3X_n160,8e-06,20.0,97,1870198,82,200,0.41,16323058.416549131
3R3X_n160,8e-06,20.0,98,1870198,0,200,0.0,inf
3R3X_n160,8e-06,20.0,99,1870198,66,200,0.33,21505774.08037111
3R3X_n160,8e-06,20.0,100,1870198,0,200,0.0,inf
3R3X_n160,9e-06,20.0,1,1512349,62,200,0.31,18769351.12459373
3R3X_n160,9e-06,20.0,2,1512349,0,200,0.0,inf
3R3X_n160,9e-06,20.0,3,1512349,46,200,0.23,26647144.07343496
3R3X_n160,9e-06,20.0,4,1512349,114,200,0.57,8252217.431334251
3R3X_n160,9e-06,20.0,5,1512349,0,200,0.0,inf
3R3X_n160,9e-06,20.0,6,1512349,28,200,0.14,46177503.5464787
3R3X_n160,9e-06,20.0,7,1512349,0,200,0.0,inf
3R3X_n160,9e-06,20.0,8,1512349,36,200,0.18,35094943.71956984
3R3X_n160,9e-06,20.0,9,1512349,0,200,0.0,inf
3R3X_n160,9e-06,20.0,10,1512349,57,200,0.285,20760627.533163108
3R3X_n160,9e-06,20.0,11,1512349,48,200,0.24,25377877.040525362
3R3X_n160,9e-06,20.0,12,1512349,63,200,0.315,18408547.990662426
3R3X_n160,9e-06,20.0,13,1512349,56,200,0.28,21201029.837483767
3R3X_n160,9e-06,20.0,14,1512349,76,200,0.38,14569252.997097919
3R3X_n160,9e-06,20.0,15,1512349,0,200,0.0,inf
3R3X_n160,9e-06,20.0,16,1512349,41,200,0.205,30358434.512752086
3R3X_n160,9e-06,20.0,17,1512349,0,200,0.0,inf
3R3X_n160,9e-06,20.0,18,1512349,25,200,0.125,52157207.29576119
3R3X_n160,9e-06,20.0,19,1512349,61,200,0.305,19141817.29265996
3R3X_n160,9e-06,20.0,20,1512349,0,200,0.0,inf
3R3X_n160,9e-06,20.0,21,1512349,0,200,0.0,inf
3R3X_n160,9e-06,20.0,22,1512349,61,200,0.305,19141817.29265996
3R3X_n160,9e-06,20.0,23,1512349,60,200,0.3,19526531.49307075
3R3X_n160,9e-06,20.0,24,1512349,81,200,0.405,13414304.139435522
3R3X_n160,9e-06,20.0,25,1512349,0,200,0.0,inf
3R3X_n160,9e-06,20.0,26,1512349,63,200,0.315,18408547.990662426
3R3X_n160,9e-06,20.0,27,1512349,74,200,0.37,15073787.911625424
3R3X_n160,9e-06,20.0,28,1512349,49,200,0.245,24781830.854487184
3R3X_n160,9e-06,20.0,29,1512349,0,200,0.0,inf
3R3X_n160,9e-06,20.0,30,1512349,0,200,0.0,inf
3R3X_n160,9e-06,20.0,31,1512349,72,200,0.36,15605704.230730772
3R3X_n160,9e-06,20.0,32,1512349,0,200,0.0,inf
3R3X_n160,9e-06,20.0,33,1512349,96,200,0.48,10650470.462266427
3R3X_n160,9e-06,20.0,34,1512349,40,200,0.2,31211408.461461548
3R3X_n160,9e-06,20.0,35,1512349,0,200,0.0,inf
3R3X_n160,9e-06,20.0,36,1512349,39,200,0.195,32107916.424584087
3R3X_n160,9e-06,20.0,37,1512349,22,200,0.11,59764836.93207132
3R3X_n160,9e-06,20.0,38,1512349,82,200,0.41,13199758.03268406
3R3X_n160,9e-06,20.0,39,1512349,48,200,0.24,25377877.040525362
3R3X_n160,9e-06,20.0,40,1512349,68,200,0.34,16761409.5380085
3R3X_n160,9e-06,20.0,41,1512349,32,200,0.16,39945450.09799947
3R3X_n160,9e-06,20.0,42,1512349,23,200,0.115,57008753.45657673
3R3X_n160,9e-06,20.0,43,1512349,0,200,0.0,inf
3R3X_n160,9e-06,20.0,44,1512349,0,200,0.0,inf
3R3X_n160,9e-06,20.0,45,1512349,0,200,0.0,inf
3R3X_n160,9e-06,20.0,46,1512349,66,200,0.33,17390798.153283864
3R3X_n160,9e-06,20.0,47,1512349,43,200,0.215,28770932.409786567
3R3X_n160,9e-06,20.0,48,1512349,0,200,0.0,inf
3R3X_n160,9e-06,20.0,49,1512349,73,200,0.365,15336181.77637737
3R3X_n160,9e-06,20.0,50,1512349,0,200,0.0,inf
3R3X_n160,9e-06,20.0,51,1512349,0,200,0.0,inf
3R3X_n160,9e-06,20.0,52,1512349,28,200,0.14,46177503.5464787
3R3X_n160,9e-06,20.0,53,1512349,0,200,0.0,inf
3R3X_n160,9e-06,20.0,54,1512349,32,200,0.16,39945450.09799947
3R3X_n160,9e-06,20.0,55,1512349,0,200,0.0,inf
3R3X_n160,9e-06,20.0,56,1512349,71,200,0.355,15882658.410257487
3R3X_n160,9e-06,20.0,57,1512349,0,200,0.0,inf
3R3X_n160,9e-06,20.0,58,1512349,48,200,0.24,25377877.040525362
3R3X_n160,9e-06,20.0,59,1512349,58,200,0.29,20335245.534469202
3R3X_n160,9e-06,20.0,60,1512349,0,200,0.0,inf
3R3X_n160,9e-06,20.0,61,1512349,0,199,0.0,inf
3R3X_n160,9e-06,20.0,62,1512349,32,200,0.16,39945450.09799947
3R3X_n160,9e-06,20.0,63,1512349,0,200,0.0,inf
3R3X_n160,9e-06,20.0,64,1512349,32,200,0.16,39945450.09799947
3R3X_n160,9e-06,20.0,65,1512349,28,200,0.14,46177503.5464787
3R3X_n160,9e-06,20.0,66,1512349,25,200,0.125,52157207.29576119
3R3X_n160,9e-06,20.0,67,1512349,64,200,0.32,18058859.42274028
3R3X_n160,9e-06,20.0,68,1512349,51,200,0.255,23659338.358031247
3R3X_n160,9e-06,20.0,69,1512349,45,200,0.225,27323798.725743014
3R3X_n160,9e-06,20.0,70,1512349,0,199,0.0,inf
3R3X_n160,9e-06,20.0,71,1512349,0,200,0.0,inf
3R3X_n160,9e-06,20.0,72,1512349,45,200,0.225,27323798.725743014
3R3X_n160,9e-06,20.0,73,1512349,69,200,0.345,16460162.157572666
3R3X_n160,9e-06,20.0,74,1512349,0,200,0.0,inf
3R3X_n160,9e-06,20.0,75,1512349,50,200,0.25,24209449.223765105
3R3X_n160,9e-06,20.0,76,1512349,0,200,0.0,inf
3R3X_n160,9e-06,20.0,77,1512349,0,200,0.0,inf
3R3X_n160,9e-06,20.0,78,1512349,0,200,0.0,inf
3R3X_n160,9e-06,20.0,79,1512349,27,200,0.135,48023357.6911789
3R3X_n160,9e-06,20.0,80,1512349,52,200,0.26,23130211.652072065
3R3X_n160,9e-06,20.0,81,1512349,0,200,0.0,inf
3R3X_n160,9e-06,20.0,82,1512349,37,200,0.185,34045661.728614785
3R3X_n160,9e-06,20.0,83,1512349,46,200,0.23,26647144.07343496
3R3X_n160,9e-06,20.0,84,1512349,28,200,0.14,46177503.5464787
3R3X_n160,9e-06,20.0,85,1512349,0,200,0.0,inf
3R3X_n160,9e-06,20.0,86,1512349,25,200,0.125,52157207.29576119
3R3X_n160,9e-06,20.0,87,1512349,0,200,0.0,inf
3R3X_n160,9e-06,20.0,88,1512349,76,200,0.38,14569252.997097919
3R3X_n160,9e-06,20.0,89,1512349,51,200,0.255,23659338.358031247
3R3X_n160,9e-06,20.0,90,1512349,30,197,0.15228426395939088,42156213.6262264
3R3X_n160,9e-06,20.0,91,1512349,40,200,0.2,31211408.461461548
3R3X_n160,9e-06,20.0,92,1512349,69,200,0.345,16460162.157572666
3R3X_n160,9e-06,20.0,93,1512349,33,200,0.165,38622932.86731928
3R3X_n160,9e-06,20.0,94,1512349,0,200,0.0,inf
3R3X_n160,9e-06,20.0,95,1512349,32,200,0.16,39945450.09799947
3R3X_n160,9e-06,20.0,96,1512349,0,200,0.0,inf
3R3X_n160,9e-06,20.0,97,1512349,73,200,0.365,15336181.77637737
3R3X_n160,9e-06,20.0,98,1512349,0,200,0.0,inf
3R3X_n160,9e-06,20.0,99,1512349,58,200,0.29,20335245.534469202
3R3X_n160,9e-06,20.0,100,1512349,0,200,0.0,inf
3R3X_n160,1e-05,20.0,1,1499396,75,200,0.375,14691320.080380954
3R3X_n160,1e-05,20.0,2,1499396,0,200,0.0,inf
3R3X_n160,1e-05,20.0,3,1499396,42,200,0.21,29292827.934662394
3R3X_n160,1e-05,20.0,4,1499396,128,200,0.64,6758640.752282397
3R3X_n160,1e-05,20.0,5,1499396,0,200,0.0,inf
3R3X_n160,1e-05,20.0,6,1499396,34,200,0.17,37057851.057299465
3R3X_n160,1e-05,20.0,7,1499396,0,200,0.0,inf
3R3X_n160,1e-05,20.0,8,1499396,51,200,0.255,23456700.33615165
3R3X_n160,1e-05,20.0,9,1499396,0,200,0.0,inf
3R3X_n160,1e-05,20.0,10,1499396,49,200,0.245,24569578.884169374
3R3X_n160,1e-05,20.0,11,1499396,55,200,0.275,21471782.8836115
3R3X_n160,1e-05,20.0,12,1499396,59,200,0.295,19753471.823427144
3R3X_n160,1e-05,20.0,13,1499396,90,200,0.45,11549927.066177636
3R3X_n160,1e-05,20.0,14,1499396,63,200,0.315,18250882.05368422
3R3X_n160,1e-05,20.0,15,1499396,0,200,0.0,inf
3R3X_n160,1e-05,20.0,16,1499396,32,200,0.16,39603324.42785363
3R3X_n160,1e-05,20.0,17,1499396,0,200,0.0,inf
3R3X_n160,1e-05,20.0,18,1499396,27,200,0.135,47612046.18029495
3R3X_n160,1e-05,20.0,19,1499396,62,200,0.31,18608594.972993232
3R3X_n160,1e-05,20.0,20,1499396,0,200,0.0,inf
3R3X_n160,1e-05,20.0,21,1499396,0,200,0.0,inf
3R3X_n160,1e-05,20.0,22,1499396,54,200,0.27,21940699.10039738
3R3X_n160,1e-05,20.0,23,1499396,91,200,0.455,11376146.46960081
3R3X_n160,1e-05,20.0,24,1499396,90,200,0.45,11549927.066177636
3R3X_n160,1e-05,20.0,25,1499396,0,200,0.0,inf
3R3X_n160,1e-05,20.0,26,1499396,47,200,0.235,25776422.495495904
3R3X_n160,1e-05,20.0,27,1499396,76,200,0.38,14444469.938378396
3R3X_n160,1e-05,20.0,28,1499396,49,200,0.245,24569578.884169374
3R3X_n160,1e-05,20.0,29,1499396,0,200,0.0,inf
3R3X_n160,1e-05,20.0,30,1499396,0,200,0.0,inf
3R3X_n160,1e-05,20.0,31,1499396,66,200,0.33,17241849.062512163
3R3X_n160,1e-05,20.0,32,1499396,0,200,0.0,inf
3R3X_n160,1e-05,20.0,33,1499396,84,200,0.42,12676022.17677346
3R3X_n160,1e-05,20.0,34,1499396,40,200,0.2,30944088.303349026
3R3X_n160,1e-05,20.0,35,1499396,0,200,0.0,inf
3R3X_n160,1e-05,20.0,36,1499396,33,200,0.165,38292134.32185762
3R3X_n160,1e-05,20.0,37,1499396,38,200,0.19,32768317.96559688
3R3X_n160,1e-05,20.0,38,1499396,77,200,0.385,14203877.534445664
3R3X_n160,1e-05,20.0,39,1499396,54,200,0.27,21940699.10039738
3R3X_n160,1e-05,20.0,40,1499396,80,200,0.4,13517281.504564794
3R3X_n160,1e-05,20.0,41,1499396,43,200,0.215,28524514.49467308
3R3X_n160,1e-05,20.0,42,1499396,21,200,0.105,62245349.40430664
3R3X_n160,1e-05,20.0,43,1499396,0,200,0.0,inf
3R3X_n160,1e-05,20.0,44,1499396,0,200,0.0,inf
3R3X_n160,1e-05,20.0,45,1499396,0,200,0.0,inf
3R3X_n160,1e-05,20.0,46,1499396,67,200,0.335,16925272.870549724
3R3X_n160,1e-05,20.0,47,1499396,52,200,0.26,22932105.50624905
3R3X_n160,1e-05,20.0,48,1499396,0,200,0.0,inf
3R3X_n160,1e-05,20.0,49,1499396,69,200,0.345,16319183.7984591
3R3X_n160,1e-05,20.0,50,1499396,0,200,0.0,inf
3R3X_n160,1e-05,20.0,51,1499396,0,200,0.0,inf
3R3X_n160,1e-05,20.0,52,1499396,32,200,0.16,39603324.42785363
3R3X_n160,1e-05,20.0,53,1499396,0,200,0.0,inf
3R3X_n160,1e-05,20.0,54,1499396,40,200,0.2,30944088.303349026
3R3X_n160,1e-05,20.0,55,1499396,0,200,0.0,inf
3R3X_n160,1e-05,20.0,56,1499396,62,200,0.31,18608594.972993232
3R3X_n160,1e-05,20.0,57,1499396,0,200,0.0,inf
3R3X_n160,1e-05,20.0,58,1499396,41,200,0.205,30098419.9246883
3R3X_n160,1e-05,20.0,59,1499396,48,200,0.24,25160520.04071518
3R3X_n160,1e-05,20.0,60,1499396,0,200,0.0,inf
3R3X_n160,1e-05,20.0,61,1499396,0,200,0.0,inf
3R3X_n160,1e-05,20.0,62,1499396,19,200,0.095,69174018.86768
3R3X_n160,1e-05,20.0,63,1499396,0,200,0.0,inf
3R3X_n160,1e-05,20.0,64,1499396,28,200,0.14,45782001.44779808
3R3X_n160,1e-05,20.0,65,1499396,20,200,0.1,65536635.93119376
3R3X_n160,1e-05,20.0,66,1499396,18,200,0.09,73215184.05871919
3R3X_n160,1e-05,20.0,67,1499396,67,200,0.335,16925272.870549724
3R3X_n160,1e-05,20.0,68,1499396,47,200,0.235,25776422.495495904
3R3X_n160,1e-05,20.0,69,1499396,47,200,0.235,25776422.495495904
3R3X_n160,1e-05,20.0,70,1499396,0,200,0.0,inf
3R3X_n160,1e-05,20.0,71,1499396,0,200,0.0,inf
3R3X_n160,1e-05,20.0,72,1499396,48,200,0.24,25160520.04071518
3R3X_n160,1e-05,20.0,73,1499396,61,200,0.305,18977871.03462572
3R3X_n160,1e-05,20.0,74,1499396,0,200,0.0,inf
3R3X_n160,1e-05,20.0,75,1499396,59,200,0.295,19753471.823427144
3R3X_n160,1e-05,20.0,76,1499396,0,200,0.0,inf
3R3X_n160,1e-05,20.0,77,1499396,0,200,0.0,inf
3R3X_n160,1e-05,20.0,78,1499396,0,200,0.0,inf
3R3X_n160,1e-05,20.0,79,1499396,28,200,0.14,45782001.44779808
3R3X_n160,1e-05,20.0,80,1499396,56,200,0.28,21019446.79052508
3R3X_n160,1e-05,20.0,81,1499396,0,200,0.0,inf
3R3X_n160,1e-05,20.0,82,1499396,37,200,0.185,33754066.69574159
3R3X_n160,1e-05,20.0,83,1499396,22,200,0.11,59252961.741370544
3R3X_n160,1e-05,20.0,84,1499396,21,200,0.105,62245349.40430664
3R3X_n160,1e-05,20.0,85,1499396,0,200,0.0,inf
3R3X_n160,1e-05,20.0,86,1499396,26,200,0.13,49582588.34154477
3R3X_n160,1e-05,20.0,87,1499396,0,200,0.0,inf
3R3X_n160,1e-05,20.0,88,1499396,57,200,0.285,20582816.453553136
3R3X_n160,1e-05,20.0,89,1499396,56,200,0.28,21019446.79052508
3R3X_n160,1e-05,20.0,90,1499396,32,200,0.16,39603324.42785363
3R3X_n160,1e-05,20.0,91,1499396,37,200,0.185,33754066.69574159
3R3X_n160,1e-05,20.0,92,1499396,80,200,0.4,13517281.504564794
3R3X_n160,1e-05,20.0,93,1499396,31,200,0.155,40998866.15626089
3R3X_n160,1e-05,20.0,94,1499396,0,200,0.0,inf
3R3X_n160,1e-05,20.0,95,1499396,32,200,0.16,39603324.42785363
3R3X_n160,1e-05,20.0,96,1499396,0,200,0.0,inf
3R3X_n160,1e-05,20.0,97,1499396,64,200,0.32,17904188.506104797
3R3X_n160,1e-05,20.0,98,1499396,0,200,0.0,inf
3R3X_n160,1e-05,20.0,99,1499396,62,200,0.31,18608594.972993232
3R3X_n160,1e-05,20.0,100,1499396,0,200,0.0,inf
3R3X_n160,2e-05,20.0,1,811702,55,200,0.275,11623806.592916895
3R3X_n160,2e-05,20.0,2,811702,0,200,0.0,inf
3R3X_n160,2e-05,20.0,3,811702,22,200,0.11,32076747.938099045
3R3X_n160,2e-05,20.0,4,811702,70,200,0.35,8677284.336653344
3R3X_n160,2e-05,20.0,5,811702,0,200,0.0,inf
3R3X_n160,2e-05,20.0,6,811702,16,200,0.08,44830339.66206228
3R3X_n160,2e-05,20.0,7,811702,0,200,0.0,inf
3R3X_n160,2e-05,20.0,8,811702,21,200,0.105,33696684.93324946
3R3X_n160,2e-05,20.0,9,811702,0,200,0.0,inf
3R3X_n160,2e-05,20.0,10,811702,24,200,0.12,29241392.964573868
3R3X_n160,2e-05,20.0,11,811702,36,200,0.18,18836019.99740951
3R3X_n160,2e-05,20.0,12,811702,34,200,0.17,20061365.922619566
3R3X_n160,2e-05,20.0,13,811702,47,200,0.235,13954134.659849042
3R3X_n160,2e-05,20.0,14,811702,39,200,0.195,17232834.46986625
3R3X_n160,2e-05,20.0,15,811702,0,200,0.0,inf
3R3X_n160,2e-05,20.0,16,811702,29,200,0.145,23861697.645426795
3R3X_n160,2e-05,20.0,17,811702,0,200,0.0,inf
3R3X_n160,2e-05,20.0,18,811702,24,200,0.12,29241392.964573868
3R3X_n160,2e-05,20.0,19,811702,30,200,0.15,23000556.68504808
3R3X_n160,2e-05,20.0,20,811702,0,200,0.0,inf
3R3X_n160,2e-05,20.0,21,811702,0,200,0.0,inf
3R3X_n160,2e-05,20.0,22,811702,38,200,0.19,17739215.810440283
3R3X_n160,2e-05,20.0,23,811702,39,200,0.195,17232834.46986625
3R3X_n160,2e-05,20.0,24,811702,58,200,0.29,10914252.907774407
3R3X_n160,2e-05,20.0,25,811702,0,200,0.0,inf
3R3X_n160,2e-05,20.0,26,811702,26,200,0.13,26841665.658710957
3R3X_n160,2e-05,20.0,27,811702,41,200,0.205,16293859.427202247
3R3X_n160,2e-05,20.0,28,811702,31,200,0.155,22194844.89539073
3R3X_n160,2e-05,20.0,29,811702,0,200,0.0,inf
3R3X_n160,2e-05,20.0,30,811702,0,200,0.0,inf
3R3X_n160,2e-05,20.0,31,811702,33,200,0.165,20729548.440385643
3R3X_n160,2e-05,20.0,32,811702,0,200,0.0,inf
3R3X_n160,2e-05,20.0,33,811702,71,200,0.355,8524477.879724072
3R3X_n160,2e-05,20.0,34,811702,26,200,0.13,26841665.658710957
3R3X_n160,2e-05,20.0,35,811702,0,200,0.0,inf
3R3X_n160,2e-05,20.0,36,811702,21,200,0.105,33696684.93324946
3R3X_n160,2e-05,20.0,37,811702,16,200,0.08,44830339.66206228
3R3X_n160,2e-05,20.0,38,811702,46,200,0.23,14301950.236813925
3R3X_n160,2e-05,20.0,39,811702,17,200,0.085,42080094.308432445
3R3X_n160,2e-05,20.0,40,811702,46,200,0.23,14301950.236813925
3R3X_n160,2e-05,20.0,41,811702,30,200,0.15,23000556.68504808
3R3X_n160,2e-05,20.0,42,811702,8,200,0.04,91568917.54645064
3R3X_n160,2e-05,20.0,43,811702,0,200,0.0,inf
3R3X_n160,2e-05,20.0,44,811702,0,200,0.0,inf
3R3X_n160,2e-05,20.0,45,811702,0,200,0.0,inf
3R3X_n160,2e-05,20.0,46,811702,52,200,0.26,12414356.116485149
3R3X_n160,2e-05,20.0,47,811702,22,200,0.11,32076747.938099045
3R3X_n160,2e-05,20.0,48,811702,0,200,0.0,inf
3R3X_n160,2e-05,20.0,49,811702,41,200,0.205,16293859.427202247
3R3X_n160,2e-05,20.0,50,811702,0,200,0.0,inf
3R3X_n160,2e-05,20.0,51,811702,0,200,0.0,inf
3R3X_n160,2e-05,20.0,52,811702,14,200,0.07,51508752.42178441
3R3X_n160,2e-05,20.0,53,811702,0,200,0.0,inf
3R3X_n160,2e-05,20.0,54,811702,28,200,0.14,24784207.867154907
3R3X_n160,2e-05,20.0,55,811702,0,200,0.0,inf
3R3X_n160,2e-05,20.0,56,811702,23,200,0.115,30597513.667949818
3R3X_n160,2e-05,20.0,57,811702,0,200,0.0,inf
3R3X_n160,2e-05,20.0,58,811702,24,200,0.12,29241392.964573868
3R3X_n160,2e-05,20.0,59,811702,28,200,0.14,24784207.867154907
3R3X_n160,2e-05,20.0,60,811702,0,200,0.0,inf
3R3X_n160,2e-05,20.0,61,811702,0,200,0.0,inf
3R3X_n160,2e-05,20.0,62,811702,14,200,0.07,51508752.42178441
3R3X_n160,2e-05,20.0,63,811702,0,200,0.0,inf
3R3X_n160,2e-05,20.0,64,811702,14,200,0.07,51508752.42178441
3R3X_n160,2e-05,20.0,65,811702,18,200,0.09,39635234.00811425
3R3X_n160,2e-05,20.0,66,811702,10,200,0.05,72875526.80987798
3R3X_n160,2e-05,20.0,67,811702,38,200,0.19,17739215.810440283
3R3X_n160,2e-05,20.0,68,811702,30,200,0.15,23000556.68504808
3R3X_n160,2e-05,20.0,69,811702,32,200,0.16,21439364.680669848
3R3X_n160,2e-05,20.0,70,811702,0,200,0.0,inf
3R3X_n160,2e-05,20.0,71,811702,0,199,0.0,inf
3R3X_n160,2e-05,20.0,72,811702,25,200,0.125,27993610.91678174
3R3X_n160,2e-05,20.0,73,811702,46,200,0.23,14301950.236813925
3R3X_n160,2e-05,20.0,74,811702,0,200,0.0,inf
3R3X_n160,2e-05,20.0,75,811702,42,200,0.21,15857750.067508072
3R3X_n160,2e-05,20.0,76,811702,0,200,0.0,inf
3R3X_n160,2e-05,20.0,77,811702,0,200,0.0,inf
3R3X_n160,2e-05,20.0,78,811702,0,200,0.0,inf
3R3X_n160,2e-05,20.0,79,811702,9,200,0.045,81183885.91351046
3R3X_n160,2e-05,20.0,80,811702,34,200,0.17,20061365.922619566
3R3X_n160,2e-05,20.0,81,811702,0,200,0.0,inf
3R3X_n160,2e-05,20.0,82,811702,23,200,0.115,30597513.667949818
3R3X_n160,2e-05,20.0,83,811702,25,200,0.125,27993610.91678174
3R3X_n160,2e-05,20.0,84,811702,18,200,0.09,39635234.00811425
3R3X_n160,2e-05,20.0,85,811702,0,200,0.0,inf
3R3X_n160,2e-05,20.0,86,811702,19,200,0.095,37447538.51746542
3R3X_n160,2e-05,20.0,87,811702,0,200,0.0,inf
3R3X_n160,2e-05,20.0,88,811702,33,200,0.165,20729548.440385643
3R3X_n160,2e-05,20.0,89,811702,30,200,0.15,23000556.68504808
3R3X_n160,2e-05,20.0,90,811702,20,200,0.1,35478431.62088056
3R3X_n160,2e-05,20.0,91,811702,21,200,0.105,33696684.93324946
3R3X_n160,2e-05,20.0,92,811702,40,200,0.2,16751664.246139785
3R3X_n160,2e-05,20.0,93,811702,20,200,0.1,35478431.62088056
3R3X_n160,2e-05,20.0,94,811702,0,200,0.0,inf
3R3X_n160,2e-05,20.0,95,811702,24,200,0.12,29241392.964573868
3R3X_n160,2e-05,20.0,96,811702,0,200,0.0,inf
3R3X_n160,2e-05,20.0,97,811702,38,200,0.19,17739215.810440283
3R3X_n160,2e-05,20.0,98,811702,0,200,0.0,inf
3R3X_n160,2e-05,20.0,99,811702,37,200,0.185,18272853.49905351
3R3X_n160,2e-05,20.0,100,811702,0,200,0.0,inf
3R3X_n160,3e-05,20.0,1,461166,29,200,0.145,13556950.280214775
3R3X_n160,3e-05,20.0,2,461166,0,200,0.0,inf
3R3X_n160,3e-05,20.0,3,461166,14,200,0.07,29264539.59623683
3R3X_n160,3e-05,20.0,4,461166,39,200,0.195,9790782.012524717
3R3X_n160,3e-05,20.0,5,461166,0,200,0.0,inf
3R3X_n160,3e-05,20.0,6,461166,10,200,0.05,41404006.88529064
3R3X_n160,3e-05,20.0,7,461166,0,200,0.0,inf
3R3X_n160,3e-05,20.0,8,461166,11,200,0.055,37541713.24933485
3R3X_n160,3e-05,20.0,9,461166,0,200,0.0,inf
3R3X_n160,3e-05,20.0,10,461166,9,200,0.045,46124375.60975576
3R3X_n160,3e-05,20.0,11,461166,26,200,0.13,15250009.96075542
3R3X_n160,3e-05,20.0,12,461166,20,200,0.1,20156962.033942264
3R3X_n160,3e-05,20.0,13,461166,28,200,0.14,14081071.6312937
3R3X_n160,3e-05,20.0,14,461166,17,200,0.085,23907676.427854747
3R3X_n160,3e-05,20.0,15,461166,0,200,0.0,inf
3R3X_n160,3e-05,20.0,16,461166,16,200,0.08,25470219.88438443
3R3X_n160,3e-05,20.0,17,461166,0,200,0.0,inf
3R3X_n160,3e-05,20.0,18,461166,11,200,0.055,37541713.24933485
3R3X_n160,3e-05,20.0,19,461166,28,200,0.14,14081071.6312937
3R3X_n160,3e-05,20.0,20,461166,0,200,0.0,inf
3R3X_n160,3e-05,20.0,21,461166,0,200,0.0,inf
3R3X_n160,3e-05,20.0,22,461166,24,200,0.12,16613407.664266776
3R3X_n160,3e-05,20.0,23,461166,25,200,0.125,15904484.123543575
3R3X_n160,3e-05,20.0,24,461166,30,200,0.15,13067695.68661514
3R3X_n160,3e-05,20.0,25,461166,0,200,0.0,inf
3R3X_n160,3e-05,20.0,26,461166,22,200,0.11,18224305.89011901
3R3X_n160,3e-05,20.0,27,461166,27,200,0.135,14643934.5501668
3R3X_n160,3e-05,20.0,28,461166,17,200,0.085,23907676.427854747
3R3X_n160,3e-05,20.0,29,461166,0,200,0.0,inf
3R3X_n160,3e-05,20.0,30,461166,0,200,0.0,inf
3R3X_n160,3e-05,20.0,31,461166,21,200,0.105,19144668.121954758
3R3X_n160,3e-05,20.0,32,461166,0,200,0.0,inf
3R3X_n160,3e-05,20.0,33,461166,39,200,0.195,9790782.012524717
3R3X_n160,3e-05,20.0,34,461166,16,200,0.08,25470219.88438443
3R3X_n160,3e-05,20.0,35,461166,0,200,0.0,inf
3R3X_n160,3e-05,20.0,36,461166,12,200,0.06,34322974.66158699
3R3X_n160,3e-05,20.0,37,461166,16,200,0.08,25470219.88438443
3R3X_n160,3e-05,20.0,38,461166,29,200,0.145,13556950.280214775
3R3X_n160,3e-05,20.0,39,461166,17,200,0.085,23907676.427854747
3R3X_n160,3e-05,20.0,40,461166,25,200,0.125,15904484.123543575
3R3X_n160,3e-05,20.0,41,461166,17,200,0.085,23907676.427854747
3R3X_n160,3e-05,20.0,42,461166,6,200,0.03,69724332.61953937
3R3X_n160,3e-05,20.0,43,461166,0,200,0.0,inf
3R3X_n160,3e-05,20.0,44,461166,0,200,0.0,inf
3R3X_n160,3e-05,20.0,45,461166,0,200,0.0,inf
3R3X_n160,3e-05,20.0,46,461166,21,200,0.105,19144668.121954758
3R3X_n160,3e-05,20.0,47,461166,16,200,0.08,25470219.88438443
3R3X_n160,3e-05,20.0,48,461166,0,200,0.0,inf
3R3X_n160,3e-05,20.0,49,461166,34,200,0.17,11397803.475993374
3R3X_n160,3e-05,20.0,50,461166,0,200,0.0,inf
3R3X_n160,3e-05,20.0,51,461166,0,200,0.0,inf
3R3X_n160,3e-05,20.0,52,461166,7,200,0.035,59610332.74269609
3R3X_n160,3e-05,20.0,53,461166,0,200,0.0,inf
3R3X_n160,3e-05,20.0,54,461166,12,200,0.06,34322974.66158699
3R3X_n160,3e-05,20.0,55,461166,0,200,0.0,inf
3R3X_n160,3e-05,20.0,56,461166,21,200,0.105,19144668.121954758
3R3X_n160,3e-05,20.0,57,461166,0,200,0.0,inf
3R3X_n160,3e-05,20.0,58,461166,18,200,0.09,22518636.55206716
3R3X_n160,3e-05,20.0,59,461166,28,200,0.14,14081071.6312937
3R3X_n160,3e-05,20.0,60,461166,0,200,0.0,inf
3R3X_n160,3e-05,20.0,61,461166,0,200,0.0,inf
3R3X_n160,3e-05,20.0,62,461166,10,200,0.05,41404006.88529064
3R3X_n160,3e-05,20.0,63,461166,0,200,0.0,inf
3R3X_n160,3e-05,20.0,64,461166,8,200,0.04,52024599.45796173
3R3X_n160,3e-05,20.0,65,461166,11,200,0.055,37541713.24933485
3R3X_n160,3e-05,20.0,66,461166,12,200,0.06,34322974.66158699
3R3X_n160,3e-05,20.0,67,461166,16,200,0.08,25470219.88438443
3R3X_n160,3e-05,20.0,68,461166,17,199,0.0854271356783919,23782667.47700928
3R3X_n160,3e-05,20.0,69,461166,15,200,0.075,27240968.73862433
3R3X_n160,3e-05,20.0,70,461166,0,200,0.0,inf
3R3X_n160,3e-05,20.0,71,461166,0,200,0.0,inf
3R3X_n160,3e-05,20.0,72,461166,11,200,0.055,37541713.24933485
3R3X_n160,3e-05,20.0,73,461166,19,200,0.095,21275704.073595304
3R3X_n160,3e-05,20.0,74,461166,0,200,0.0,inf
3R3X_n160,3e-05,20.0,75,461166,16,200,0.08,25470219.88438443
3R3X_n160,3e-05,20.0,76,461166,0,200,0.0,inf
3R3X_n160,3e-05,20.0,77,461166,0,200,0.0,inf
3R3X_n160,3e-05,20.0,78,461166,0,200,0.0,inf
3R3X_n160,3e-05,20.0,79,461166,12,200,0.06,34322974.66158699
3R3X_n160,3e-05,20.0,80,461166,10,200,0.05,41404006.88529064
3R3X_n160,3e-05,20.0,81,461166,0,200,0.0,inf
3R3X_n160,3e-05,20.0,82,461166,11,200,0.055,37541713.24933485
3R3X_n160,3e-05,20.0,83,461166,13,200,0.065,31599277.23217799
3R3X_n160,3e-05,20.0,84,461166,9,200,0.045,46124375.60975576
3R3X_n160,3e-05,20.0,85,461166,0,200,0.0,inf
3R3X_n160,3e-05,20.0,86,461166,13,200,0.065,31599277.23217799
3R3X_n160,3e-05,20.0,87,461166,0,200,0.0,inf
3R3X_n160,3e-05,20.0,88,461166,24,200,0.12,16613407.664266776
3R3X_n160,3e-05,20.0,89,461166,25,200,0.125,15904484.123543575
3R3X_n160,3e-05,20.0,90,461166,10,200,0.05,41404006.88529064
3R3X_n160,3e-05,20.0,91,461166,12,200,0.06,34322974.66158699
3R3X_n160,3e-05,20.0,92,461166,21,200,0.105,19144668.121954758
3R3X_n160,3e-05,20.0,93,461166,9,200,0.045,46124375.60975576
3R3X_n160,3e-05,20.0,94,461166,0,200,0.0,inf
3R3X_n160,3e-05,20.0,95,461166,9,200,0.045,46124375.60975576
3R3X_n160,3e-05,20.0,96,461166,0,200,0.0,inf
3R3X_n160,3e-05,20.0,97,461166,21,200,0.105,19144668.121954758
3R3X_n160,3e-05,20.0,98,461166,0,200,0.0,inf
3R3X_n160,3e-05,20.0,99,461166,21,200,0.105,19144668.121954758
3R3X_n160,3e-05,20.0,100,461166,0,200,0.0,inf
3R3X_n160,4e-05,20.0,1,404645,25,200,0.125,13955213.476646783
3R3X_n160,4e-05,20.0,2,404645,0,200,0.0,inf
3R3X_n160,4e-05,20.0,3,404645,15,200,0.075,23902286.368120465
3R3X_n160,4e-05,20.0,4,404645,45,200,0.225,7310771.875657193
3R3X_n160,4e-05,20.0,5,404645,0,200,0.0,inf
3R3X_n160,4e-05,20.0,6,404645,15,200,0.075,23902286.368120465
3R3X_n160,4e-05,20.0,7,404645,0,200,0.0,inf
3R3X_n160,4e-05,20.0,8,404645,13,200,0.065,27726435.894265108
3R3X_n160,4e-05,20.0,9,404645,0,200,0.0,inf
3R3X_n160,4e-05,20.0,10,404645,8,200,0.04,45648408.70243454
3R3X_n160,4e-05,20.0,11,404645,20,200,0.1,17686503.12951208
3R3X_n160,4e-05,20.0,12,404645,22,200,0.11,15990715.397291232
3R3X_n160,4e-05,20.0,13,404645,21,200,0.105,16798277.046027638
3R3X_n160,4e-05,20.0,14,404645,24,200,0.12,14577250.587222887
3R3X_n160,4e-05,20.0,15,404645,0,200,0.0,inf
3R3X_n160,4e-05,20.0,16,404645,13,200,0.065,27726435.894265108
3R3X_n160,4e-05,20.0,17,404645,0,200,0.0,inf
3R3X_n160,4e-05,20.0,18,404645,7,200,0.035,52304426.372864135
3R3X_n160,4e-05,20.0,19,404645,21,200,0.105,16798277.046027638
3R3X_n160,4e-05,20.0,20,404645,0,200,0.0,inf
3R3X_n160,4e-05,20.0,21,404645,0,200,0.0,inf
3R3X_n160,4e-05,20.0,22,404645,18,200,0.09,19758728.283549123
3R3X_n160,4e-05,20.0,23,404645,12,200,0.06,30116314.04296472
3R3X_n160,4e-05,20.0,24,404645,25,200,0.125,13955213.476646783
3R3X_n160,4e-05,20.0,25,404645,0,200,0.0,inf
3R3X_n160,4e-05,20.0,26,404645,13,200,0.065,27726435.894265108
3R3X_n160,4e-05,20.0,27,404645,22,200,0.11,15990715.397291232
3R3X_n160,4e-05,20.0,28,404645,19,200,0.095,18668130.94386831
3R3X_n160,4e-05,20.0,29,404645,0,200,0.0,inf
3R3X_n160,4e-05,20.0,30,404645,0,200,0.0,inf
3R3X_n160,4e-05,20.0,31,404645,24,200,0.12,14577250.587222887
3R3X_n160,4e-05,20.0,32,404645,0,200,0.0,inf
3R3X_n160,4e-05,20.0,33,404645,27,200,0.135,12849158.212123714
3R3X_n160,4e-05,20.0,34,404645,12,200,0.06,30116314.04296472
3R3X_n160,4e-05,20.0,35,404645,0,200,0.0,inf
3R3X_n160,4e-05,20.0,36,404645,4,200,0.02,92238087.72862779
3R3X_n160,4e-05,20.0,37,404645,11,200,0.055,32940560.574233793
3R3X_n160,4e-05,20.0,38,404645,28,200,0.14,12355280.376794558
3R3X_n160,4e-05,20.0,39,404645,18,200,0.09,19758728.283549123
3R3X_n160,4e-05,20.0,40,404645,20,200,0.1,17686503.12951208
3R3X_n160,4e-05,20.0,41,404645,12,200,0.06,30116314.04296472
3R3X_n160,4e-05,20.0,42,404645,6,200,0.03,61178843.567898564
3R3X_n160,4e-05,20.0,43,404645,0,200,0.0,inf
3R3X_n160,4e-05,20.0,44,404645,0,200,0.0,inf
3R3X_n160,4e-05,20.0,45,404645,0,200,0.0,inf
3R3X_n160,4e-05,20.0,46,404645,23,200,0.115,15253296.059597677
3R3X_n160,4e-05,20.0,47,404645,12,200,0.06,30116314.04296472
3R3X_n160,4e-05,20.0,48,404645,0,200,0.0,inf
3R3X_n160,4e-05,20.0,49,404645,28,200,0.14,12355280.376794558
3R3X_n160,4e-05,20.0,50,404645,0,200,0.0,inf
3R3X_n160,4e-05,20.0,51,404645,0,200,0.0,inf
3R3X_n160,4e-05,20.0,52,404645,3,200,0.015,123296529.48744377
3R3X_n160,4e-05,20.0,53,404645,0,200,0.0,inf
3R3X_n160,4e-05,20.0,54,404645,10,200,0.05,36329487.35617637
3R3X_n160,4e-05,20.0,55,404645,0,200,0.0,inf
3R3X_n160,4e-05,20.0,56,404645,22,200,0.11,15990715.397291232
3R3X_n160,4e-05,20.0,57,404645,0,199,0.0,inf
3R3X_n160,4e-05,20.0,58,404645,10,200,0.05,36329487.35617637
3R3X_n160,4e-05,20.0,59,404645,12,200,0.06,30116314.04296472
3R3X_n160,4e-05,20.0,60,404645,0,200,0.0,inf
3R3X_n160,4e-05,20.0,61,404645,0,200,0.0,inf
3R3X_n160,4e-05,20.0,62,404645,8,200,0.04,45648408.70243454
3R3X_n160,4e-05,20.0,63,404645,0,200,0.0,inf
3R3X_n160,4e-05,20.0,64,404645,9,200,0.045,40471322.62267734
3R3X_n160,4e-05,20.0,65,404645,9,200,0.045,40471322.62267734
3R3X_n160,4e-05,20.0,66,404645,10,200,0.05,36329487.35617637
3R3X_n160,4e-05,20.0,67,404645,14,200,0.07,25677846.209215883
3R3X_n160,4e-05,20.0,68,404645,17,200,0.085,20977525.941091243
3R3X_n160,4e-05,20.0,69,404645,21,200,0.105,16798277.046027638
3R3X_n160,4e-05,20.0,70,404645,0,200,0.0,inf
3R3X_n160,4e-05,20.0,71,404645,0,200,0.0,inf
3R3X_n160,4e-05,20.0,72,404645,19,200,0.095,18668130.94386831
3R3X_n160,4e-05,20.0,73,404645,19,200,0.095,18668130.94386831
3R3X_n160,4e-05,20.0,74,404645,0,200,0.0,inf
3R3X_n160,4e-05,20.0,75,404645,19,200,0.095,18668130.94386831
3R3X_n160,4e-05,20.0,76,404645,0,200,0.0,inf
3R3X_n160,4e-05,20.0,77,404645,0,199,0.0,inf
3R3X_n160,4e-05,20.0,78,404645,0,200,0.0,inf
3R3X_n160,4e-05,20.0,79,404645,6,200,0.03,61178843.567898564
3R3X_n160,4e-05,20.0,80,404645,16,200,0.08,22348562.394271776
3R3X_n160,4e-05,20.0,81,404645,0,200,0.0,inf
3R3X_n160,4e-05,20.0,82,404645,8,200,0.04,45648408.70243454
3R3X_n160,4e-05,20.0,83,404645,13,200,0.065,27726435.894265108
3R3X_n160,4e-05,20.0,84,404645,4,200,0.02,92238087.72862779
3R3X_n160,4e-05,20.0,85,404645,0,200,0.0,inf
3R3X_n160,4e-05,20.0,86,404645,9,200,0.045,40471322.62267734
3R3X_n160,4e-05,20.0,87,404645,0,200,0.0,inf
3R3X_n160,4e-05,20.0,88,404645,21,200,0.105,16798277.046027638
3R3X_n160,4e-05,20.0,89,404645,13,200,0.065,27726435.894265108
3R3X_n160,4e-05,20.0,90,404645,14,200,0.07,25677846.209215883
3R3X_n160,4e-05,20.0,91,404645,9,200,0.045,40471322.62267734
3R3X_n160,4e-05,20.0,92,404645,16,200,0.08,22348562.394271776
3R3X_n160,4e-05,20.0,93,404645,8,200,0.04,45648408.70243454
3R3X_n160,4e-05,20.0,94,404645,0,200,0.0,inf
3R3X_n160,4e-05,20.0,95,404645,8,200,0.04,45648408.70243454
3R3X_n160,4e-05,20.0,96,404645,0,200,0.0,inf
3R3X_n160,4e-05,20.0,97,404645,20,200,0.1,17686503.12951208
3R3X_n160,4e-05,20.0,98,404645,0,200,0.0,inf
3R3X_n160,4e-05,20.0,99,404645,28,200,0.14,12355280.376794558
3R3X_n160,4e-05,20.0,100,404645,0,200,0.0,inf
3R3X_n160,5e-05,20.0,1,261502,24,200,0.12,9420554.271175869
3R3X_n160,5e-05,20.0,2,261502,0,200,0.0,inf
3R3X_n160,5e-05,20.0,3,261502,12,200,0.06,19462680.509739056
3R3X_n160,5e-05,20.0,4,261502,22,200,0.11,10334006.494142896
3R3X_n160,5e-05,20.0,5,261502,0,200,0.0,inf
3R3X_n160,5e-05,20.0,6,261502,7,200,0.035,33801757.35609415
3R3X_n160,5e-05,20.0,7,261502,0,200,0.0,inf
3R3X_n160,5e-05,20.0,8,261502,7,200,0.035,33801757.35609415
3R3X_n160,5e-05,20.0,9,261502,0,200,0.0,inf
3R3X_n160,5e-05,20.0,10,261502,8,200,0.04,29500303.16080524
3R3X_n160,5e-05,20.0,11,261502,17,200,0.085,13556734.887734292
3R3X_n160,5e-05,20.0,12,261502,11,200,0.055,21287851.00837348
3R3X_n160,5e-05,20.0,13,261502,6,200,0.03,39536853.16930299
3R3X_n160,5e-05,20.0,14,261502,12,200,0.06,19462680.509739056
3R3X_n160,5e-05,20.0,15,261502,0,200,0.0,inf
3R3X_n160,5e-05,20.0,16,261502,6,200,0.03,39536853.16930299
3R3X_n160,5e-05,20.0,17,261502,0,200,0.0,inf
3R3X_n160,5e-05,20.0,18,261502,2,200,0.01,119822982.18986416
3R3X_n160,5e-05,20.0,19,261502,7,200,0.035,33801757.35609415
3R3X_n160,5e-05,20.0,20,261502,0,200,0.0,inf
3R3X_n160,5e-05,20.0,21,261502,0,200,0.0,inf
3R3X_n160,5e-05,20.0,22,261502,12,200,0.06,19462680.509739056
3R3X_n160,5e-05,20.0,23,261502,19,200,0.095,12064287.407686863
3R3X_n160,5e-05,20.0,24,261502,13,200,0.065,17918220.75948576
3R3X_n160,5e-05,20.0,25,261502,0,200,0.0,inf
3R3X_n160,5e-05,20.0,26,261502,14,200,0.07,16594318.821194803
3R3X_n160,5e-05,20.0,27,261502,9,200,0.045,26154609.122750483
3R3X_n160,5e-05,20.0,28,261502,4,200,0.02,59608902.66087959
3R3X_n160,5e-05,20.0,29,261502,0,200,0.0,inf
3R3X_n160,5e-05,20.0,30,261502,0,200,0.0,inf
3R3X_n160,5e-05,20.0,31,261502,6,200,0.03,39536853.16930299
3R3X_n160,5e-05,20.0,32,261502,0,200,0.0,inf
3R3X_n160,5e-05,20.0,33,261502,24,200,0.12,9420554.271175869
3R3X_n160,5e-05,20.0,34,261502,3,200,0.015,79680433.59988514
3R3X_n160,5e-05,20.0,35,261502,0,200,0.0,inf
3R3X_n160,5e-05,20.0,36,261502,6,200,0.03,39536853.16930299
3R3X_n160,5e-05,20.0,37,261502,1,200,0.005,240249609.15433207
3R3X_n160,5e-05,20.0,38,261502,14,200,0.07,16594318.821194803
3R3X_n160,5e-05,20.0,39,261502,15,200,0.075,15446862.533421244
3R3X_n160,5e-05,20.0,40,261502,14,200,0.07,16594318.821194803
3R3X_n160,5e-05,20.0,41,261502,9,200,0.045,26154609.122750483
3R3X_n160,5e-05,20.0,42,261502,2,200,0.01,119822982.18986416
3R3X_n160,5e-05,20.0,43,261502,0,200,0.0,inf
3R3X_n160,5e-05,20.0,44,261502,0,200,0.0,inf
3R3X_n160,5e-05,20.0,45,261502,0,200,0.0,inf
3R3X_n160,5e-05,20.0,46,261502,13,200,0.065,17918220.75948576
3R3X_n160,5e-05,20.0,47,261502,9,200,0.045,26154609.122750483
3R3X_n160,5e-05,20.0,48,261502,0,200,0.0,inf
3R3X_n160,5e-05,20.0,49,261502,22,200,0.11,10334006.494142896
3R3X_n160,5e-05,20.0,50,261502,0,200,0.0,inf
3R3X_n160,5e-05,20.0,51,261502,0,200,0.0,inf
3R3X_n160,5e-05,20.0,52,261502,6,200,0.03,39536853.16930299
3R3X_n160,5e-05,20.0,53,261502,0,200,0.0,inf
3R3X_n160,5e-05,20.0,54,261502,8,200,0.04,29500303.16080524
3R3X_n160,5e-05,20.0,55,261502,0,200,0.0,inf
3R3X_n160,5e-05,20.0,56,261502,10,200,0.05,23477946.354495503
3R3X_n160,5e-05,20.0,57,261502,0,200,0.0,inf
3R3X_n160,5e-05,20.0,58,261502,8,200,0.04,29500303.16080524
3R3X_n160,5e-05,20.0,59,261502,9,200,0.045,26154609.122750483
3R3X_n160,5e-05,20.0,60,261502,0,200,0.0,inf
3R3X_n160,5e-05,20.0,61,261502,0,200,0.0,inf
3R3X_n160,5e-05,20.0,62,261502,3,200,0.015,79680433.59988514
3R3X_n160,5e-05,20.0,63,261502,0,200,0.0,inf
3R3X_n160,5e-05,20.0,64,261502,7,200,0.035,33801757.35609415
3R3X_n160,5e-05,20.0,65,261502,6,200,0.03,39536853.16930299
3R3X_n160,5e-05,20.0,66,261502,1,200,0.005,240249609.15433207
3R3X_n160,5e-05,20.0,67,261502,17,200,0.085,13556734.887734292
3R3X_n160,5e-05,20.0,68,261502,8,200,0.04,29500303.16080524
3R3X_n160,5e-05,20.0,69,261502,12,200,0.06,19462680.509739056
3R3X_n160,5e-05,20.0,70,261502,0,200,0.0,inf
3R3X_n160,5e-05,20.0,71,261502,0,200,0.0,inf
3R3X_n160,5e-05,20.0,72,261502,8,200,0.04,29500303.16080524
3R3X_n160,5e-05,20.0,73,261502,16,200,0.08,14442767.76736858
3R3X_n160,5e-05,20.0,74,261502,0,200,0.0,inf
3R3X_n160,5e-05,20.0,75,261502,10,200,0.05,23477946.354495503
3R3X_n160,5e-05,20.0,76,261502,0,200,0.0,inf
3R3X_n160,5e-05,20.0,77,261502,0,200,0.0,inf
3R3X_n160,5e-05,20.0,78,261502,0,200,0.0,inf
3R3X_n160,5e-05,20.0,79,261502,7,200,0.035,33801757.35609415
3R3X_n160,5e-05,20.0,80,261502,14,200,0.07,16594318.821194803
3R3X_n160,5e-05,20.0,81,261502,0,200,0.0,inf
3R3X_n160,5e-05,20.0,82,261502,8,200,0.04,29500303.16080524
3R3X_n160,5e-05,20.0,83,261502,6,200,0.03,39536853.16930299
3R3X_n160,5e-05,20.0,84,261502,3,200,0.015,79680433.59988514
3R3X_n160,5e-05,20.0,85,261502,0,200,0.0,inf
3R3X_n160,5e-05,20.0,86,261502,3,200,0.015,79680433.59988514
3R3X_n160,5e-05,20.0,87,261502,0,200,0.0,inf
3R3X_n160,5e-05,20.0,88,261502,13,200,0.065,17918220.75948576
3R3X_n160,5e-05,20.0,89,261502,9,200,0.045,26154609.122750483
3R3X_n160,5e-05,20.0,90,261502,5,200,0.025,47565777.20802373
3R3X_n160,5e-05,20.0,91,261502,8,200,0.04,29500303.16080524
3R3X_n160,5e-05,20.0,92,261502,13,200,0.065,17918220.75948576
3R3X_n160,5e-05,20.0,93,261502,2,200,0.01,119822982.18986416
3R3X_n160,5e-05,20.0,94,261502,0,200,0.0,inf
3R3X_n160,5e-05,20.0,95,261502,7,200,0.035,33801757.35609415
3R3X_n160,5e-05,20.0,96,261502,0,200,0.0,inf
3R3X_n160,5e-05,20.0,97,261502,15,200,0.075,15446862.533421244
3R3X_n160,5e-05,20.0,98,261502,0,200,0.0,inf
3R3X_n160,5e-05,20.0,99,261502,15,200,0.075,15446862.533421244
3R3X_n160,5e-05,20.0,100,261502,0,200,0.0,inf
3R3X_n160,6e-05,20.0,1,250136,11,200,0.055,20362589.578016642
3R3X_n160,6e-05,20.0,2,250136,0,200,0.0,inf
3R3X_n160,6e-05,20.0,3,250136,6,200,0.03,37818411.73052892
3R3X_n160,6e-05,20.0,4,250136,26,200,0.13,8271590.905538391
3R3X_n160,6e-05,20.0,5,250136,0,200,0.0,inf
3R3X_n160,6e-05,20.0,6,250136,4,200,0.02,57018043.747205675
3R3X_n160,6e-05,20.0,7,250136,0,200,0.0,inf
3R3X_n160,6e-05,20.0,8,250136,9,200,0.045,25017817.483339764
3R3X_n160,6e-05,20.0,9,250136,0,200,0.0,inf
3R3X_n160,6e-05,20.0,10,250136,8,200,0.04,28218093.289654303
3R3X_n160,6e-05,20.0,11,250136,11,200,0.055,20362589.578016642
3R3X_n160,6e-05,20.0,12,250136,14,200,0.07,15873058.457137551
3R3X_n160,6e-05,20.0,13,250136,11,200,0.055,20362589.578016642
3R3X_n160,6e-05,20.0,14,250136,20,200,0.1,10933117.045320302
3R3X_n160,6e-05,20.0,15,250136,0,200,0.0,inf
3R3X_n160,6e-05,20.0,16,250136,7,200,0.035,32332587.812039547
3R3X_n160,6e-05,20.0,17,250136,0,200,0.0,inf
3R3X_n160,6e-05,20.0,18,250136,6,200,0.03,37818411.73052892
3R3X_n160,6e-05,20.0,19,250136,21,200,0.105,10384049.789779114
3R3X_n160,6e-05,20.0,20,250136,0,200,0.0,inf
3R3X_n160,6e-05,20.0,21,250136,0,200,0.0,inf
3R3X_n160,6e-05,20.0,22,250136,9,200,0.045,25017817.483339764
3R3X_n160,6e-05,20.0,23,250136,9,200,0.045,25017817.483339764
3R3X_n160,6e-05,20.0,24,250136,19,200,0.095,11539921.664114084
3R3X_n160,6e-05,20.0,25,250136,0,200,0.0,inf
3R3X_n160,6e-05,20.0,26,250136,13,200,0.065,17139417.93139146
3R3X_n160,6e-05,20.0,27,250136,19,200,0.095,11539921.664114084
3R3X_n160,6e-05,20.0,28,250136,8,200,0.04,28218093.289654303
3R3X_n160,6e-05,20.0,29,250136,0,200,0.0,inf
3R3X_n160,6e-05,20.0,30,250136,0,200,0.0,inf
3R3X_n160,6e-05,20.0,31,250136,15,200,0.075,14775475.547643444
3R3X_n160,6e-05,20.0,32,250136,0,200,0.0,inf
3R3X_n160,6e-05,20.0,33,250136,12,200,0.06,18616748.827863988
3R3X_n160,6e-05,20.0,34,250136,11,200,0.055,20362589.578016642
3R3X_n160,6e-05,20.0,35,250136,0,200,0.0,inf
3R3X_n160,6e-05,20.0,36,250136,5,200,0.025,45498364.2484808
3R3X_n160,6e-05,20.0,37,250136,6,200,0.03,37818411.73052892
3R3X_n160,6e-05,20.0,38,250136,17,200,0.085,12967500.96702245
3R3X_n160,6e-05,20.0,39,250136,6,200,0.03,37818411.73052892
3R3X_n160,6e-05,20.0,40,250136,17,200,0.085,12967500.96702245
3R3X_n160,6e-05,20.0,41,250136,8,200,0.04,28218093.289654303
3R3X_n160,6e-05,20.0,42,250136,2,200,0.01,114614960.77675836
3R3X_n160,6e-05,20.0,43,250136,0,200,0.0,inf
3R3X_n160,6e-05,20.0,44,250136,0,200,0.0,inf
3R3X_n160,6e-05,20.0,45,250136,0,200,0.0,inf
3R3X_n160,6e-05,20.0,46,250136,14,200,0.07,15873058.457137551
3R3X_n160,6e-05,20.0,47,250136,13,200,0.065,17139417.93139146
3R3X_n160,6e-05,20.0,48,250136,0,200,0.0,inf
3R3X_n160,6e-05,20.0,49,250136,19,200,0.095,11539921.664114084
3R3X_n160,6e-05,20.0,50,250136,0,200,0.0,inf
3R3X_n160,6e-05,20.0,51,250136,0,200,0.0,inf
3R3X_n160,6e-05,20.0,52,250136,4,200,0.02,57018043.747205675
3R3X_n160,6e-05,20.0,53,250136,0,200,0.0,inf
3R3X_n160,6e-05,20.0,54,250136,8,200,0.04,28218093.289654303
3R3X_n160,6e-05,20.0,55,250136,0,200,0.0,inf
3R3X_n160,6e-05,20.0,56,250136,15,200,0.075,14775475.547643444
3R3X_n160,6e-05,20.0,57,250136,0,200,0.0,inf
3R3X_n160,6e-05,20.0,58,250136,3,200,0.015,76217179.74983315
3R3X_n160,6e-05,20.0,59,250136,14,200,0.07,15873058.457137551
3R3X_n160,6e-05,20.0,60,250136,0,200,0.0,inf
3R3X_n160,6e-05,20.0,61,250136,0,200,0.0,inf
3R3X_n160,6e-05,20.0,62,250136,5,200,0.025,45498364.2484808
3R3X_n160,6e-05,20.0,63,250136,0,200,0.0,inf
3R3X_n160,6e-05,20.0,64,250136,1,200,0.005,229807329.33372596
3R3X_n160,6e-05,20.0,65,250136,7,200,0.035,32332587.812039547
3R3X_n160,6e-05,20.0,66,250136,2,200,0.01,114614960.77675836
3R3X_n160,6e-05,20.0,67,250136,10,200,0.05,22457493.974532075
3R3X_n160,6e-05,20.0,68,250136,7,200,0.035,32332587.812039547
3R3X_n160,6e-05,20.0,69,250136,12,200,0.06,18616748.827863988
3R3X_n160,6e-05,20.0,70,250136,0,200,0.0,inf
3R3X_n160,6e-05,20.0,71,250136,0,200,0.0,inf
3R3X_n160,6e-05,20.0,72,250136,7,200,0.035,32332587.812039547
3R3X_n160,6e-05,20.0,73,250136,17,200,0.085,12967500.96702245
3R3X_n160,6e-05,20.0,74,250136,0,200,0.0,inf
3R3X_n160,6e-05,20.0,75,250136,12,200,0.06,18616748.827863988
3R3X_n160,6e-05,20.0,76,250136,0,200,0.0,inf
3R3X_n160,6e-05,20.0,77,250136,0,200,0.0,inf
3R3X_n160,6e-05,20.0,78,250136,0,200,0.0,inf
3R3X_n160,6e-05,20.0,79,250136,4,200,0.02,57018043.747205675
3R3X_n160,6e-05,20.0,80,250136,12,200,0.06,18616748.827863988
3R3X_n160,6e-05,20.0,81,250136,0,200,0.0,inf
3R3X_n160,6e-05,20.0,82,250136,3,200,0.015,76217179.74983315
3R3X_n160,6e-05,20.0,83,250136,4,200,0.02,57018043.747205675
3R3X_n160,6e-05,20.0,84,250136,4,200,0.02,57018043.747205675
3R3X_n160,6e-05,20.0,85,250136,0,200,0.0,inf
3R3X_n160,6e-05,20.0,86,250136,5,200,0.025,45498364.2484808
3R3X_n160,6e-05,20.0,87,250136,0,200,0.0,inf
3R3X_n160,6e-05,20.0,88,250136,19,200,0.095,11539921.664114084
3R3X_n160,6e-05,20.0,89,250136,7,200,0.035,32332587.812039547
3R3X_n160,6e-05,20.0,90,250136,4,200,0.02,57018043.747205675
3R3X_n160,6e-05,20.0,91,250136,8,200,0.04,28218093.289654303
3R3X_n160,6e-05,20.0,92,250136,15,200,0.075,14775475.547643444
3R3X_n160,6e-05,20.0,93,250136,9,200,0.045,25017817.483339764
3R3X_n160,6e-05,20.0,94,250136,0,200,0.0,inf
3R3X_n160,6e-05,20.0,95,250136,9,200,0.045,25017817.483339764
3R3X_n160,6e-05,20.0,96,250136,0,197,0.0,inf
3R3X_n160,6e-05,20.0,97,250136,13,195,0.06666666666666667,16696200.99607216
3R3X_n160,6e-05,20.0,98,250136,0,200,0.0,inf
3R3X_n160,6e-05,20.0,99,250136,15,200,0.075,14775475.547643444
3R3X_n160,6e-05,20.0,100,250136,0,200,0.0,inf
3R3X_n160,7e-05,20.0,1,183018,15,200,0.075,10810830.843135765
3R3X_n160,7e-05,20.0,2,183018,0,200,0.0,inf
3R3X_n160,7e-05,20.0,3,183018,8,200,0.04,20646444.32503099
3R3X_n160,7e-05,20.0,4,183018,22,200,0.11,7232484.648473221
3R3X_n160,7e-05,20.0,5,183018,0,200,0.0,inf
3R3X_n160,7e-05,20.0,6,183018,4,200,0.02,41718618.39369818
3R3X_n160,7e-05,20.0,7,183018,0,200,0.0,inf
3R3X_n160,7e-05,20.0,8,183018,4,200,0.02,41718618.39369818
3R3X_n160,7e-05,20.0,9,183018,0,200,0.0,inf
3R3X_n160,7e-05,20.0,10,183018,4,200,0.02,41718618.39369818
3R3X_n160,7e-05,20.0,11,183018,9,200,0.045,18304885.82277592
3R3X_n160,7e-05,20.0,12,183018,9,200,0.045,18304885.82277592
3R3X_n160,7e-05,20.0,13,183018,17,200,0.085,9487982.905229617
3R3X_n160,7e-05,20.0,14,183018,10,200,0.05,16431563.758239163
3R3X_n160,7e-05,20.0,15,183018,0,200,0.0,inf
3R3X_n160,7e-05,20.0,16,183018,2,200,0.01,83860783.29964805
3R3X_n160,7e-05,20.0,17,183018,0,200,0.0,inf
3R3X_n160,7e-05,20.0,18,183018,3,200,0.015,55766126.441035934
3R3X_n160,7e-05,20.0,19,183018,9,200,0.045,18304885.82277592
3R3X_n160,7e-05,20.0,20,183018,0,200,0.0,inf
3R3X_n160,7e-05,20.0,21,183018,0,200,0.0,inf
3R3X_n160,7e-05,20.0,22,183018,5,200,0.025,33289968.76910344
3R3X_n160,7e-05,20.0,23,183018,6,200,0.03,27670747.42579214
3R3X_n160,7e-05,20.0,24,183018,11,200,0.055,14898776.743009605
3R3X_n160,7e-05,20.0,25,183018,0,200,0.0,inf
3R3X_n160,7e-05,20.0,26,183018,9,200,0.045,18304885.82277592
3R3X_n160,7e-05,20.0,27,183018,10,200,0.05,16431563.758239163
3R3X_n160,7e-05,20.0,28,183018,5,200,0.025,33289968.76910344
3R3X_n160,7e-05,20.0,29,183018,0,200,0.0,inf
3R3X_n160,7e-05,20.0,30,183018,0,200,0.0,inf
3R3X_n160,7e-05,20.0,31,183018,16,200,0.08,10108092.753586063
3R3X_n160,7e-05,20.0,32,183018,0,200,0.0,inf
3R3X_n160,7e-05,20.0,33,183018,16,200,0.08,10108092.753586063
3R3X_n160,7e-05,20.0,34,183018,7,200,0.035,23656912.864137325
3R3X_n160,7e-05,20.0,35,183018,0,200,0.0,inf
3R3X_n160,7e-05,20.0,36,183018,5,200,0.025,33289968.76910344
3R3X_n160,7e-05,20.0,37,183018,4,200,0.02,41718618.39369818
3R3X_n160,7e-05,20.0,38,183018,17,200,0.085,9487982.905229617
3R3X_n160,7e-05,20.0,39,183018,5,200,0.025,33289968.76910344
3R3X_n160,7e-05,20.0,40,183018,6,200,0.03,27670747.42579214
3R3X_n160,7e-05,20.0,41,183018,10,200,0.05,16431563.758239163
3R3X_n160,7e-05,20.0,42,183018,3,200,0.015,55766126.441035934
3R3X_n160,7e-05,20.0,43,183018,0,200,0.0,inf
3R3X_n160,7e-05,20.0,44,183018,0,200,0.0,inf
3R3X_n160,7e-05,20.0,45,183018,0,200,0.0,inf
3R3X_n160,7e-05,20.0,46,183018,9,200,0.045,18304885.82277592
3R3X_n160,7e-05,20.0,47,183018,4,200,0.02,41718618.39369818
3R3X_n160,7e-05,20.0,48,183018,0,200,0.0,inf
3R3X_n160,7e-05,20.0,49,183018,11,200,0.055,14898776.743009605
3R3X_n160,7e-05,20.0,50,183018,0,200,0.0,inf
3R3X_n160,7e-05,20.0,51,183018,0,200,0.0,inf
3R3X_n160,7e-05,20.0,52,183018,2,200,0.01,83860783.29964805
3R3X_n160,7e-05,20.0,53,183018,0,200,0.0,inf
3R3X_n160,7e-05,20.0,54,183018,4,200,0.02,41718618.39369818
3R3X_n160,7e-05,20.0,55,183018,0,200,0.0,inf
3R3X_n160,7e-05,20.0,56,183018,8,200,0.04,20646444.32503099
3R3X_n160,7e-05,20.0,57,183018,0,200,0.0,inf
3R3X_n160,7e-05,20.0,58,183018,6,200,0.03,27670747.42579214
3R3X_n160,7e-05,20.0,59,183018,4,200,0.02,41718618.39369818
3R3X_n160,7e-05,20.0,60,183018,0,200,0.0,inf
3R3X_n160,7e-05,20.0,61,183018,0,200,0.0,inf
3R3X_n160,7e-05,20.0,62,183018,4,200,0.02,41718618.39369818
3R3X_n160,7e-05,20.0,63,183018,0,200,0.0,inf
3R3X_n160,7e-05,20.0,64,183018,3,200,0.015,55766126.441035934
3R3X_n160,7e-05,20.0,65,183018,1,200,0.005,168144040.8417815
3R3X_n160,7e-05,20.0,66,183018,3,200,0.015,55766126.441035934
3R3X_n160,7e-05,20.0,67,183018,8,200,0.04,20646444.32503099
3R3X_n160,7e-05,20.0,68,183018,14,200,0.07,11613903.68722775
3R3X_n160,7e-05,20.0,69,183018,8,200,0.04,20646444.32503099
3R3X_n160,7e-05,20.0,70,183018,0,200,0.0,inf
3R3X_n160,7e-05,20.0,71,183018,0,200,0.0,inf
3R3X_n160,7e-05,20.0,72,183018,7,200,0.035,23656912.864137325
3R3X_n160,7e-05,20.0,73,183018,9,200,0.045,18304885.82277592
3R3X_n160,7e-05,20.0,74,183018,0,200,0.0,inf
3R3X_n160,7e-05,20.0,75,183018,5,200,0.025,33289968.76910344
3R3X_n160,7e-05,20.0,76,183018,0,200,0.0,inf
3R3X_n160,7e-05,20.0,77,183018,0,200,0.0,inf
3R3X_n160,7e-05,20.0,78,183018,0,200,0.0,inf
3R3X_n160,7e-05,20.0,79,183018,2,200,0.01,83860783.29964805
3R3X_n160,7e-05,20.0,80,183018,9,200,0.045,18304885.82277592
3R3X_n160,7e-05,20.0,81,183018,0,200,0.0,inf
3R3X_n160,7e-05,20.0,82,183018,3,200,0.015,55766126.441035934
3R3X_n160,7e-05,20.0,83,183018,5,200,0.025,33289968.76910344
3R3X_n160,7e-05,20.0,84,183018,5,200,0.025,33289968.76910344
3R3X_n160,7e-05,20.0,85,183018,0,200,0.0,inf
3R3X_n160,7e-05,20.0,86,183018,0,200,0.0,inf
3R3X_n160,7e-05,20.0,87,183018,0,200,0.0,inf
3R3X_n160,7e-05,20.0,88,183018,8,200,0.04,20646444.32503099
3R3X_n160,7e-05,20.0,89,183018,6,200,0.03,27670747.42579214
3R3X_n160,7e-05,20.0,90,183018,6,200,0.03,27670747.42579214
3R3X_n160,7e-05,20.0,91,183018,4,200,0.02,41718618.39369818
3R3X_n160,7e-05,20.0,92,183018,7,200,0.035,23656912.864137325
3R3X_n160,7e-05,20.0,93,183018,2,200,0.01,83860783.29964805
3R3X_n160,7e-05,20.0,94,183018,0,200,0.0,inf
3R3X_n160,7e-05,20.0,95,183018,5,200,0.025,33289968.76910344
3R3X_n160,7e-05,20.0,96,183018,0,200,0.0,inf
3R3X_n160,7e-05,20.0,97,183018,11,200,0.055,14898776.743009605
3R3X_n160,7e-05,20.0,98,183018,0,200,0.0,inf
3R3X_n160,7e-05,20.0,99,183018,6,200,0.03,27670747.42579214
3R3X_n160,7e-05,20.0,100,183018,0,200,0.0,inf
3R3X_n160,8e-05,20.0,1,191017,13,200,0.065,13088560.60303436
3R3X_n160,8e-05,20.0,2,191017,0,200,0.0,inf
3R3X_n160,8e-05,20.0,3,191017,0,200,0.0,inf
3R3X_n160,8e-05,20.0,4,191017,22,200,0.11,7548588.22682692
3R3X_n160,8e-05,20.0,5,191017,0,200,0.0,inf
3R3X_n160,8e-05,20.0,6,191017,3,200,0.015,58203445.42278552
3R3X_n160,8e-05,20.0,7,191017,0,200,0.0,inf
3R3X_n160,8e-05,20.0,8,191017,4,200,0.02,43541975.814996585
3R3X_n160,8e-05,20.0,9,191017,0,200,0.0,inf
3R3X_n160,8e-05,20.0,10,191017,4,200,0.02,43541975.814996585
3R3X_n160,8e-05,20.0,11,191017,8,200,0.04,21548819.54580667
3R3X_n160,8e-05,20.0,12,191017,10,200,0.05,17149723.056789882
3R3X_n160,8e-05,20.0,13,191017,4,200,0.02,43541975.814996585
3R3X_n160,8e-05,20.0,14,191017,7,200,0.035,24690863.87442175
3R3X_n160,8e-05,20.0,15,191017,0,200,0.0,inf
3R3X_n160,8e-05,20.0,16,191017,8,200,0.04,21548819.54580667
3R3X_n160,8e-05,20.0,17,191017,0,200,0.0,inf
3R3X_n160,8e-05,20.0,18,191017,4,200,0.02,43541975.814996585
3R3X_n160,8e-05,20.0,19,191017,6,200,0.03,28880127.42480268
3R3X_n160,8e-05,20.0,20,191017,0,200,0.0,inf
3R3X_n160,8e-05,20.0,21,191017,0,200,0.0,inf
3R3X_n160,8e-05,20.0,22,191017,11,200,0.055,15549943.924201256
3R3X_n160,8e-05,20.0,23,191017,4,200,0.02,43541975.814996585
3R3X_n160,8e-05,20.0,24,191017,10,200,0.05,17149723.056789882
3R3X_n160,8e-05,20.0,25,191017,0,200,0.0,inf
3R3X_n160,8e-05,20.0,26,191017,6,200,0.03,28880127.42480268
3R3X_n160,8e-05,20.0,27,191017,3,200,0.015,58203445.42278552
3R3X_n160,8e-05,20.0,28,191017,8,200,0.04,21548819.54580667
3R3X_n160,8e-05,20.0,29,191017,0,200,0.0,inf
3R3X_n160,8e-05,20.0,30,191017,0,200,0.0,inf
3R3X_n160,8e-05,20.0,31,191017,16,200,0.08,10549877.900052175
3R3X_n160,8e-05,20.0,32,191017,0,200,0.0,inf
3R3X_n160,8e-05,20.0,33,191017,11,200,0.055,15549943.924201256
3R3X_n160,8e-05,20.0,34,191017,9,195,0.046153846153846156,18616128.860685423
3R3X_n160,8e-05,20.0,35,191017,0,194,0.0,inf
3R3X_n160,8e-05,20.0,36,191017,5,200,0.025,34744942.92565667
3R3X_n160,8e-05,20.0,37,191017,4,198,0.020202020202020204,43102127.80562516
3R3X_n160,8e-05,20.0,38,191017,12,196,0.061224489795918366,13923410.677293168
3R3X_n160,8e-05,20.0,39,191017,6,199,0.03015075376884422,28733505.066015296
3R3X_n160,8e-05,20.0,40,191017,8,200,0.04,21548819.54580667
3R3X_n160,8e-05,20.0,41,191017,9,200,0.045,19104920.692004
3R3X_n160,8e-05,20.0,42,191017,3,200,0.015,58203445.42278552
3R3X_n160,8e-05,20.0,43,191017,0,200,0.0,inf
3R3X_n160,8e-05,20.0,44,191017,0,200,0.0,inf
3R3X_n160,8e-05,20.0,45,191017,0,200,0.0,inf
3R3X_n160,8e-05,20.0,46,191017,11,200,0.055,15549943.924201256
3R3X_n160,8e-05,20.0,47,191017,6,200,0.03,28880127.42480268
3R3X_n160,8e-05,20.0,48,191017,0,200,0.0,inf
3R3X_n160,8e-05,20.0,49,191017,13,200,0.065,13088560.60303436
3R3X_n160,8e-05,20.0,50,191017,0,200,0.0,inf
3R3X_n160,8e-05,20.0,51,191017,0,200,0.0,inf
3R3X_n160,8e-05,20.0,52,191017,6,200,0.03,28880127.42480268
3R3X_n160,8e-05,20.0,53,191017,0,200,0.0,inf
3R3X_n160,8e-05,20.0,54,191017,2,200,0.01,87526009.7014986
3R3X_n160,8e-05,20.0,55,191017,0,200,0.0,inf
3R3X_n160,8e-05,20.0,56,191017,5,200,0.025,34744942.92565667
3R3X_n160,8e-05,20.0,57,191017,0,200,0.0,inf
3R3X_n160,8e-05,20.0,58,191017,2,200,0.01,87526009.7014986
3R3X_n160,8e-05,20.0,59,191017,3,200,0.015,58203445.42278552
3R3X_n160,8e-05,20.0,60,191017,0,200,0.0,inf
3R3X_n160,8e-05,20.0,61,191017,0,200,0.0,inf
3R3X_n160,8e-05,20.0,62,191017,4,200,0.02,43541975.814996585
3R3X_n160,8e-05,20.0,63,191017,0,200,0.0,inf
3R3X_n160,8e-05,20.0,64,191017,4,200,0.02,43541975.814996585
3R3X_n160,8e-05,20.0,65,191017,5,200,0.025,34744942.92565667
3R3X_n160,8e-05,20.0,66,191017,4,200,0.02,43541975.814996585
3R3X_n160,8e-05,20.0,67,191017,6,200,0.03,28880127.42480268
3R3X_n160,8e-05,20.0,68,191017,9,200,0.045,19104920.692004
3R3X_n160,8e-05,20.0,69,191017,7,200,0.035,24690863.87442175
3R3X_n160,8e-05,20.0,70,191017,0,200,0.0,inf
3R3X_n160,8e-05,20.0,71,191017,0,200,0.0,inf
3R3X_n160,8e-05,20.0,72,191017,4,200,0.02,43541975.814996585
3R3X_n160,8e-05,20.0,73,191017,8,200,0.04,21548819.54580667
3R3X_n160,8e-05,20.0,74,191017,0,200,0.0,inf
3R3X_n160,8e-05,20.0,75,191017,8,200,0.04,21548819.54580667
3R3X_n160,8e-05,20.0,76,191017,0,200,0.0,inf
3R3X_n160,8e-05,20.0,77,191017,0,200,0.0,inf
3R3X_n160,8e-05,20.0,78,191017,0,200,0.0,inf
3R3X_n160,8e-05,20.0,79,191017,2,200,0.01,87526009.7014986
3R3X_n160,8e-05,20.0,80,191017,8,200,0.04,21548819.54580667
3R3X_n160,8e-05,20.0,81,191017,0,200,0.0,inf
3R3X_n160,8e-05,20.0,82,191017,6,200,0.03,28880127.42480268
3R3X_n160,8e-05,20.0,83,191017,4,200,0.02,43541975.814996585
3R3X_n160,8e-05,20.0,84,191017,5,200,0.025,34744942.92565667
3R3X_n160,8e-05,20.0,85,191017,0,200,0.0,inf
3R3X_n160,8e-05,20.0,86,191017,2,200,0.01,87526009.7014986
3R3X_n160,8e-05,20.0,87,191017,0,200,0.0,inf
3R3X_n160,8e-05,20.0,88,191017,14,200,0.07,12121501.93217707
3R3X_n160,8e-05,20.0,89,191017,10,200,0.05,17149723.056789882
3R3X_n160,8e-05,20.0,90,191017,5,200,0.025,34744942.92565667
3R3X_n160,8e-05,20.0,91,191017,3,200,0.015,58203445.42278552
3R3X_n160,8e-05,20.0,92,191017,7,200,0.035,24690863.87442175
3R3X_n160,8e-05,20.0,93,191017,2,200,0.01,87526009.7014986
3R3X_n160,8e-05,20.0,94,191017,0,200,0.0,inf
3R3X_n160,8e-05,20.0,95,191017,5,200,0.025,34744942.92565667
3R3X_n160,8e-05,20.0,96,191017,0,200,0.0,inf
3R3X_n160,8e-05,20.0,97,191017,10,200,0.05,17149723.056789882
3R3X_n160,8e-05,20.0,98,191017,0,200,0.0,inf
3R3X_n160,8e-05,20.0,99,191017,8,200,0.04,21548819.54580667
3R3X_n160,8e-05,20.0,100,191017,0,200,0.0,inf
3R3X_n160,9e-05,20.0,1,147211,7,200,0.035,19028498.834226795
3R3X_n160,9e-05,20.0,2,147211,0,200,0.0,inf
3R3X_n160,9e-05,20.0,3,147211,2,200,0.01,67453637.18500087
3R3X_n160,9e-05,20.0,4,147211,15,200,0.075,8695719.651885929
3R3X_n160,9e-05,20.0,5,147211,0,200,0.0,inf
3R3X_n160,9e-05,20.0,6,147211,3,200,0.015,44855627.53123376
3R3X_n160,9e-05,20.0,7,147211,0,200,0.0,inf
3R3X_n160,9e-05,20.0,8,147211,9,200,0.045,14723582.08950303
3R3X_n160,9e-05,20.0,9,147211,0,200,0.0,inf
3R3X_n160,9e-05,20.0,10,147211,7,200,0.035,19028498.834226795
3R3X_n160,9e-05,20.0,11,147211,5,200,0.025,26776872.17906701
3R3X_n160,9e-05,20.0,12,147211,10,200,0.05,13216770.658701032
3R3X_n160,9e-05,20.0,13,147211,8,200,0.04,16607020.70578925
3R3X_n160,9e-05,20.0,14,147211,6,200,0.03,22257037.00891872
3R3X_n160,9e-05,20.0,15,147211,0,200,0.0,inf
3R3X_n160,9e-05,20.0,16,147211,6,200,0.03,22257037.00891872
3R3X_n160,9e-05,20.0,17,147211,0,200,0.0,inf
3R3X_n160,9e-05,20.0,18,147211,3,200,0.015,44855627.53123376
3R3X_n160,9e-05,20.0,19,147211,2,200,0.01,67453637.18500087
3R3X_n160,9e-05,20.0,20,147211,0,200,0.0,inf
3R3X_n160,9e-05,20.0,21,147211,0,200,0.0,inf
3R3X_n160,9e-05,20.0,22,147211,5,200,0.025,26776872.17906701
3R3X_n160,9e-05,20.0,23,147211,6,200,0.03,22257037.00891872
3R3X_n160,9e-05,20.0,24,147211,10,200,0.05,13216770.658701032
3R3X_n160,9e-05,20.0,25,147211,0,200,0.0,inf
3R3X_n160,9e-05,20.0,26,147211,7,200,0.035,19028498.834226795
3R3X_n160,9e-05,20.0,27,147211,10,200,0.05,13216770.658701032
3R3X_n160,9e-05,20.0,28,147211,7,200,0.035,19028498.834226795
3R3X_n160,9e-05,20.0,29,147211,0,200,0.0,inf
3R3X_n160,9e-05,20.0,30,147211,0,200,0.0,inf
3R3X_n160,9e-05,20.0,31,147211,10,200,0.05,13216770.658701032
3R3X_n160,9e-05,20.0,32,147211,0,200,0.0,inf
3R3X_n160,9e-05,20.0,33,147211,11,200,0.055,11983869.4724846
3R3X_n160,9e-05,20.0,34,147211,4,200,0.02,33556478.22812348
3R3X_n160,9e-05,20.0,35,147211,0,200,0.0,inf
3R3X_n160,9e-05,20.0,36,147211,5,200,0.025,26776872.17906701
3R3X_n160,9e-05,20.0,37,147211,2,200,0.01,67453637.18500087
3R3X_n160,9e-05,20.0,38,147211,11,200,0.055,11983869.4724846
3R3X_n160,9e-05,20.0,39,147211,2,200,0.01,67453637.18500087
3R3X_n160,9e-05,20.0,40,147211,5,200,0.025,26776872.17906701
3R3X_n160,9e-05,20.0,41,147211,3,200,0.015,44855627.53123376
3R3X_n160,9e-05,20.0,42,147211,4,200,0.02,33556478.22812348
3R3X_n160,9e-05,20.0,43,147211,0,200,0.0,inf
3R3X_n160,9e-05,20.0,44,147211,0,200,0.0,inf
3R3X_n160,9e-05,20.0,45,147211,0,200,0.0,inf
3R3X_n160,9e-05,20.0,46,147211,10,200,0.05,13216770.658701032
3R3X_n160,9e-05,20.0,47,147211,10,200,0.05,13216770.658701032
3R3X_n160,9e-05,20.0,48,147211,0,199,0.0,inf
3R3X_n160,9e-05,20.0,49,147211,15,200,0.075,8695719.651885929
3R3X_n160,9e-05,20.0,50,147211,0,200,0.0,inf
3R3X_n160,9e-05,20.0,51,147211,0,200,0.0,inf
3R3X_n160,9e-05,20.0,52,147211,5,200,0.025,26776872.17906701
3R3X_n160,9e-05,20.0,53,147211,0,200,0.0,inf
3R3X_n160,9e-05,20.0,54,147211,5,200,0.025,26776872.17906701
3R3X_n160,9e-05,20.0,55,147211,0,200,0.0,inf
3R3X_n160,9e-05,20.0,56,147211,9,200,0.045,14723582.08950303
3R3X_n160,9e-05,20.0,57,147211,0,200,0.0,inf
3R3X_n160,9e-05,20.0,58,147211,3,200,0.015,44855627.53123376
3R3X_n160,9e-05,20.0,59,147211,5,200,0.025,26776872.17906701
3R3X_n160,9e-05,20.0,60,147211,0,200,0.0,inf
3R3X_n160,9e-05,20.0,61,147211,0,200,0.0,inf
3R3X_n160,9e-05,20.0,62,147211,4,200,0.02,33556478.22812348
3R3X_n160,9e-05,20.0,63,147211,0,200,0.0,inf
3R3X_n160,9e-05,20.0,64,147211,3,200,0.015,44855627.53123376
3R3X_n160,9e-05,20.0,65,147211,1,200,0.005,135247092.61580554
3R3X_n160,9e-05,20.0,66,147211,1,200,0.005,135247092.61580554
3R3X_n160,9e-05,20.0,67,147211,4,200,0.02,33556478.22812348
3R3X_n160,9e-05,20.0,68,147211,5,200,0.025,26776872.17906701
3R3X_n160,9e-05,20.0,69,147211,2,200,0.01,67453637.18500087
3R3X_n160,9e-05,20.0,70,147211,0,200,0.0,inf
3R3X_n160,9e-05,20.0,71,147211,0,200,0.0,inf
3R3X_n160,9e-05,20.0,72,147211,2,200,0.01,67453637.18500087
3R3X_n160,9e-05,20.0,73,147211,7,200,0.035,19028498.834226795
3R3X_n160,9e-05,20.0,74,147211,0,200,0.0,inf
3R3X_n160,9e-05,20.0,75,147211,11,200,0.055,11983869.4724846
3R3X_n160,9e-05,20.0,76,147211,0,200,0.0,inf
3R3X_n160,9e-05,20.0,77,147211,0,200,0.0,inf
3R3X_n160,9e-05,20.0,78,147211,0,200,0.0,inf
3R3X_n160,9e-05,20.0,79,147211,1,200,0.005,135247092.61580554
3R3X_n160,9e-05,20.0,80,147211,6,200,0.03,22257037.00891872
3R3X_n160,9e-05,20.0,81,147211,0,200,0.0,inf
3R3X_n160,9e-05,20.0,82,147211,7,200,0.035,19028498.834226795
3R3X_n160,9e-05,20.0,83,147211,0,200,0.0,inf
3R3X_n160,9e-05,20.0,84,147211,0,200,0.0,inf
3R3X_n160,9e-05,20.0,85,147211,0,199,0.0,inf
3R3X_n160,9e-05,20.0,86,147211,3,200,0.015,44855627.53123376
3R3X_n160,9e-05,20.0,87,147211,0,200,0.0,inf
3R3X_n160,9e-05,20.0,88,147211,11,200,0.055,11983869.4724846
3R3X_n160,9e-05,20.0,89,147211,4,200,0.02,33556478.22812348
3R3X_n160,9e-05,20.0,90,147211,3,200,0.015,44855627.53123376
3R3X_n160,9e-05,20.0,91,147211,7,200,0.035,19028498.834226795
3R3X_n160,9e-05,20.0,92,147211,12,200,0.06,10956400.564887444
3R3X_n160,9e-05,20.0,93,147211,6,200,0.03,22257037.00891872
3R3X_n160,9e-05,20.0,94,147211,0,200,0.0,inf
3R3X_n160,9e-05,20.0,95,147211,3,200,0.015,44855627.53123376
3R3X_n160,9e-05,20.0,96,147211,0,200,0.0,inf
3R3X_n160,9e-05,20.0,97,147211,8,200,0.04,16607020.70578925
3R3X_n160,9e-05,20.0,98,147211,0,200,0.0,inf
3R3X_n160,9e-05,20.0,99,147211,10,200,0.05,13216770.658701032
3R3X_n160,9e-05,20.0,100,147211,0,200,0.0,inf
3R3X_n160,0.0001,20.0,1,139317,16,200,0.08,7694484.466835774
3R3X_n160,0.0001,20.0,2,139317,0,200,0.0,inf
3R3X_n160,0.0001,20.0,3,139317,5,200,0.025,25340996.945683945
3R3X_n160,0.0001,20.0,4,139317,15,200,0.075,8229422.901425792
3R3X_n160,0.0001,20.0,5,139317,0,200,0.0,inf
3R3X_n160,0.0001,20.0,6,139317,3,200,0.015,42450302.360346
3R3X_n160,0.0001,20.0,7,139317,0,200,0.0,inf
3R3X_n160,0.0001,20.0,8,139317,3,200,0.015,42450302.360346
3R3X_n160,0.0001,20.0,9,139317,0,200,0.0,inf
3R3X_n160,0.0001,20.0,10,139317,3,200,0.015,42450302.360346
3R3X_n160,0.0001,20.0,11,139317,7,200,0.035,18008120.1274903
3R3X_n160,0.0001,20.0,12,139317,2,200,0.01,63836522.89368842
3R3X_n160,0.0001,20.0,13,139317,9,200,0.045,13934048.990654869
3R3X_n160,0.0001,20.0,14,139317,13,200,0.065,9546056.09727374
3R3X_n160,0.0001,20.0,15,139317,0,200,0.0,inf
3R3X_n160,0.0001,20.0,16,139317,8,200,0.04,15716490.640430681
3R3X_n160,0.0001,20.0,17,139317,0,200,0.0,inf
3R3X_n160,0.0001,20.0,18,139317,4,200,0.02,31757055.36479936
3R3X_n160,0.0001,20.0,19,139317,6,200,0.03,21063532.106782302
3R3X_n160,0.0001,20.0,20,139317,0,200,0.0,inf
3R3X_n160,0.0001,20.0,21,139317,0,200,0.0,inf
3R3X_n160,0.0001,20.0,22,139317,5,200,0.025,25340996.945683945
3R3X_n160,0.0001,20.0,23,139317,15,200,0.075,8229422.901425792
3R3X_n160,0.0001,20.0,24,139317,8,200,0.04,15716490.640430681
3R3X_n160,0.0001,20.0,25,139317,0,200,0.0,inf
3R3X_n160,0.0001,20.0,26,139317,7,200,0.035,18008120.1274903
3R3X_n160,0.0001,20.0,27,139317,12,200,0.06,10368877.716328427
3R3X_n160,0.0001,20.0,28,139317,6,200,0.03,21063532.106782302
3R3X_n160,0.0001,20.0,29,139317,0,200,0.0,inf
3R3X_n160,0.0001,20.0,30,139317,0,200,0.0,inf
3R3X_n160,0.0001,20.0,31,139317,3,200,0.015,42450302.360346
3R3X_n160,0.0001,20.0,32,139317,0,200,0.0,inf
3R3X_n160,0.0001,20.0,33,139317,9,200,0.045,13934048.990654869
3R3X_n160,0.0001,20.0,34,139317,5,200,0.025,25340996.945683945
3R3X_n160,0.0001,20.0,35,139317,0,200,0.0,inf
3R3X_n160,0.0001,20.0,36,139317,7,200,0.035,18008120.1274903
3R3X_n160,0.0001,20.0,37,139317,4,200,0.02,31757055.36479936
3R3X_n160,0.0001,20.0,38,139317,5,200,0.025,25340996.945683945
3R3X_n160,0.0001,20.0,39,139317,5,200,0.025,25340996.945683945
3R3X_n160,0.0001,20.0,40,139317,6,200,0.03,21063532.106782302
3R3X_n160,0.0001,20.0,41,139317,2,200,0.01,63836522.89368842
3R3X_n160,0.0001,20.0,42,139317,1,200,0.005,127994641.7180522
3R3X_n160,0.0001,20.0,43,139317,0,200,0.0,inf
3R3X_n160,0.0001,20.0,44,139317,0,200,0.0,inf
3R3X_n160,0.0001,20.0,45,139317,0,200,0.0,inf
3R3X_n160,0.0001,20.0,46,139317,6,200,0.03,21063532.106782302
3R3X_n160,0.0001,20.0,47,139317,2,200,0.01,63836522.89368842
3R3X_n160,0.0001,20.0,48,139317,0,200,0.0,inf
3R3X_n160,0.0001,20.0,49,139317,11,200,0.055,11341249.929000802
3R3X_n160,0.0001,20.0,50,139317,0,200,0.0,inf
3R3X_n160,0.0001,20.0,51,139317,0,200,0.0,inf
3R3X_n160,0.0001,20.0,52,139317,5,200,0.025,25340996.945683945
3R3X_n160,0.0001,20.0,53,139317,0,200,0.0,inf
3R3X_n160,0.0001,20.0,54,139317,4,200,0.02,31757055.36479936
3R3X_n160,0.0001,20.0,55,139317,0,200,0.0,inf
3R3X_n160,0.0001,20.0,56,139317,4,200,0.02,31757055.36479936
3R3X_n160,0.0001,20.0,57,139317,0,200,0.0,inf
3R3X_n160,0.0001,20.0,58,139317,6,200,0.03,21063532.106782302
3R3X_n160,0.0001,20.0,59,139317,7,200,0.035,18008120.1274903
3R3X_n160,0.0001,20.0,60,139317,0,200,0.0,inf
3R3X_n160,0.0001,20.0,61,139317,0,200,0.0,inf
3R3X_n160,0.0001,20.0,62,139317,2,200,0.01,63836522.89368842
3R3X_n160,0.0001,20.0,63,139317,0,196,0.0,inf
3R3X_n160,0.0001,20.0,64,139317,5,200,0.025,25340996.945683945
3R3X_n160,0.0001,20.0,65,139317,4,200,0.02,31757055.36479936
3R3X_n160,0.0001,20.0,66,139317,0,190,0.0,inf
3R3X_n160,0.0001,20.0,67,139317,9,182,0.04945054945054945,12650642.287632504
3R3X_n160,0.0001,20.0,68,139317,4,192,0.020833333333333332,30473852.893495206
3R3X_n160,0.0001,20.0,69,139317,5,200,0.025,25340996.945683945
3R3X_n160,0.0001,20.0,70,139317,0,195,0.0,inf
3R3X_n160,0.0001,20.0,71,139317,0,178,0.0,inf
3R3X_n160,0.0001,20.0,72,139317,0,182,0.0,inf
3R3X_n160,0.0001,20.0,73,139317,6,190,0.031578947368421054,19994147.519702043
3R3X_n160,0.0001,20.0,74,139317,0,200,0.0,inf
3R3X_n160,0.0001,20.0,75,139317,7,200,0.035,18008120.1274903
3R3X_n160,0.0001,20.0,76,139317,0,192,0.0,inf
3R3X_n160,0.0001,20.0,77,139317,0,194,0.0,inf
3R3X_n160,0.0001,20.0,78,139317,0,197,0.0,inf
3R3X_n160,0.0001,20.0,79,139317,1,200,0.005,127994641.7180522
3R3X_n160,0.0001,20.0,80,139317,6,200,0.03,21063532.106782302
3R3X_n160,0.0001,20.0,81,139317,0,197,0.0,inf
3R3X_n160,0.0001,20.0,82,139317,4,200,0.02,31757055.36479936
3R3X_n160,0.0001,20.0,83,139317,3,197,0.015228426395939087,41808711.465480365
3R3X_n160,0.0001,20.0,84,139317,1,200,0.005,127994641.7180522
3R3X_n160,0.0001,20.0,85,139317,0,200,0.0,inf
3R3X_n160,0.0001,20.0,86,139317,2,200,0.01,63836522.89368842
3R3X_n160,0.0001,20.0,87,139317,0,200,0.0,inf
3R3X_n160,0.0001,20.0,88,139317,6,193,0.031088082901554404,20314963.858654093
3R3X_n160,0.0001,20.0,89,139317,9,200,0.045,13934048.990654869
3R3X_n160,0.0001,20.0,90,139317,3,200,0.015,42450302.360346
3R3X_n160,0.0001,20.0,91,139317,3,200,0.015,42450302.360346
3R3X_n160,0.0001,20.0,92,139317,5,200,0.025,25340996.945683945
3R3X_n160,0.0001,20.0,93,139317,1,200,0.005,127994641.7180522
3R3X_n160,0.0001,20.0,94,139317,0,200,0.0,inf
3R3X_n160,0.0001,20.0,95,139317,5,200,0.025,25340996.945683945
3R3X_n160,0.0001,20.0,96,139317,0,200,0.0,inf
3R3X_n160,0.0001,20.0,97,139317,6,200,0.03,21063532.106782302
3R3X_n160,0.0001,20.0,98,139317,0,200,0.0,inf
3R3X_n160,0.0001,20.0,99,139317,5,188,0.026595744680851064,23801120.985581372
3R3X_n160,0.0001,20.0,100,139317,0,164,0.0,inf
3R3X_n160,0.0002,20.0,1,60396,2,200,0.01,27674085.98151845
3R3X_n160,0.0002,20.0,2,60396,0,200,0.0,inf
3R3X_n160,0.0002,20.0,3,60396,1,200,0.005,55487588.60155961
3R3X_n160,0.0002,20.0,4,60396,6,200,0.03,9131355.721995335
3R3X_n160,0.0002,20.0,5,60396,0,200,0.0,inf
3R3X_n160,0.0002,20.0,6,60396,1,200,0.005,55487588.60155961
3R3X_n160,0.0002,20.0,7,60396,0,200,0.0,inf
3R3X_n160,0.0002,20.0,8,60396,1,200,0.005,55487588.60155961
3R3X_n160,0.0002,20.0,9,60396,0,200,0.0,inf
3R3X_n160,0.0002,20.0,10,60396,2,200,0.01,27674085.98151845
3R3X_n160,0.0002,20.0,11,60396,2,200,0.01,27674085.98151845
3R3X_n160,0.0002,20.0,12,60396,2,200,0.01,27674085.98151845
3R3X_n160,0.0002,20.0,13,60396,2,200,0.01,27674085.98151845
3R3X_n160,0.0002,20.0,14,60396,4,200,0.02,13767157.746810671
3R3X_n160,0.0002,20.0,15,60396,0,200,0.0,inf
3R3X_n160,0.0002,20.0,16,60396,1,200,0.005,55487588.60155961
3R3X_n160,0.0002,20.0,17,60396,0,200,0.0,inf
3R3X_n160,0.0002,20.0,18,60396,0,200,0.0,inf
3R3X_n160,0.0002,20.0,19,60396,0,200,0.0,inf
3R3X_n160,0.0002,20.0,20,60396,0,200,0.0,inf
3R3X_n160,0.0002,20.0,21,60396,0,200,0.0,inf
3R3X_n160,0.0002,20.0,22,60396,1,200,0.005,55487588.60155961
3R3X_n160,0.0002,20.0,23,60396,3,200,0.015,18402840.007719494
3R3X_n160,0.0002,20.0,24,60396,1,200,0.005,55487588.60155961
3R3X_n160,0.0002,20.0,25,60396,0,200,0.0,inf
3R3X_n160,0.0002,20.0,26,60396,2,200,0.01,27674085.98151845
3R3X_n160,0.0002,20.0,27,60396,9,200,0.045,6040618.322527699
3R3X_n160,0.0002,20.0,28,60396,1,200,0.005,55487588.60155961
3R3X_n160,0.0002,20.0,29,60396,0,200,0.0,inf
3R3X_n160,0.0002,20.0,30,60396,0,200,0.0,inf
3R3X_n160,0.0002,20.0,31,60396,5,200,0.025,10985700.607474519
3R3X_n160,0.0002,20.0,32,60396,0,164,0.0,inf
3R3X_n160,0.0002,20.0,33,60396,7,188,0.03723404255319149,7329934.383539889
3R3X_n160,0.0002,20.0,34,60396,1,200,0.005,55487588.60155961
3R3X_n160,0.0002,20.0,35,60396,0,200,0.0,inf
3R3X_n160,0.0002,20.0,36,60396,4,200,0.02,13767157.746810671
3R3X_n160,0.0002,20.0,37,60396,2,200,0.01,27674085.98151845
3R3X_n160,0.0002,20.0,38,60396,4,200,0.02,13767157.746810671
3R3X_n160,0.0002,20.0,39,60396,2,200,0.01,27674085.98151845
3R3X_n160,0.0002,20.0,40,60396,2,200,0.01,27674085.98151845
3R3X_n160,0.0002,20.0,41,60396,0,200,0.0,inf
3R3X_n160,0.0002,20.0,42,60396,1,200,0.005,55487588.60155961
3R3X_n160,0.0002,20.0,43,60396,0,200,0.0,inf
3R3X_n160,0.0002,20.0,44,60396,0,200,0.0,inf
3R3X_n160,0.0002,20.0,45,60396,0,200,0.0,inf
3R3X_n160,0.0002,20.0,46,60396,4,200,0.02,13767157.746810671
3R3X_n160,0.0002,20.0,47,60396,2,200,0.01,27674085.98151845
3R3X_n160,0.0002,20.0,48,60396,0,200,0.0,inf
3R3X_n160,0.0002,20.0,49,60396,4,200,0.02,13767157.746810671
3R3X_n160,0.0002,20.0,50,60396,0,200,0.0,inf
3R3X_n160,0.0002,20.0,51,60396,0,200,0.0,inf
3R3X_n160,0.0002,20.0,52,60396,1,200,0.005,55487588.60155961
3R3X_n160,0.0002,20.0,53,60396,0,200,0.0,inf
3R3X_n160,0.0002,20.0,54,60396,3,200,0.015,18402840.007719494
3R3X_n160,0.0002,20.0,55,60396,0,200,0.0,inf
3R3X_n160,0.0002,20.0,56,60396,2,200,0.01,27674085.98151845
3R3X_n160,0.0002,20.0,57,60396,0,200,0.0,inf
3R3X_n160,0.0002,20.0,58,60396,3,200,0.015,18402840.007719494
3R3X_n160,0.0002,20.0,59,60396,3,200,0.015,18402840.007719494
3R3X_n160,0.0002,20.0,60,60396,0,200,0.0,inf
3R3X_n160,0.0002,20.0,61,60396,0,200,0.0,inf
3R3X_n160,0.0002,20.0,62,60396,0,200,0.0,inf
3R3X_n160,0.0002,20.0,63,60396,0,200,0.0,inf
3R3X_n160,0.0002,20.0,64,60396,2,200,0.01,27674085.98151845
3R3X_n160,0.0002,20.0,65,60396,0,200,0.0,inf
3R3X_n160,0.0002,20.0,66,60396,0,200,0.0,inf
3R3X_n160,0.0002,20.0,67,60396,1,200,0.005,55487588.60155961
3R3X_n160,0.0002,20.0,68,60396,0,200,0.0,inf
3R3X_n160,0.0002,20.0,69,60396,2,200,0.01,27674085.98151845
3R3X_n160,0.0002,20.0,70,60396,0,200,0.0,inf
3R3X_n160,0.0002,20.0,71,60396,0,200,0.0,inf
3R3X_n160,0.0002,20.0,72,60396,0,200,0.0,inf
3R3X_n160,0.0002,20.0,73,60396,1,200,0.005,55487588.60155961
3R3X_n160,0.0002,20.0,74,60396,0,200,0.0,inf
3R3X_n160,0.0002,20.0,75,60396,2,200,0.01,27674085.98151845
3R3X_n160,0.0002,20.0,76,60396,0,200,0.0,inf
3R3X_n160,0.0002,20.0,77,60396,0,200,0.0,inf
3R3X_n160,0.0002,20.0,78,60396,0,200,0.0,inf
3R3X_n160,0.0002,20.0,79,60396,1,200,0.005,55487588.60155961
3R3X_n160,0.0002,20.0,80,60396,3,200,0.015,18402840.007719494
3R3X_n160,0.0002,20.0,81,60396,0,200,0.0,inf
3R3X_n160,0.0002,20.0,82,60396,0,200,0.0,inf
3R3X_n160,0.0002,20.0,83,60396,0,200,0.0,inf
3R3X_n160,0.0002,20.0,84,60396,3,200,0.015,18402840.007719494
3R3X_n160,0.0002,20.0,85,60396,0,200,0.0,inf
3R3X_n160,0.0002,20.0,86,60396,0,200,0.0,inf
3R3X_n160,0.0002,20.0,87,60396,0,200,0.0,inf
3R3X_n160,0.0002,20.0,88,60396,2,200,0.01,27674085.98151845
3R3X_n160,0.0002,20.0,89,60396,2,200,0.01,27674085.98151845
3R3X_n160,0.0002,20.0,90,60396,3,200,0.015,18402840.007719494
3R3X_n160,0.0002,20.0,91,60396,1,200,0.005,55487588.60155961
3R3X_n160,0.0002,20.0,92,60396,5,200,0.025,10985700.607474519
3R3X_n160,0.0002,20.0,93,60396,3,200,0.015,18402840.007719494
3R3X_n160,0.0002,20.0,94,60396,0,200,0.0,inf
3R3X_n160,0.0002,20.0,95,60396,1,200,0.005,55487588.60155961
3R3X_n160,0.0002,20.0,96,60396,0,200,0.0,inf
3R3X_n160,0.0002,20.0,97,60396,6,200,0.03,9131355.721995335
3R3X_n160,0.0002,20.0,98,60396,0,200,0.0,inf
3R3X_n160,0.0002,20.0,99,60396,4,200,0.02,13767157.746810671
3R3X_n160,0.0002,20.0,100,60396,0,200,0.0,inf
3R3X_n160,0.0003,20.0,1,50218,3,200,0.015,15301573.274846967
3R3X_n160,0.0003,20.0,2,50218,0,200,0.0,inf
3R3X_n160,0.0003,20.0,3,50218,0,200,0.0,inf
3R3X_n160,0.0003,20.0,4,50218,1,200,0.005,46136759.460777536
3R3X_n160,0.0003,20.0,5,50218,0,200,0.0,inf
3R3X_n160,0.0003,20.0,6,50218,1,200,0.005,46136759.460777536
3R3X_n160,0.0003,20.0,7,50218,0,200,0.0,inf
3R3X_n160,0.0003,20.0,8,50218,1,200,0.005,46136759.460777536
3R3X_n160,0.0003,20.0,9,50218,0,200,0.0,inf
3R3X_n160,0.0003,20.0,10,50218,1,200,0.005,46136759.460777536
3R3X_n160,0.0003,20.0,11,50218,0,200,0.0,inf
3R3X_n160,0.0003,20.0,12,50218,3,200,0.015,15301573.274846967
3R3X_n160,0.0003,20.0,13,50218,2,200,0.01,23010418.73335806
3R3X_n160,0.0003,20.0,14,50218,3,200,0.015,15301573.274846967
3R3X_n160,0.0003,20.0,15,50218,0,200,0.0,inf
3R3X_n160,0.0003,20.0,16,50218,0,200,0.0,inf
3R3X_n160,0.0003,20.0,17,50218,0,200,0.0,inf
3R3X_n160,0.0003,20.0,18,50218,2,200,0.01,23010418.73335806
3R3X_n160,0.0003,20.0,19,50218,4,200,0.02,11447101.260502985
3R3X_n160,0.0003,20.0,20,50218,0,200,0.0,inf
3R3X_n160,0.0003,20.0,21,50218,0,200,0.0,inf
3R3X_n160,0.0003,20.0,22,50218,2,200,0.01,23010418.73335806
3R3X_n160,0.0003,20.0,23,50218,2,200,0.01,23010418.73335806
3R3X_n160,0.0003,20.0,24,50218,4,200,0.02,11447101.260502985
3R3X_n160,0.0003,20.0,25,50218,0,200,0.0,inf
3R3X_n160,0.0003,20.0,26,50218,0,200,0.0,inf
3R3X_n160,0.0003,20.0,27,50218,5,200,0.025,9134378.32151393
3R3X_n160,0.0003,20.0,28,50218,4,200,0.02,11447101.260502985
3R3X_n160,0.0003,20.0,29,50218,0,200,0.0,inf
3R3X_n160,0.0003,20.0,30,50218,0,200,0.0,inf
3R3X_n160,0.0003,20.0,31,50218,2,200,0.01,23010418.73335806
3R3X_n160,0.0003,20.0,32,50218,0,200,0.0,inf
3R3X_n160,0.0003,20.0,33,50218,5,200,0.025,9134378.32151393
3R3X_n160,0.0003,20.0,34,50218,3,200,0.015,15301573.274846967
3R3X_n160,0.0003,20.0,35,50218,0,200,0.0,inf
3R3X_n160,0.0003,20.0,36,50218,1,200,0.005,46136759.460777536
3R3X_n160,0.0003,20.0,37,50218,1,200,0.005,46136759.460777536
3R3X_n160,0.0003,20.0,38,50218,1,200,0.005,46136759.460777536
3R3X_n160,0.0003,20.0,39,50218,3,200,0.015,15301573.274846967
3R3X_n160,0.0003,20.0,40,50218,2,200,0.01,23010418.73335806
3R3X_n160,0.0003,20.0,41,50218,1,200,0.005,46136759.460777536
3R3X_n160,0.0003,20.0,42,50218,1,200,0.005,46136759.460777536
3R3X_n160,0.0003,20.0,43,50218,0,200,0.0,inf
3R3X_n160,0.0003,20.0,44,50218,0,200,0.0,inf
3R3X_n160,0.0003,20.0,45,50218,0,200,0.0,inf
3R3X_n160,0.0003,20.0,46,50218,2,200,0.01,23010418.73335806
3R3X_n160,0.0003,20.0,47,50218,1,200,0.005,46136759.460777536
3R3X_n160,0.0003,20.0,48,50218,0,200,0.0,inf
3R3X_n160,0.0003,20.0,49,50218,0,200,0.0,inf
3R3X_n160,0.0003,20.0,50,50218,0,200,0.0,inf
3R3X_n160,0.0003,20.0,51,50218,0,200,0.0,inf
3R3X_n160,0.0003,20.0,52,50218,1,200,0.005,46136759.460777536
3R3X_n160,0.0003,20.0,53,50218,0,200,0.0,inf
3R3X_n160,0.0003,20.0,54,50218,0,200,0.0,inf
3R3X_n160,0.0003,20.0,55,50218,0,200,0.0,inf
3R3X_n160,0.0003,20.0,56,50218,2,200,0.01,23010418.73335806
3R3X_n160,0.0003,20.0,57,50218,0,200,0.0,inf
3R3X_n160,0.0003,20.0,58,50218,1,200,0.005,46136759.460777536
3R3X_n160,0.0003,20.0,59,50218,2,200,0.01,23010418.73335806
3R3X_n160,0.0003,20.0,60,50218,0,200,0.0,inf
3R3X_n160,0.0003,20.0,61,50218,0,200,0.0,inf
3R3X_n160,0.0003,20.0,62,50218,1,200,0.005,46136759.460777536
3R3X_n160,0.0003,20.0,63,50218,0,200,0.0,inf
3R3X_n160,0.0003,20.0,64,50218,2,200,0.01,23010418.73335806
3R3X_n160,0.0003,20.0,65,50218,1,200,0.005,46136759.460777536
3R3X_n160,0.0003,20.0,66,50218,1,200,0.005,46136759.460777536
3R3X_n160,0.0003,20.0,67,50218,1,200,0.005,46136759.460777536
3R3X_n160,0.0003,20.0,68,50218,4,200,0.02,11447101.260502985
3R3X_n160,0.0003,20.0,69,50218,2,200,0.01,23010418.73335806
3R3X_n160,0.0003,20.0,70,50218,0,200,0.0,inf
3R3X_n160,0.0003,20.0,71,50218,0,200,0.0,inf
3R3X_n160,0.0003,20.0,72,50218,0,200,0.0,inf
3R3X_n160,0.0003,20.0,73,50218,8,200,0.04,5665142.997488806
3R3X_n160,0.0003,20.0,74,50218,0,200,0.0,inf
3R3X_n160,0.0003,20.0,75,50218,2,200,0.01,23010418.73335806
3R3X_n160,0.0003,20.0,76,50218,0,200,0.0,inf
3R3X_n160,0.0003,20.0,77,50218,0,200,0.0,inf
3R3X_n160,0.0003,20.0,78,50218,0,200,0.0,inf
3R3X_n160,0.0003,20.0,79,50218,3,200,0.015,15301573.274846967
3R3X_n160,0.0003,20.0,80,50218,0,200,0.0,inf
3R3X_n160,0.0003,20.0,81,50218,0,200,0.0,inf
3R3X_n160,0.0003,20.0,82,50218,0,200,0.0,inf
3R3X_n160,0.0003,20.0,83,50218,0,200,0.0,inf
3R3X_n160,0.0003,20.0,84,50218,1,200,0.005,46136759.460777536
3R3X_n160,0.0003,20.0,85,50218,0,200,0.0,inf
3R3X_n160,0.0003,20.0,86,50218,0,200,0.0,inf
3R3X_n160,0.0003,20.0,87,50218,0,200,0.0,inf
3R3X_n160,0.0003,20.0,88,50218,3,200,0.015,15301573.274846967
3R3X_n160,0.0003,20.0,89,50218,3,200,0.015,15301573.274846967
3R3X_n160,0.0003,20.0,90,50218,3,200,0.015,15301573.274846967
3R3X_n160,0.0003,20.0,91,50218,4,200,0.02,11447101.260502985
3R3X_n160,0.0003,20.0,92,50218,1,200,0.005,46136759.460777536
3R3X_n160,0.0003,20.0,93,50218,1,200,0.005,46136759.460777536
3R3X_n160,0.0003,20.0,94,50218,0,200,0.0,inf
3R3X_n160,0.0003,20.0,95,50218,1,200,0.005,46136759.460777536
3R3X_n160,0.0003,20.0,96,50218,0,200,0.0,inf
3R3X_n160,0.0003,20.0,97,50218,2,200,0.01,23010418.73335806
3R3X_n160,0.0003,20.0,98,50218,0,200,0.0,inf
3R3X_n160,0.0003,20.0,99,50218,2,200,0.01,23010418.73335806
3R3X_n160,0.0003,20.0,100,50218,0,200,0.0,inf
3R3X_n160,0.0004,20.0,1,11989,0,200,0.0,inf
3R3X_n160,0.0004,20.0,2,11989,0,200,0.0,inf
3R3X_n160,0.0004,20.0,3,11989,0,200,0.0,inf
3R3X_n160,0.0004,20.0,4,11989,0,200,0.0,inf
3R3X_n160,0.0004,20.0,5,11989,0,200,0.0,inf
3R3X_n160,0.0004,20.0,6,11989,0,200,0.0,inf
3R3X_n160,0.0004,20.0,7,11989,0,200,0.0,inf
3R3X_n160,0.0004,20.0,8,11989,0,200,0.0,inf
3R3X_n160,0.0004,20.0,9,11989,0,200,0.0,inf
3R3X_n160,0.0004,20.0,10,11989,0,200,0.0,inf
3R3X_n160,0.0004,20.0,11,11989,0,200,0.0,inf
3R3X_n160,0.0004,20.0,12,11989,0,200,0.0,inf
3R3X_n160,0.0004,20.0,13,11989,0,200,0.0,inf
3R3X_n160,0.0004,20.0,14,11989,0,200,0.0,inf
3R3X_n160,0.0004,20.0,15,11989,0,200,0.0,inf
3R3X_n160,0.0004,20.0,16,11989,0,200,0.0,inf
3R3X_n160,0.0004,20.0,17,11989,0,200,0.0,inf
3R3X_n160,0.0004,20.0,18,11989,0,200,0.0,inf
3R3X_n160,0.0004,20.0,19,11989,0,200,0.0,inf
3R3X_n160,0.0004,20.0,20,11989,0,200,0.0,inf
3R3X_n160,0.0004,20.0,21,11989,0,200,0.0,inf
3R3X_n160,0.0004,20.0,22,11989,0,200,0.0,inf
3R3X_n160,0.0004,20.0,23,11989,0,200,0.0,inf
3R3X_n160,0.0004,20.0,24,11989,0,200,0.0,inf
3R3X_n160,0.0004,20.0,25,11989,0,200,0.0,inf
3R3X_n160,0.0004,20.0,26,11989,0,200,0.0,inf
3R3X_n160,0.0004,20.0,27,11989,0,200,0.0,inf
3R3X_n160,0.0004,20.0,28,11989,0,200,0.0,inf
3R3X_n160,0.0004,20.0,29,11989,0,200,0.0,inf
3R3X_n160,0.0004,20.0,30,11989,0,200,0.0,inf
3R3X_n160,0.0004,20.0,31,11989,0,200,0.0,inf
3R3X_n160,0.0004,20.0,32,11989,0,200,0.0,inf
3R3X_n160,0.0004,20.0,33,11989,0,200,0.0,inf
3R3X_n160,0.0004,20.0,34,11989,0,200,0.0,inf
3R3X_n160,0.0004,20.0,35,11989,0,200,0.0,inf
3R3X_n160,0.0004,20.0,36,11989,0,200,0.0,inf
3R3X_n160,0.0004,20.0,37,11989,0,200,0.0,inf
3R3X_n160,0.0004,20.0,38,11989,0,200,0.0,inf
3R3X_n160,0.0004,20.0,39,11989,0,200,0.0,inf
3R3X_n160,0.0004,20.0,40,11989,0,200,0.0,inf
3R3X_n160,0.0004,20.0,41,11989,0,200,0.0,inf
3R3X_n160,0.0004,20.0,42,11989,0,200,0.0,inf
3R3X_n160,0.0004,20.0,43,11989,0,200,0.0,inf
3R3X_n160,0.0004,20.0,44,11989,0,200,0.0,inf
3R3X_n160,0.0004,20.0,45,11989,0,200,0.0,inf
3R3X_n160,0.0004,20.0,46,11989,1,200,0.005,11014648.3168438
3R3X_n160,0.0004,20.0,47,11989,0,199,0.0,inf
3R3X_n160,0.0004,20.0,48,11989,0,200,0.0,inf
3R3X_n160,0.0004,20.0,49,11989,0,200,0.0,inf
3R3X_n160,0.0004,20.0,50,11989,0,200,0.0,inf
3R3X_n160,0.0004,20.0,51,11989,0,200,0.0,inf
3R3X_n160,0.0004,20.0,52,11989,0,200,0.0,inf
3R3X_n160,0.0004,20.0,53,11989,0,200,0.0,inf
3R3X_n160,0.0004,20.0,54,11989,0,200,0.0,inf
3R3X_n160,0.0004,20.0,55,11989,0,200,0.0,inf
3R3X_n160,0.0004,20.0,56,11989,0,200,0.0,inf
3R3X_n160,0.0004,20.0,57,11989,0,200,0.0,inf
3R3X_n160,0.0004,20.0,58,11989,0,200,0.0,inf
3R3X_n160,0.0004,20.0,59,11989,0,200,0.0,inf
3R3X_n160,0.0004,20.0,60,11989,0,200,0.0,inf
3R3X_n160,0.0004,20.0,61,11989,0,200,0.0,inf
3R3X_n160,0.0004,20.0,62,11989,0,199,0.0,inf
3R3X_n160,0.0004,20.0,63,11989,0,200,0.0,inf
3R3X_n160,0.0004,20.0,64,11989,0,200,0.0,inf
3R3X_n160,0.0004,20.0,65,11989,0,200,0.0,inf
3R3X_n160,0.0004,20.0,66,11989,0,200,0.0,inf
3R3X_n160,0.0004,20.0,67,11989,0,200,0.0,inf
3R3X_n160,0.0004,20.0,68,11989,0,200,0.0,inf
3R3X_n160,0.0004,20.0,69,11989,0,200,0.0,inf
3R3X_n160,0.0004,20.0,70,11989,0,200,0.0,inf
3R3X_n160,0.0004,20.0,71,11989,0,200,0.0,inf
3R3X_n160,0.0004,20.0,72,11989,0,198,0.0,inf
3R3X_n160,0.0004,20.0,73,11989,0,200,0.0,inf
3R3X_n160,0.0004,20.0,74,11989,0,200,0.0,inf
3R3X_n160,0.0004,20.0,75,11989,0,200,0.0,inf
3R3X_n160,0.0004,20.0,76,11989,0,200,0.0,inf
3R3X_n160,0.0004,20.0,77,11989,0,200,0.0,inf
3R3X_n160,0.0004,20.0,78,11989,0,200,0.0,inf
3R3X_n160,0.0004,20.0,79,11989,0,200,0.0,inf
3R3X_n160,0.0004,20.0,80,11989,0,200,0.0,inf
3R3X_n160,0.0004,20.0,81,11989,0,200,0.0,inf
3R3X_n160,0.0004,20.0,82,11989,0,200,0.0,inf
3R3X_n160,0.0004,20.0,83,11989,0,200,0.0,inf
3R3X_n160,0.0004,20.0,84,11989,0,200,0.0,inf
3R3X_n160,0.0004,20.0,85,11989,0,200,0.0,inf
3R3X_n160,0.0004,20.0,86,11989,0,200,0.0,inf
3R3X_n160,0.0004,20.0,87,11989,0,200,0.0,inf
3R3X_n160,0.0004,20.0,88,11989,0,200,0.0,inf
3R3X_n160,0.0004,20.0,89,11989,0,200,0.0,inf
3R3X_n160,0.0004,20.0,90,11989,0,200,0.0,inf
3R3X_n160,0.0004,20.0,91,11989,0,200,0.0,inf
3R3X_n160,0.0004,20.0,92,11989,0,199,0.0,inf
3R3X_n160,0.0004,20.0,93,11989,0,200,0.0,inf
3R3X_n160,0.0004,20.0,94,11989,0,200,0.0,inf
3R3X_n160,0.0004,20.0,95,11989,0,200,0.0,inf
3R3X_n160,0.0004,20.0,96,11989,0,200,0.0,inf
3R3X_n160,0.0004,20.0,97,11989,0,200,0.0,inf
3R3X_n160,0.0004,20.0,98,11989,0,200,0.0,inf
3R3X_n160,0.0004,20.0,99,11989,0,200,0.0,inf
3R3X_n160,0.0004,20.0,100,11989,0,200,0.0,inf
3R3X_n80,0.0009,20.0,1,13397,67,200,0.335,151226.14749322704
3R3X_n80,0.0009,20.0,2,13397,0,200,0.0,inf
3R3X_n80,0.0009,20.0,3,13397,0,200,0.0,inf
3R3X_n80,0.0009,20.0,4,13397,46,200,0.23,236051.19529408103
3R3X_n80,0.0009,20.0,5,13397,39,200,0.195,284424.9285979314
3R3X_n80,0.0009,20.0,6,13397,25,200,0.125,462029.6678486994
3R3X_n80,0.0009,20.0,7,13397,0,200,0.0,inf
3R3X_n80,0.0009,20.0,8,13397,53,200,0.265,200384.9135638052
3R3X_n80,0.0009,20.0,9,13397,0,200,0.0,inf
3R3X_n80,0.0009,20.0,10,13397,0,200,0.0,inf
3R3X_n80,0.0009,20.0,11,13397,0,200,0.0,inf
3R3X_n80,0.0009,20.0,12,13397,0,200,0.0,inf
3R3X_n80,0.0009,20.0,13,13397,114,200,0.57,73101.48446395967
3R3X_n80,0.0009,20.0,14,13397,0,200,0.0,inf
3R3X_n80,0.0009,20.0,15,13397,51,200,0.255,209584.00209379225
3R3X_n80,0.0009,20.0,16,13397,26,200,0.13,443017.0121913592
3R3X_n80,0.0009,20.0,17,13397,34,200,0.17,331109.3471068623
3R3X_n80,0.0009,20.0,18,13397,29,200,0.145,393833.15965192
3R3X_n80,0.0009,20.0,19,13397,0,200,0.0,inf
3R3X_n80,0.0009,20.0,20,13397,76,200,0.38,129060.34414154456
3R3X_n80,0.0009,20.0,21,13397,0,200,0.0,inf
3R3X_n80,0.0009,20.0,22,13397,0,200,0.0,inf
3R3X_n80,0.0009,20.0,23,13397,65,200,0.325,156968.90578299758
3R3X_n80,0.0009,20.0,24,13397,63,200,0.315,163070.37425283747
3R3X_n80,0.0009,20.0,25,13397,43,200,0.215,254864.57259132023
3R3X_n80,0.0009,20.0,26,13397,45,200,0.225,242045.2762747085
3R3X_n80,0.0009,20.0,27,13397,68,200,0.34,148479.35468645123
3R3X_n80,0.0009,20.0,28,13397,0,200,0.0,inf
3R3X_n80,0.0009,20.0,29,13397,80,200,0.4,120775.97933878344
3R3X_n80,0.0009,20.0,30,13397,0,200,0.0,inf
3R3X_n80,0.0009,20.0,31,13397,77,198,0.3888888888888889,125275.96108356566
3R3X_n80,0.0009,20.0,32,13397,0,200,0.0,inf
3R3X_n80,0.0009,20.0,33,13397,37,200,0.185,301590.2613604745
3R3X_n80,0.0009,20.0,34,13397,99,200,0.495,90304.08294207104
3R3X_n80,0.0009,20.0,35,13397,0,200,0.0,inf
3R3X_n80,0.0009,20.0,36,13397,27,200,0.135,425410.353687359
3R3X_n80,0.0009,20.0,37,13397,0,200,0.0,inf
3R3X_n80,0.0009,20.0,38,13397,61,200,0.305,169565.97073146838
3R3X_n80,0.0009,20.0,39,13397,0,200,0.0,inf
3R3X_n80,0.0009,20.0,40,13397,34,200,0.17,331109.3471068623
3R3X_n80,0.0009,20.0,41,13397,62,200,0.31,166266.51455198647
3R3X_n80,0.0009,20.0,42,13397,47,200,0.235,230310.55983353205
3R3X_n80,0.0009,20.0,43,13397,0,200,0.0,inf
3R3X_n80,0.0009,20.0,44,13397,63,200,0.315,163070.37425283747
3R3X_n80,0.0009,20.0,45,13397,86,200,0.43,109755.18344826552
3R3X_n80,0.0009,20.0,46,13397,96,200,0.48,94346.1811942768
3R3X_n80,0.0009,20.0,47,13397,27,200,0.135,425410.353687359
3R3X_n80,0.0009,20.0,48,13397,40,200,0.2,276483.2979412823
3R3X_n80,0.0009,20.0,49,13397,50,200,0.25,214457.1069579714
3R3X_n80,0.0009,20.0,50,13397,78,200,0.39,124814.7361387824
3R3X_n80,0.0009,20.0,51,13397,0,200,0.0,inf
3R3X_n80,0.0009,20.0,52,13397,0,200,0.0,inf
3R3X_n80,0.0009,20.0,53,13397,0,200,0.0,inf
3R3X_n80,0.0009,20.0,54,13397,52,200,0.26,204896.78341626795
3R3X_n80,0.0009,20.0,55,13397,113,200,0.565,74116.74622526465
3R3X_n80,0.0009,20.0,56,13397,34,200,0.17,331109.3471068623
3R3X_n80,0.0009,20.0,57,13397,37,200,0.185,301590.2613604745
3R3X_n80,0.0009,20.0,58,13397,0,200,0.0,inf
3R3X_n80,0.0009,20.0,59,13397,51,200,0.255,209584.00209379225
3R3X_n80,0.0009,20.0,60,13397,0,200,0.0,inf
3R3X_n80,0.0009,20.0,61,13397,0,199,0.0,inf
3R3X_n80,0.0009,20.0,62,13397,0,200,0.0,inf
3R3X_n80,0.0009,20.0,63,13397,0,200,0.0,inf
3R3X_n80,0.0009,20.0,64,13397,0,200,0.0,inf
3R3X_n80,0.0009,20.0,65,13397,0,200,0.0,inf
3R3X_n80,0.0009,20.0,66,13397,0,200,0.0,inf
3R3X_n80,0.0009,20.0,67,13397,52,200,0.26,204896.78341626795
3R3X_n80,0.0009,20.0,68,13397,68,200,0.34,148479.35468645123
3R3X_n80,0.0009,20.0,69,13397,0,200,0.0,inf
3R3X_n80,0.0009,20.0,70,13397,64,200,0.32,159972.6912812132
3R3X_n80,0.0009,20.0,71,13397,0,200,0.0,inf
3R3X_n80,0.0009,20.0,72,13397,86,200,0.43,109755.18344826552
3R3X_n80,0.0009,20.0,73,13397,0,200,0.0,inf
3R3X_n80,0.0009,20.0,74,13397,32,200,0.16,353852.97637178906
3R3X_n80,0.0009,20.0,75,13397,34,200,0.17,331109.3471068623
3R3X_n80,0.0009,20.0,76,13397,32,200,0.16,353852.97637178906
3R3X_n80,0.0009,20.0,77,13397,0,200,0.0,inf
3R3X_n80,0.0009,20.0,78,13397,65,200,0.325,156968.90578299758
3R3X_n80,0.0009,20.0,79,13397,57,200,0.285,183906.04752063588
3R3X_n80,0.0009,20.0,80,13397,56,200,0.28,187807.3095117397
3R3X_n80,0.0009,20.0,81,13397,0,200,0.0,inf
3R3X_n80,0.0009,20.0,82,13397,0,200,0.0,inf
3R3X_n80,0.0009,20.0,83,13397,0,200,0.0,inf
3R3X_n80,0.0009,20.0,84,13397,0,200,0.0,inf
3R3X_n80,0.0009,20.0,85,13397,0,200,0.0,inf
3R3X_n80,0.0009,20.0,86,13397,48,200,0.24,224807.51381587068
3R3X_n80,0.0009,20.0,87,13397,40,200,0.2,276483.2979412823
3R3X_n80,0.0009,20.0,88,13397,55,200,0.275,191848.90135210665
3R3X_n80,0.0009,20.0,89,13397,59,200,0.295,176495.91036554283
3R3X_n80,0.0009,20.0,90,13397,55,200,0.275,191848.90135210665
3R3X_n80,0.0009,20.0,91,13397,62,200,0.31,166266.51455198647
3R3X_n80,0.0009,20.0,92,13397,57,200,0.285,183906.04752063588
3R3X_n80,0.0009,20.0,93,13397,0,200,0.0,inf
3R3X_n80,0.0009,20.0,94,13397,0,200,0.0,inf
3R3X_n80,0.0009,20.0,95,13397,0,200,0.0,inf
3R3X_n80,0.0009,20.0,96,13397,0,200,0.0,inf
3R3X_n80,0.0009,20.0,97,13397,40,200,0.2,276483.2979412823
3R3X_n80,0.0009,20.0,98,13397,67,200,0.335,151226.14749322704
3R3X_n80,0.0009,20.0,99,13397,46,200,0.23,236051.19529408103
3R3X_n80,0.0009,20.0,100,13397,97,200,0.485,92972.49167929208
3R3X_n80,0.002,20.0,1,7476,40,200,0.2,154287.46252213378
3R3X_n80,0.002,20.0,2,7476,0,200,0.0,inf
3R3X_n80,0.002,20.0,3,7476,0,200,0.0,inf
3R3X_n80,0.002,20.0,4,7476,23,200,0.115,281811.56653746427
3R3X_n80,0.002,20.0,5,7476,16,200,0.08,412899.8318515632
3R3X_n80,0.002,20.0,6,7476,25,200,0.125,257828.90175687664
3R3X_n80,0.002,20.0,7,7476,0,200,0.0,inf
3R3X_n80,0.002,20.0,8,7476,30,200,0.15,211841.49081487965
3R3X_n80,0.002,20.0,9,7476,0,200,0.0,inf
3R3X_n80,0.002,20.0,10,7476,0,200,0.0,inf
3R3X_n80,0.002,20.0,11,7476,0,199,0.0,inf
3R3X_n80,0.002,20.0,12,7476,0,200,0.0,inf
3R3X_n80,0.002,20.0,13,7476,54,200,0.27,109396.49463822151
3R3X_n80,0.002,20.0,14,7476,0,200,0.0,inf
3R3X_n80,0.002,20.0,15,7476,31,200,0.155,204420.66230949425
3R3X_n80,0.002,20.0,16,7476,21,200,0.105,310355.7913630531
3R3X_n80,0.002,20.0,17,7476,22,200,0.11,295435.7234369614
3R3X_n80,0.002,20.0,18,7476,22,200,0.11,295435.7234369614
3R3X_n80,0.002,20.0,19,7476,0,200,0.0,inf
3R3X_n80,0.002,20.0,20,7476,22,200,0.11,295435.7234369614
3R3X_n80,0.002,20.0,21,7476,0,200,0.0,inf
3R3X_n80,0.002,20.0,22,7476,0,200,0.0,inf
3R3X_n80,0.002,20.0,23,7476,28,200,0.14,228269.4116989364
3R3X_n80,0.002,20.0,24,7476,37,200,0.185,168298.0364209082
3R3X_n80,0.002,20.0,25,7476,26,200,0.13,247219.1672122565
3R3X_n80,0.002,20.0,26,7476,29,200,0.145,219772.83731863508
3R3X_n80,0.002,20.0,27,7476,40,200,0.2,154287.46252213378
3R3X_n80,0.002,20.0,28,7476,0,198,0.0,inf
3R3X_n80,0.002,20.0,29,7476,40,200,0.2,154287.46252213378
3R3X_n80,0.002,20.0,30,7476,0,200,0.0,inf
3R3X_n80,0.002,20.0,31,7476,33,200,0.165,190924.87654376
3R3X_n80,0.002,20.0,32,7476,0,200,0.0,inf
3R3X_n80,0.002,20.0,33,7476,21,200,0.105,310355.7913630531
3R3X_n80,0.002,20.0,34,7476,58,200,0.29,100523.28901311252
3R3X_n80,0.002,20.0,35,7476,0,200,0.0,inf
3R3X_n80,0.002,20.0,36,7476,16,200,0.08,412899.8318515632
3R3X_n80,0.002,20.0,37,7476,0,200,0.0,inf
3R3X_n80,0.002,20.0,38,7476,33,200,0.165,190924.87654376
3R3X_n80,0.002,20.0,39,7476,0,200,0.0,inf
3R3X_n80,0.002,20.0,40,7476,20,200,0.1,326766.17132605694
3R3X_n80,0.002,20.0,41,7476,41,200,0.205,150070.95347524583
3R3X_n80,0.002,20.0,42,7476,14,200,0.07,474409.8611377824
3R3X_n80,0.002,20.0,43,7476,0,200,0.0,inf
3R3X_n80,0.002,20.0,44,7476,44,200,0.22,138565.8212916928
3R3X_n80,0.002,20.0,45,7476,59,200,0.295,98490.96259556604
3R3X_n80,0.002,20.0,46,7476,65,200,0.325,87594.20315247368
3R3X_n80,0.002,20.0,47,7476,20,200,0.1,326766.17132605694
3R3X_n80,0.002,20.0,48,7476,18,200,0.09,365051.47140780994
3R3X_n80,0.002,20.0,49,7476,23,200,0.115,281811.56653746427
3R3X_n80,0.002,20.0,50,7476,37,200,0.185,168298.0364209082
3R3X_n80,0.002,20.0,51,7476,0,200,0.0,inf
3R3X_n80,0.002,20.0,52,7476,0,200,0.0,inf
3R3X_n80,0.002,20.0,53,7476,0,200,0.0,inf
3R3X_n80,0.002,20.0,54,7476,33,200,0.165,190924.87654376
3R3X_n80,0.002,20.0,55,7476,59,200,0.295,98490.96259556604
3R3X_n80,0.002,20.0,56,7476,20,200,0.1,326766.17132605694
3R3X_n80,0.002,20.0,57,7476,18,200,0.09,365051.47140780994
3R3X_n80,0.002,20.0,58,7476,0,200,0.0,inf
3R3X_n80,0.002,20.0,59,7476,27,200,0.135,237394.02882486343
3R3X_n80,0.002,20.0,60,7476,0,200,0.0,inf
3R3X_n80,0.002,20.0,61,7476,0,200,0.0,inf
3R3X_n80,0.002,20.0,62,7476,0,200,0.0,inf
3R3X_n80,0.002,20.0,63,7476,0,200,0.0,inf
3R3X_n80,0.002,20.0,64,7476,0,200,0.0,inf
3R3X_n80,0.002,20.0,65,7476,0,200,0.0,inf
3R3X_n80,0.002,20.0,66,7476,0,200,0.0,inf
3R3X_n80,0.002,20.0,67,7476,33,200,0.165,190924.87654376
3R3X_n80,0.002,20.0,68,7476,34,200,0.17,184770.7306838025
3R3X_n80,0.002,20.0,69,7476,0,200,0.0,inf
3R3X_n80,0.002,20.0,70,7476,30,200,0.15,211841.49081487965
3R3X_n80,0.002,20.0,71,7476,0,200,0.0,inf
3R3X_n80,0.002,20.0,72,7476,47,200,0.235,128521.4410178014
3R3X_n80,0.002,20.0,73,7476,0,200,0.0,inf
3R3X_n80,0.002,20.0,74,7476,13,200,0.065,512258.485204379
3R3X_n80,0.002,20.0,75,7476,31,200,0.155,204420.66230949425
3R3X_n80,0.002,20.0,76,7476,19,200,0.095,344902.1906519529
3R3X_n80,0.002,20.0,77,7476,0,200,0.0,inf
3R3X_n80,0.002,20.0,78,7476,32,200,0.16,197462.48050724005
3R3X_n80,0.002,20.0,79,7476,34,200,0.17,184770.7306838025
3R3X_n80,0.002,20.0,80,7476,33,200,0.165,190924.87654376
3R3X_n80,0.002,20.0,81,7476,0,200,0.0,inf
3R3X_n80,0.002,20.0,82,7476,0,200,0.0,inf
3R3X_n80,0.002,20.0,83,7476,0,200,0.0,inf
3R3X_n80,0.002,20.0,84,7476,0,200,0.0,inf
3R3X_n80,0.002,20.0,85,7476,0,200,0.0,inf
3R3X_n80,0.002,20.0,86,7476,20,200,0.1,326766.17132605694
3R3X_n80,0.002,20.0,87,7476,21,200,0.105,310355.7913630531
3R3X_n80,0.002,20.0,88,7476,28,200,0.14,228269.4116989364
3R3X_n80,0.002,20.0,89,7476,47,200,0.235,128521.4410178014
3R3X_n80,0.002,20.0,90,7476,29,200,0.145,219772.83731863508
3R3X_n80,0.002,20.0,91,7476,33,200,0.165,190924.87654376
3R3X_n80,0.002,20.0,92,7476,32,200,0.16,197462.48050724005
3R3X_n80,0.002,20.0,93,7476,0,200,0.0,inf
3R3X_n80,0.002,20.0,94,7476,0,200,0.0,inf
3R3X_n80,0.002,20.0,95,7476,0,200,0.0,inf
3R3X_n80,0.002,20.0,96,7476,0,200,0.0,inf
3R3X_n80,0.002,20.0,97,7476,24,200,0.12,269321.3196507514
3R3X_n80,0.002,20.0,98,7476,33,200,0.165,190924.87654376
3R3X_n80,0.002,20.0,99,7476,25,200,0.125,257828.90175687664
3R3X_n80,0.002,20.0,100,7476,69,200,0.345,81367.57606214784
3R3X_n80,0.004,20.0,1,3639,28,200,0.14,111111.87656132015
3R3X_n80,0.004,20.0,2,3639,0,200,0.0,inf
3R3X_n80,0.004,20.0,3,3639,0,200,0.0,inf
3R3X_n80,0.004,20.0,4,3639,16,200,0.08,200982.14126643108
3R3X_n80,0.004,20.0,5,3639,12,200,0.06,270838.0600337299
3R3X_n80,0.004,20.0,6,3639,10,200,0.05,326713.55012202257
3R3X_n80,0.004,20.0,7,3639,0,200,0.0,inf
3R3X_n80,0.004,20.0,8,3639,12,200,0.06,270838.0600337299
3R3X_n80,0.004,20.0,9,3639,0,200,0.0,inf
3R3X_n80,0.004,20.0,10,3639,0,200,0.0,inf
3R3X_n80,0.004,20.0,11,3639,0,200,0.0,inf
3R3X_n80,0.004,20.0,12,3639,0,200,0.0,inf
3R3X_n80,0.004,20.0,13,3639,32,200,0.16,96116.36791945514
3R3X_n80,0.004,20.0,14,3639,0,200,0.0,inf
3R3X_n80,0.004,20.0,15,3639,20,200,0.1,159055.92528832547
3R3X_n80,0.004,20.0,16,3639,12,200,0.06,270838.0600337299
3R3X_n80,0.004,20.0,17,3639,10,200,0.05,326713.55012202257
3R3X_n80,0.004,20.0,18,3639,6,200,0.03,550185.5002374499
3R3X_n80,0.004,20.0,19,3639,0,200,0.0,inf
3R3X_n80,0.004,20.0,20,3639,25,200,0.125,125500.18372034164
3R3X_n80,0.004,20.0,21,3639,0,200,0.0,inf
3R3X_n80,0.004,20.0,22,3639,0,200,0.0,inf
3R3X_n80,0.004,20.0,23,3639,19,200,0.095,167883.77097143617
3R3X_n80,0.004,20.0,24,3639,20,200,0.1,159055.92528832547
3R3X_n80,0.004,20.0,25,3639,15,200,0.075,214954.8866131804
3R3X_n80,0.004,20.0,26,3639,13,200,0.065,249345.72333583943
3R3X_n80,0.004,20.0,27,3639,28,200,0.14,111111.87656132015
3R3X_n80,0.004,20.0,28,3639,0,200,0.0,inf
3R3X_n80,0.004,20.0,29,3639,24,198,0.1212121212121212,129695.7645784955
3R3X_n80,0.004,20.0,30,3639,0,200,0.0,inf
3R3X_n80,0.004,20.0,31,3639,20,200,0.1,159055.92528832547
3R3X_n80,0.004,20.0,32,3639,0,200,0.0,inf
3R3X_n80,0.004,20.0,33,3639,10,200,0.05,326713.55012202257
3R3X_n80,0.004,20.0,34,3639,33,200,0.165,92934.13934493616
3R3X_n80,0.004,20.0,35,3639,0,200,0.0,inf
3R3X_n80,0.004,20.0,36,3639,8,200,0.04,410519.24345576816
3R3X_n80,0.004,20.0,37,3639,0,200,0.0,inf
3R3X_n80,0.004,20.0,38,3639,20,200,0.1,159055.92528832547
3R3X_n80,0.004,20.0,39,3639,0,200,0.0,inf
3R3X_n80,0.004,20.0,40,3639,8,200,0.04,410519.24345576816
3R3X_n80,0.004,20.0,41,3639,21,200,0.105,151068.047722064
3R3X_n80,0.004,20.0,42,3639,11,200,0.055,296236.7011321944
3R3X_n80,0.004,20.0,43,3639,0,200,0.0,inf
3R3X_n80,0.004,20.0,44,3639,27,200,0.135,115553.35351707842
3R3X_n80,0.004,20.0,45,3639,37,200,0.185,81920.3523991018
3R3X_n80,0.004,20.0,46,3639,31,200,0.155,99503.3159636503
3R3X_n80,0.004,20.0,47,3639,7,200,0.035,470377.2629609969
3R3X_n80,0.004,20.0,48,3639,9,200,0.045,363961.3563096612
3R3X_n80,0.004,20.0,49,3639,10,200,0.05,326713.55012202257
3R3X_n80,0.004,20.0,50,3639,22,200,0.11,143805.5909025017
3R3X_n80,0.004,20.0,51,3639,0,200,0.0,inf
3R3X_n80,0.004,20.0,52,3639,0,200,0.0,inf
3R3X_n80,0.004,20.0,53,3639,0,200,0.0,inf
3R3X_n80,0.004,20.0,54,3639,22,200,0.11,143805.5909025017
3R3X_n80,0.004,20.0,55,3639,43,200,0.215,69228.3481122501
3R3X_n80,0.004,20.0,56,3639,9,200,0.045,363961.3563096612
3R3X_n80,0.004,20.0,57,3639,17,200,0.085,188652.3172154136
3R3X_n80,0.004,20.0,58,3639,0,200,0.0,inf
3R3X_n80,0.004,20.0,59,3639,16,200,0.08,200982.14126643108
3R3X_n80,0.004,20.0,60,3639,0,200,0.0,inf
3R3X_n80,0.004,20.0,61,3639,0,200,0.0,inf
3R3X_n80,0.004,20.0,62,3639,0,200,0.0,inf
3R3X_n80,0.004,20.0,63,3639,0,200,0.0,inf
3R3X_n80,0.004,20.0,64,3639,0,200,0.0,inf
3R3X_n80,0.004,20.0,65,3639,0,200,0.0,inf
3R3X_n80,0.004,20.0,66,3639,0,200,0.0,inf
3R3X_n80,0.004,20.0,67,3639,25,200,0.125,125500.18372034164
3R3X_n80,0.004,20.0,68,3639,21,200,0.105,151068.047722064
3R3X_n80,0.004,20.0,69,3639,0,200,0.0,inf
3R3X_n80,0.004,20.0,70,3639,18,200,0.09,177691.58700548694
3R3X_n80,0.004,20.0,71,3639,0,200,0.0,inf
3R3X_n80,0.004,20.0,72,3639,31,200,0.155,99503.3159636503
3R3X_n80,0.004,20.0,73,3639,0,200,0.0,inf
3R3X_n80,0.004,20.0,74,3639,8,200,0.04,410519.24345576816
3R3X_n80,0.004,20.0,75,3639,14,200,0.07,230922.61699844705
3R3X_n80,0.004,20.0,76,3639,10,200,0.05,326713.55012202257
3R3X_n80,0.004,20.0,77,3639,0,200,0.0,inf
3R3X_n80,0.004,20.0,78,3639,10,200,0.05,326713.55012202257
3R3X_n80,0.004,20.0,79,3639,14,200,0.07,230922.61699844705
3R3X_n80,0.004,20.0,80,3639,24,200,0.12,131094.20575295406
3R3X_n80,0.004,20.0,81,3639,0,200,0.0,inf
3R3X_n80,0.004,20.0,82,3639,0,200,0.0,inf
3R3X_n80,0.004,20.0,83,3639,0,200,0.0,inf
3R3X_n80,0.004,20.0,84,3639,0,200,0.0,inf
3R3X_n80,0.004,20.0,85,3639,0,200,0.0,inf
3R3X_n80,0.004,20.0,86,3639,12,200,0.06,270838.0600337299
3R3X_n80,0.004,20.0,87,3639,10,200,0.05,326713.55012202257
3R3X_n80,0.004,20.0,88,3639,13,200,0.065,249345.72333583943
3R3X_n80,0.004,20.0,89,3639,23,200,0.115,137173.92865567585
3R3X_n80,0.004,20.0,90,3639,20,200,0.1,159055.92528832547
3R3X_n80,0.004,20.0,91,3639,13,200,0.065,249345.72333583943
3R3X_n80,0.004,20.0,92,3639,17,200,0.085,188652.3172154136
3R3X_n80,0.004,20.0,93,3639,0,200,0.0,inf
3R3X_n80,0.004,20.0,94,3639,0,200,0.0,inf
3R3X_n80,0.004,20.0,95,3639,0,200,0.0,inf
3R3X_n80,0.004,20.0,96,3639,0,200,0.0,inf
3R3X_n80,0.004,20.0,97,3639,14,200,0.07,230922.61699844705
3R3X_n80,0.004,20.0,98,3639,19,200,0.095,167883.77097143617
3R3X_n80,0.004,20.0,99,3639,10,200,0.05,326713.55012202257
3R3X_n80,0.004,20.0,100,3639,37,200,0.185,81920.3523991018
3R3X_n80,0.006,20.0,1,2587,12,200,0.06,192541.374363083
3R3X_n80,0.006,20.0,2,2587,0,200,0.0,inf
3R3X_n80,0.006,20.0,3,2587,0,200,0.0,inf
3R3X_n80,0.006,20.0,4,2587,8,200,0.04,291842.0672767442
3R3X_n80,0.006,20.0,5,2587,4,200,0.02,589701.9188522287
3R3X_n80,0.006,20.0,6,2587,11,200,0.055,210597.5119068389
3R3X_n80,0.006,20.0,7,2587,0,200,0.0,inf
3R3X_n80,0.006,20.0,8,2587,13,200,0.065,177262.2660812906
3R3X_n80,0.006,20.0,9,2587,0,200,0.0,inf
3R3X_n80,0.006,20.0,10,2587,0,200,0.0,inf
3R3X_n80,0.006,20.0,11,2587,0,200,0.0,inf
3R3X_n80,0.006,20.0,12,2587,0,200,0.0,inf
3R3X_n80,0.006,20.0,13,2587,29,200,0.145,76050.33843543458
3R3X_n80,0.006,20.0,14,2587,0,200,0.0,inf
3R3X_n80,0.006,20.0,15,2587,13,200,0.065,177262.2660812906
3R3X_n80,0.006,20.0,16,2587,7,200,0.035,334395.7074141519
3R3X_n80,0.006,20.0,17,2587,8,200,0.04,291842.0672767442
3R3X_n80,0.006,20.0,18,2587,7,200,0.035,334395.7074141519
3R3X_n80,0.006,20.0,19,2587,0,200,0.0,inf
3R3X_n80,0.006,20.0,20,2587,18,200,0.09,126322.65336169132
3R3X_n80,0.006,20.0,21,2587,0,200,0.0,inf
3R3X_n80,0.006,20.0,22,2587,0,200,0.0,inf
3R3X_n80,0.006,20.0,23,2587,8,200,0.04,291842.0672767442
3R3X_n80,0.006,20.0,24,2587,13,200,0.065,177262.2660812906
3R3X_n80,0.006,20.0,25,2587,9,200,0.045,258743.61878897867
3R3X_n80,0.006,20.0,26,2587,14,200,0.07,164165.10309837386
3R3X_n80,0.006,20.0,27,2587,14,200,0.07,164165.10309837386
3R3X_n80,0.006,20.0,28,2587,0,200,0.0,inf
3R3X_n80,0.006,20.0,29,2587,18,200,0.09,126322.65336169132
3R3X_n80,0.006,20.0,30,2587,0,200,0.0,inf
3R3X_n80,0.006,20.0,31,2587,17,200,0.085,134114.7415873248
3R3X_n80,0.006,20.0,32,2587,0,200,0.0,inf
3R3X_n80,0.006,20.0,33,2587,6,200,0.03,391132.1486986212
3R3X_n80,0.006,20.0,34,2587,24,200,0.12,93196.12813489752
3R3X_n80,0.006,20.0,35,2587,0,200,0.0,inf
3R3X_n80,0.006,20.0,36,2587,6,200,0.03,391132.1486986212
3R3X_n80,0.006,20.0,37,2587,0,200,0.0,inf
3R3X_n80,0.006,20.0,38,2587,16,200,0.08,142880.13175494838
3R3X_n80,0.006,20.0,39,2587,0,200,0.0,inf
3R3X_n80,0.006,20.0,40,2587,7,200,0.035,334395.7074141519
3R3X_n80,0.006,20.0,41,2587,23,200,0.115,97518.2614543098
3R3X_n80,0.006,20.0,42,2587,11,200,0.055,210597.5119068389
3R3X_n80,0.006,20.0,43,2587,0,200,0.0,inf
3R3X_n80,0.006,20.0,44,2587,12,200,0.06,192541.374363083
3R3X_n80,0.006,20.0,45,2587,24,200,0.12,93196.12813489752
3R3X_n80,0.006,20.0,46,2587,28,200,0.14,78990.49867110065
3R3X_n80,0.006,20.0,47,2587,5,200,0.025,470561.08801140107
3R3X_n80,0.006,20.0,48,2587,11,200,0.055,210597.5119068389
3R3X_n80,0.006,20.0,49,2587,11,200,0.055,210597.5119068389
3R3X_n80,0.006,20.0,50,2587,12,200,0.06,192541.374363083
3R3X_n80,0.006,20.0,51,2587,0,200,0.0,inf
3R3X_n80,0.006,20.0,52,2587,0,200,0.0,inf
3R3X_n80,0.006,20.0,53,2587,0,200,0.0,inf
3R3X_n80,0.006,20.0,54,2587,11,200,0.055,210597.5119068389
3R3X_n80,0.006,20.0,55,2587,25,200,0.125,89219.28422218296
3R3X_n80,0.006,20.0,56,2587,4,200,0.02,589701.9188522287
3R3X_n80,0.006,20.0,57,2587,8,200,0.04,291842.0672767442
3R3X_n80,0.006,20.0,58,2587,0,200,0.0,inf
3R3X_n80,0.006,20.0,59,2587,8,200,0.04,291842.0672767442
3R3X_n80,0.006,20.0,60,2587,0,200,0.0,inf
3R3X_n80,0.006,20.0,61,2587,0,200,0.0,inf
3R3X_n80,0.006,20.0,62,2587,0,200,0.0,inf
3R3X_n80,0.006,20.0,63,2587,0,200,0.0,inf
3R3X_n80,0.006,20.0,64,2587,0,200,0.0,inf
3R3X_n80,0.006,20.0,65,2587,0,200,0.0,inf
3R3X_n80,0.006,20.0,66,2587,0,200,0.0,inf
3R3X_n80,0.006,20.0,67,2587,8,200,0.04,291842.0672767442
3R3X_n80,0.006,20.0,68,2587,14,200,0.07,164165.10309837386
3R3X_n80,0.006,20.0,69,2587,0,200,0.0,inf
3R3X_n80,0.006,20.0,70,2587,19,200,0.095,119350.1828807654
3R3X_n80,0.006,20.0,71,2587,0,200,0.0,inf
3R3X_n80,0.006,20.0,72,2587,17,200,0.085,134114.7415873248
3R3X_n80,0.006,20.0,73,2587,0,200,0.0,inf
3R3X_n80,0.006,20.0,74,2587,8,200,0.04,291842.0672767442
3R3X_n80,0.006,20.0,75,2587,9,200,0.045,258743.61878897867
3R3X_n80,0.006,20.0,76,2587,8,200,0.04,291842.0672767442
3R3X_n80,0.006,20.0,77,2587,0,200,0.0,inf
3R3X_n80,0.006,20.0,78,2587,8,200,0.04,291842.0672767442
3R3X_n80,0.006,20.0,79,2587,10,200,0.05,232263.79614335592
3R3X_n80,0.006,20.0,80,2587,12,200,0.06,192541.374363083
3R3X_n80,0.006,20.0,81,2587,0,200,0.0,inf
3R3X_n80,0.006,20.0,82,2587,0,200,0.0,inf
3R3X_n80,0.006,20.0,83,2587,0,200,0.0,inf
3R3X_n80,0.006,20.0,84,2587,0,200,0.0,inf
3R3X_n80,0.006,20.0,85,2587,0,200,0.0,inf
3R3X_n80,0.006,20.0,86,2587,11,200,0.055,210597.5119068389
3R3X_n80,0.006,20.0,87,2587,7,200,0.035,334395.7074141519
3R3X_n80,0.006,20.0,88,2587,5,200,0.025,470561.08801140107
3R3X_n80,0.006,20.0,89,2587,10,200,0.05,232263.79614335592
3R3X_n80,0.006,20.0,90,2587,14,200,0.07,164165.10309837386
3R3X_n80,0.006,20.0,91,2587,10,200,0.05,232263.79614335592
3R3X_n80,0.006,20.0,92,2587,11,200,0.055,210597.5119068389
3R3X_n80,0.006,20.0,93,2587,0,200,0.0,inf
3R3X_n80,0.006,20.0,94,2587,0,200,0.0,inf
3R3X_n80,0.006,20.0,95,2587,0,200,0.0,inf
3R3X_n80,0.006,20.0,96,2587,0,200,0.0,inf
3R3X_n80,0.006,20.0,97,2587,8,200,0.04,291842.0672767442
3R3X_n80,0.006,20.0,98,2587,12,200,0.06,192541.374363083
3R3X_n80,0.006,20.0,99,2587,5,200,0.025,470561.08801140107
3R3X_n80,0.006,20.0,100,2587,21,200,0.105,107395.72395080504
3R3X_n80,0.01,20.0,1,1186,6,200,0.03,179312.9989781851
3R3X_n80,0.01,20.0,2,1186,0,200,0.0,inf
3R3X_n80,0.01,20.0,3,1186,0,200,0.0,inf
3R3X_n80,0.01,20.0,4,1186,3,200,0.015,361377.711258284
3R3X_n80,0.01,20.0,5,1186,1,200,0.005,1089613.2207670987
3R3X_n80,0.01,20.0,6,1186,3,200,0.015,361377.711258284
3R3X_n80,0.01,20.0,7,1186,0,200,0.0,inf
3R3X_n80,0.01,20.0,8,1186,4,200,0.02,270346.5310238668
3R3X_n80,0.01,20.0,9,1186,0,200,0.0,inf
3R3X_n80,0.01,20.0,10,1186,0,200,0.0,inf
3R3X_n80,0.01,20.0,11,1186,0,200,0.0,inf
3R3X_n80,0.01,20.0,12,1186,0,200,0.0,inf
3R3X_n80,0.01,20.0,13,1186,15,200,0.075,70056.7451286705
3R3X_n80,0.01,20.0,14,1186,0,200,0.0,inf
3R3X_n80,0.01,20.0,15,1186,6,200,0.03,179312.9989781851
3R3X_n80,0.01,20.0,16,1186,2,199,0.0100502512562814,540706.8547689569
3R3X_n80,0.01,20.0,17,1186,6,200,0.03,179312.9989781851
3R3X_n80,0.01,20.0,18,1186,6,200,0.03,179312.9989781851
3R3X_n80,0.01,20.0,19,1186,0,200,0.0,inf
3R3X_n80,0.01,20.0,20,1186,11,200,0.055,96547.6030620452
3R3X_n80,0.01,20.0,21,1186,0,200,0.0,inf
3R3X_n80,0.01,20.0,22,1186,0,200,0.0,inf
3R3X_n80,0.01,20.0,23,1186,6,200,0.03,179312.9989781851
3R3X_n80,0.01,20.0,24,1186,10,200,0.05,106480.42606340168
3R3X_n80,0.01,20.0,25,1186,7,200,0.035,153302.400074675
3R3X_n80,0.01,20.0,26,1186,3,200,0.015,361377.711258284
3R3X_n80,0.01,20.0,27,1186,10,200,0.05,106480.42606340168
3R3X_n80,0.01,20.0,28,1186,0,200,0.0,inf
3R3X_n80,0.01,20.0,29,1186,6,200,0.03,179312.9989781851
3R3X_n80,0.01,20.0,30,1186,0,200,0.0,inf
3R3X_n80,0.01,20.0,31,1186,5,200,0.025,215726.88456958704
3R3X_n80,0.01,20.0,32,1186,0,200,0.0,inf
3R3X_n80,0.01,20.0,33,1186,3,200,0.015,361377.711258284
3R3X_n80,0.01,20.0,34,1186,7,200,0.035,153302.400074675
3R3X_n80,0.01,20.0,35,1186,0,200,0.0,inf
3R3X_n80,0.01,20.0,36,1186,7,198,0.0353535353535353,151741.73849751378
3R3X_n80,0.01,20.0,37,1186,0,200,0.0,inf
3R3X_n80,0.01,20.0,38,1186,9,200,0.045,118619.99686267057
3R3X_n80,0.01,20.0,39,1186,0,200,0.0,inf
3R3X_n80,0.01,20.0,40,1186,9,200,0.045,118619.99686267057
3R3X_n80,0.01,20.0,41,1186,11,200,0.055,96547.6030620452
3R3X_n80,0.01,20.0,42,1186,5,200,0.025,215726.88456958704
3R3X_n80,0.01,20.0,43,1186,0,200,0.0,inf
3R3X_n80,0.01,20.0,44,1186,10,200,0.05,106480.42606340168
3R3X_n80,0.01,20.0,45,1186,12,200,0.06,88269.83764770642
3R3X_n80,0.01,20.0,46,1186,13,200,0.065,81265.1904029419
3R3X_n80,0.01,20.0,47,1186,2,200,0.01,543437.7437923187
3R3X_n80,0.01,20.0,48,1186,4,200,0.02,270346.5310238668
3R3X_n80,0.01,20.0,49,1186,6,200,0.03,179312.9989781851
3R3X_n80,0.01,20.0,50,1186,6,200,0.03,179312.9989781851
3R3X_n80,0.01,20.0,51,1186,0,200,0.0,inf
3R3X_n80,0.01,20.0,52,1186,0,200,0.0,inf
3R3X_n80,0.01,20.0,53,1186,0,200,0.0,inf
3R3X_n80,0.01,20.0,54,1186,4,200,0.02,270346.5310238668
3R3X_n80,0.01,20.0,55,1186,12,200,0.06,88269.83764770642
3R3X_n80,0.01,20.0,56,1186,3,200,0.015,361377.711258284
3R3X_n80,0.01,20.0,57,1186,3,200,0.015,361377.711258284
3R3X_n80,0.01,20.0,58,1186,0,200,0.0,inf
3R3X_n80,0.01,20.0,59,1186,5,200,0.025,215726.88456958704
3R3X_n80,0.01,20.0,60,1186,0,200,0.0,inf
3R3X_n80,0.01,20.0,61,1186,0,200,0.0,inf
3R3X_n80,0.01,20.0,62,1186,0,200,0.0,inf
3R3X_n80,0.01,20.0,63,1186,0,200,0.0,inf
3R3X_n80,0.01,20.0,64,1186,0,200,0.0,inf
3R3X_n80,0.01,20.0,65,1186,0,200,0.0,inf
3R3X_n80,0.01,20.0,66,1186,0,200,0.0,inf
3R3X_n80,0.01,20.0,67,1186,6,200,0.03,179312.9989781851
3R3X_n80,0.01,20.0,68,1186,9,200,0.045,118619.99686267057
3R3X_n80,0.01,20.0,69,1186,0,200,0.0,inf
3R3X_n80,0.01,20.0,70,1186,9,200,0.045,118619.99686267057
3R3X_n80,0.01,20.0,71,1186,0,200,0.0,inf
3R3X_n80,0.01,20.0,72,1186,11,200,0.055,96547.6030620452
3R3X_n80,0.01,20.0,73,1186,0,200,0.0,inf
3R3X_n80,0.01,20.0,74,1186,6,200,0.03,179312.9989781851
3R3X_n80,0.01,20.0,75,1186,3,200,0.015,361377.711258284
3R3X_n80,0.01,20.0,76,1186,3,200,0.015,361377.711258284
3R3X_n80,0.01,20.0,77,1186,0,200,0.0,inf
3R3X_n80,0.01,20.0,78,1186,7,200,0.035,153302.400074675
3R3X_n80,0.01,20.0,79,1186,5,200,0.025,215726.88456958704
3R3X_n80,0.01,20.0,80,1186,2,200,0.01,543437.7437923187
3R3X_n80,0.01,20.0,81,1186,0,200,0.0,inf
3R3X_n80,0.01,20.0,82,1186,0,200,0.0,inf
3R3X_n80,0.01,20.0,83,1186,0,200,0.0,inf
3R3X_n80,0.01,20.0,84,1186,0,200,0.0,inf
3R3X_n80,0.01,20.0,85,1186,0,200,0.0,inf
3R3X_n80,0.01,20.0,86,1186,1,200,0.005,1089613.2207670987
3R3X_n80,0.01,20.0,87,1186,7,200,0.035,153302.400074675
3R3X_n80,0.01,20.0,88,1186,2,200,0.01,543437.7437923187
3R3X_n80,0.01,20.0,89,1186,9,200,0.045,118619.99686267057
3R3X_n80,0.01,20.0,90,1186,6,200,0.03,179312.9989781851
3R3X_n80,0.01,20.0,91,1186,4,200,0.02,270346.5310238668
3R3X_n80,0.01,20.0,92,1186,3,200,0.015,361377.711258284
3R3X_n80,0.01,20.0,93,1186,0,200,0.0,inf
3R3X_n80,0.01,20.0,94,1186,0,200,0.0,inf
3R3X_n80,0.01,20.0,95,1186,0,200,0.0,inf
3R3X_n80,0.01,20.0,96,1186,0,200,0.0,inf
3R3X_n80,0.01,20.0,97,1186,3,200,0.015,361377.711258284
3R3X_n80,0.01,20.0,98,1186,3,200,0.015,361377.711258284
3R3X_n80,0.01,20.0,99,1186,1,200,0.005,1089613.2207670987
3R3X_n80,0.01,20.0,100,1186,11,200,0.055,96547.6030620452
3R3X_n80,0.03,20.0,1,579,2,200,0.01,265303.9238244119
3R3X_n80,0.03,20.0,2,579,0,200,0.0,inf
3R3X_n80,0.03,20.0,3,579,0,200,0.0,inf
3R3X_n80,0.03,20.0,4,579,1,200,0.005,531944.3969849495
3R3X_n80,0.03,20.0,5,579,1,200,0.005,531944.3969849495
3R3X_n80,0.03,20.0,6,579,3,200,0.015,176423.01418089916
3R3X_n80,0.03,20.0,7,579,0,200,0.0,inf
3R3X_n80,0.03,20.0,8,579,3,200,0.015,176423.01418089916
3R3X_n80,0.03,20.0,9,579,0,200,0.0,inf
3R3X_n80,0.03,20.0,10,579,0,200,0.0,inf
3R3X_n80,0.03,20.0,11,579,0,200,0.0,inf
3R3X_n80,0.03,20.0,12,579,0,200,0.0,inf
3R3X_n80,0.03,20.0,13,579,3,200,0.015,176423.01418089916
3R3X_n80,0.03,20.0,14,579,0,200,0.0,inf
3R3X_n80,0.03,20.0,15,579,3,200,0.015,176423.01418089916
3R3X_n80,0.03,20.0,16,579,1,200,0.005,531944.3969849495
3R3X_n80,0.03,20.0,17,579,0,200,0.0,inf
3R3X_n80,0.03,20.0,18,579,2,200,0.01,265303.9238244119
3R3X_n80,0.03,20.0,19,579,0,200,0.0,inf
3R3X_n80,0.03,20.0,20,579,1,200,0.005,531944.3969849495
3R3X_n80,0.03,20.0,21,579,0,200,0.0,inf
3R3X_n80,0.03,20.0,22,579,0,200,0.0,inf
3R3X_n80,0.03,20.0,23,579,5,200,0.025,105316.9191954392
3R3X_n80,0.03,20.0,24,579,2,200,0.01,265303.9238244119
3R3X_n80,0.03,20.0,25,579,0,200,0.0,inf
3R3X_n80,0.03,20.0,26,579,2,200,0.01,265303.9238244119
3R3X_n80,0.03,20.0,27,579,3,200,0.015,176423.01418089916
3R3X_n80,0.03,20.0,28,579,0,200,0.0,inf
3R3X_n80,0.03,20.0,29,579,4,200,0.02,131981.99111536157
3R3X_n80,0.03,20.0,30,579,0,200,0.0,inf
3R3X_n80,0.03,20.0,31,579,3,200,0.015,176423.01418089916
3R3X_n80,0.03,20.0,32,579,0,200,0.0,inf
3R3X_n80,0.03,20.0,33,579,1,200,0.005,531944.3969849495
3R3X_n80,0.03,20.0,34,579,5,200,0.025,105316.9191954392
3R3X_n80,0.03,20.0,35,579,0,200,0.0,inf
3R3X_n80,0.03,20.0,36,579,2,200,0.01,265303.9238244119
3R3X_n80,0.03,20.0,37,579,0,200,0.0,inf
3R3X_n80,0.03,20.0,38,579,4,200,0.02,131981.99111536157
3R3X_n80,0.03,20.0,39,579,0,200,0.0,inf
3R3X_n80,0.03,20.0,40,579,3,200,0.015,176423.01418089916
3R3X_n80,0.03,20.0,41,579,0,200,0.0,inf
3R3X_n80,0.03,20.0,42,579,1,200,0.005,531944.3969849495
3R3X_n80,0.03,20.0,43,579,0,200,0.0,inf
3R3X_n80,0.03,20.0,44,579,5,200,0.025,105316.9191954392
3R3X_n80,0.03,20.0,45,579,6,200,0.03,87539.81990587618
3R3X_n80,0.03,20.0,46,579,4,200,0.02,131981.99111536157
3R3X_n80,0.03,20.0,47,579,0,200,0.0,inf
3R3X_n80,0.03,20.0,48,579,1,200,0.005,531944.3969849495
3R3X_n80,0.03,20.0,49,579,2,200,0.01,265303.9238244119
3R3X_n80,0.03,20.0,50,579,3,200,0.015,176423.01418089916
3R3X_n80,0.03,20.0,51,579,0,200,0.0,inf
3R3X_n80,0.03,20.0,52,579,0,200,0.0,inf
3R3X_n80,0.03,20.0,53,579,0,200,0.0,inf
3R3X_n80,0.03,20.0,54,579,2,200,0.01,265303.9238244119
3R3X_n80,0.03,20.0,55,579,4,200,0.02,131981.99111536157
3R3X_n80,0.03,20.0,56,579,1,200,0.005,531944.3969849495
3R3X_n80,0.03,20.0,57,579,1,200,0.005,531944.3969849495
3R3X_n80,0.03,20.0,58,579,0,200,0.0,inf
3R3X_n80,0.03,20.0,59,579,1,200,0.005,531944.3969849495
3R3X_n80,0.03,20.0,60,579,0,200,0.0,inf
3R3X_n80,0.03,20.0,61,579,0,199,0.0,inf
3R3X_n80,0.03,20.0,62,579,0,200,0.0,inf
3R3X_n80,0.03,20.0,63,579,0,200,0.0,inf
3R3X_n80,0.03,20.0,64,579,0,200,0.0,inf
3R3X_n80,0.03,20.0,65,579,0,200,0.0,inf
3R3X_n80,0.03,20.0,66,579,0,200,0.0,inf
3R3X_n80,0.03,20.0,67,579,2,200,0.01,265303.9238244119
3R3X_n80,0.03,20.0,68,579,2,200,0.01,265303.9238244119
3R3X_n80,0.03,20.0,69,579,0,200,0.0,inf
3R3X_n80,0.03,20.0,70,579,4,200,0.02,131981.99111536157
3R3X_n80,0.03,20.0,71,579,0,200,0.0,inf
3R3X_n80,0.03,20.0,72,579,4,200,0.02,131981.99111536157
3R3X_n80,0.03,20.0,73,579,0,200,0.0,inf
3R3X_n80,0.03,20.0,74,579,3,200,0.015,176423.01418089916
3R3X_n80,0.03,20.0,75,579,4,200,0.02,131981.99111536157
3R3X_n80,0.03,20.0,76,579,1,200,0.005,531944.3969849495
3R3X_n80,0.03,20.0,77,579,0,200,0.0,inf
3R3X_n80,0.03,20.0,78,579,1,200,0.005,531944.3969849495
3R3X_n80,0.03,20.0,79,579,3,200,0.015,176423.01418089916
3R3X_n80,0.03,20.0,80,579,1,200,0.005,531944.3969849495
3R3X_n80,0.03,20.0,81,579,0,200,0.0,inf
3R3X_n80,0.03,20.0,82,579,0,200,0.0,inf
3R3X_n80,0.03,20.0,83,579,0,200,0.0,inf
3R3X_n80,0.03,20.0,84,579,0,200,0.0,inf
3R3X_n80,0.03,20.0,85,579,0,200,0.0,inf
3R3X_n80,0.03,20.0,86,579,2,200,0.01,265303.9238244119
3R3X_n80,0.03,20.0,87,579,2,200,0.01,265303.9238244119
3R3X_n80,0.03,20.0,88,579,0,200,0.0,inf
3R3X_n80,0.03,20.0,89,579,5,200,0.025,105316.9191954392
3R3X_n80,0.03,20.0,90,579,1,200,0.005,531944.3969849495
3R3X_n80,0.03,20.0,91,579,2,200,0.01,265303.9238244119
3R3X_n80,0.03,20.0,92,579,0,200,0.0,inf
3R3X_n80,0.03,20.0,93,579,0,200,0.0,inf
3R3X_n80,0.03,20.0,94,579,0,200,0.0,inf
3R3X_n80,0.03,20.0,95,579,0,200,0.0,inf
3R3X_n80,0.03,20.0,96,579,0,200,0.0,inf
3R3X_n80,0.03,20.0,97,579,0,200,0.0,inf
3R3X_n80,0.03,20.0,98,579,7,200,0.035,74841.55956428063
3R3X_n80,0.03,20.0,99,579,3,200,0.015,176423.01418089916
3R3X_n80,0.03,20.0,100,579,8,200,0.04,65317.57130005214
3R3X_n80,0.05,20.0,1,85,0,199,0.0,inf
3R3X_n80,0.05,20.0,2,85,0,200,0.0,inf
3R3X_n80,0.05,20.0,3,85,0,200,0.0,inf
3R3X_n80,0.05,20.0,4,85,0,200,0.0,inf
3R3X_n80,0.05,20.0,5,85,0,200,0.0,inf
3R3X_n80,0.05,20.0,6,85,0,200,0.0,inf
3R3X_n80,0.05,20.0,7,85,0,200,0.0,inf
3R3X_n80,0.05,20.0,8,85,0,200,0.0,inf
3R3X_n80,0.05,20.0,9,85,0,200,0.0,inf
3R3X_n80,0.05,20.0,10,85,0,200,0.0,inf
3R3X_n80,0.05,20.0,11,85,0,200,0.0,inf
3R3X_n80,0.05,20.0,12,85,0,200,0.0,inf
3R3X_n80,0.05,20.0,13,85,0,200,0.0,inf
3R3X_n80,0.05,20.0,14,85,0,200,0.0,inf
3R3X_n80,0.05,20.0,15,85,0,200,0.0,inf
3R3X_n80,0.05,20.0,16,85,0,200,0.0,inf
3R3X_n80,0.05,20.0,17,85,0,200,0.0,inf
3R3X_n80,0.05,20.0,18,85,0,200,0.0,inf
3R3X_n80,0.05,20.0,19,85,0,200,0.0,inf
3R3X_n80,0.05,20.0,20,85,0,200,0.0,inf
3R3X_n80,0.05,20.0,21,85,0,200,0.0,inf
3R3X_n80,0.05,20.0,22,85,0,200,0.0,inf
3R3X_n80,0.05,20.0,23,85,0,200,0.0,inf
3R3X_n80,0.05,20.0,24,85,0,200,0.0,inf
3R3X_n80,0.05,20.0,25,85,0,200,0.0,inf
3R3X_n80,0.05,20.0,26,85,0,200,0.0,inf
3R3X_n80,0.05,20.0,27,85,0,200,0.0,inf
3R3X_n80,0.05,20.0,28,85,0,200,0.0,inf
3R3X_n80,0.05,20.0,29,85,0,200,0.0,inf
3R3X_n80,0.05,20.0,30,85,0,200,0.0,inf
3R3X_n80,0.05,20.0,31,85,0,200,0.0,inf
3R3X_n80,0.05,20.0,32,85,0,200,0.0,inf
3R3X_n80,0.05,20.0,33,85,0,200,0.0,inf
3R3X_n80,0.05,20.0,34,85,0,200,0.0,inf
3R3X_n80,0.05,20.0,35,85,0,200,0.0,inf
3R3X_n80,0.05,20.0,36,85,0,200,0.0,inf
3R3X_n80,0.05,20.0,37,85,0,200,0.0,inf
3R3X_n80,0.05,20.0,38,85,0,200,0.0,inf
3R3X_n80,0.05,20.0,39,85,0,200,0.0,inf
3R3X_n80,0.05,20.0,40,85,0,200,0.0,inf
3R3X_n80,0.05,20.0,41,85,0,200,0.0,inf
3R3X_n80,0.05,20.0,42,85,0,200,0.0,inf
3R3X_n80,0.05,20.0,43,85,0,200,0.0,inf
3R3X_n80,0.05,20.0,44,85,0,200,0.0,inf
3R3X_n80,0.05,20.0,45,85,0,200,0.0,inf
3R3X_n80,0.05,20.0,46,85,0,200,0.0,inf
3R3X_n80,0.05,20.0,47,85,0,200,0.0,inf
3R3X_n80,0.05,20.0,48,85,0,200,0.0,inf
3R3X_n80,0.05,20.0,49,85,0,200,0.0,inf
3R3X_n80,0.05,20.0,50,85,0,200,0.0,inf
3R3X_n80,0.05,20.0,51,85,0,200,0.0,inf
3R3X_n80,0.05,20.0,52,85,0,200,0.0,inf
3R3X_n80,0.05,20.0,53,85,0,200,0.0,inf
3R3X_n80,0.05,20.0,54,85,0,200,0.0,inf
3R3X_n80,0.05,20.0,55,85,0,200,0.0,inf
3R3X_n80,0.05,20.0,56,85,0,200,0.0,inf
3R3X_n80,0.05,20.0,57,85,0,200,0.0,inf
3R3X_n80,0.05,20.0,58,85,0,200,0.0,inf
3R3X_n80,0.05,20.0,59,85,0,200,0.0,inf
3R3X_n80,0.05,20.0,60,85,0,200,0.0,inf
3R3X_n80,0.05,20.0,61,85,0,200,0.0,inf
3R3X_n80,0.05,20.0,62,85,0,200,0.0,inf
3R3X_n80,0.05,20.0,63,85,0,200,0.0,inf
3R3X_n80,0.05,20.0,64,85,0,200,0.0,inf
3R3X_n80,0.05,20.0,65,85,0,200,0.0,inf
3R3X_n80,0.05,20.0,66,85,0,200,0.0,inf
3R3X_n80,0.05,20.0,67,85,0,200,0.0,inf
3R3X_n80,0.05,20.0,68,85,0,200,0.0,inf
3R3X_n80,0.05,20.0,69,85,0,200,0.0,inf
3R3X_n80,0.05,20.0,70,85,0,200,0.0,inf
3R3X_n80,0.05,20.0,71,85,0,200,0.0,inf
3R3X_n80,0.05,20.0,72,85,1,200,0.005,78092.00992007031
3R3X_n80,0.05,20.0,73,85,0,200,0.0,inf
3R3X_n80,0.05,20.0,74,85,0,200,0.0,inf
3R3X_n80,0.05,20.0,75,85,0,200,0.0,inf
3R3X_n80,0.05,20.0,76,85,0,200,0.0,inf
3R3X_n80,0.05,20.0,77,85,0,200,0.0,inf
3R3X_n80,0.05,20.0,78,85,0,200,0.0,inf
3R3X_n80,0.05,20.0,79,85,0,200,0.0,inf
3R3X_n80,0.05,20.0,80,85,0,200,0.0,inf
3R3X_n80,0.05,20.0,81,85,0,200,0.0,inf
3R3X_n80,0.05,20.0,82,85,0,200,0.0,inf
3R3X_n80,0.05,20.0,83,85,0,200,0.0,inf
3R3X_n80,0.05,20.0,84,85,0,200,0.0,inf
3R3X_n80,0.05,20.0,85,85,0,200,0.0,inf
3R3X_n80,0.05,20.0,86,85,0,200,0.0,inf
3R3X_n80,0.05,20.0,87,85,0,200,0.0,inf
3R3X_n80,0.05,20.0,88,85,0,200,0.0,inf
3R3X_n80,0.05,20.0,89,85,0,200,0.0,inf
3R3X_n80,0.05,20.0,90,85,0,200,0.0,inf
3R3X_n80,0.05,20.0,91,85,0,200,0.0,inf
3R3X_n80,0.05,20.0,92,85,0,200,0.0,inf
3R3X_n80,0.05,20.0,93,85,0,200,0.0,inf
3R3X_n80,0.05,20.0,94,85,0,200,0.0,inf
3R3X_n80,0.05,20.0,95,85,0,200,0.0,inf
3R3X_n80,0.05,20.0,96,85,0,200,0.0,inf
3R3X_n80,0.05,20.0,97,85,0,200,0.0,inf
3R3X_n80,0.05,20.0,98,85,0,200,0.0,inf
3R3X_n80,0.05,20.0,99,85,0,200,0.0,inf
3R3X_n80,0.05,20.0,100,85,0,200,0.0,inf
3R3X_n96,0.0005,20.0,1,23406,19,200,0.095,1079826.200427984
3R3X_n96,0.0005,20.0,2,23406,0,200,0.0,inf
3R3X_n96,0.0005,20.0,3,23406,26,200,0.13,773998.3718258531
3R3X_n96,0.0005,20.0,4,23406,28,200,0.14,714670.124428211
3R3X_n96,0.0005,20.0,5,23406,16,200,0.08,1292714.4815834255
3R3X_n96,0.0005,20.0,6,23406,26,200,0.13,773998.3718258531
3R3X_n96,0.0005,20.0,7,23406,37,200,0.185,526910.6260657809
3R3X_n96,0.0005,20.0,8,23406,34,200,0.17,578483.6439787429
3R3X_n96,0.0005,20.0,9,23406,0,200,0.0,inf
3R3X_n96,0.0005,20.0,10,23406,0,200,0.0,inf
3R3X_n96,0.0005,20.0,11,23406,30,200,0.15,663237.2838433753
3R3X_n96,0.0005,20.0,12,23406,28,200,0.14,714670.124428211
3R3X_n96,0.0005,20.0,13,23406,0,200,0.0,inf
3R3X_n96,0.0005,20.0,14,23406,44,200,0.22,433824.4533377958
3R3X_n96,0.0005,20.0,15,23406,40,200,0.2,483046.060432459
3R3X_n96,0.0005,20.0,16,23406,0,200,0.0,inf
3R3X_n96,0.0005,20.0,17,23406,23,200,0.115,882300.8997292521
3R3X_n96,0.0005,20.0,18,23406,0,200,0.0,inf
3R3X_n96,0.0005,20.0,19,23406,0,200,0.0,inf
3R3X_n96,0.0005,20.0,20,23406,30,200,0.15,663237.2838433753
3R3X_n96,0.0005,20.0,21,23406,0,200,0.0,inf
3R3X_n96,0.0005,20.0,22,23406,0,200,0.0,inf
3R3X_n96,0.0005,20.0,23,23406,0,200,0.0,inf
3R3X_n96,0.0005,20.0,24,23406,50,200,0.25,374679.633161027
3R3X_n96,0.0005,20.0,25,23406,20,200,0.1,1023045.613437358
3R3X_n96,0.0005,20.0,26,23406,30,200,0.15,663237.2838433753
3R3X_n96,0.0005,20.0,27,23406,24,200,0.12,843196.2022131471
3R3X_n96,0.0005,20.0,28,23406,0,200,0.0,inf
3R3X_n96,0.0005,20.0,29,23406,19,200,0.095,1079826.200427984
3R3X_n96,0.0005,20.0,30,23406,36,200,0.18,543149.9294807294
3R3X_n96,0.0005,20.0,31,23406,15,200,0.075,1382586.995347101
3R3X_n96,0.0005,20.0,32,23406,0,200,0.0,inf
3R3X_n96,0.0005,20.0,33,23406,0,200,0.0,inf
3R3X_n96,0.0005,20.0,34,23406,31,200,0.155,640004.0157859848
3R3X_n96,0.0005,20.0,35,23406,0,200,0.0,inf
3R3X_n96,0.0005,20.0,36,23406,46,200,0.23,412406.8281744615
3R3X_n96,0.0005,20.0,37,23406,0,200,0.0,inf
3R3X_n96,0.0005,20.0,38,23406,51,200,0.255,366165.794805352
3R3X_n96,0.0005,20.0,39,23406,45,200,0.225,422879.1323793258
3R3X_n96,0.0005,20.0,40,23406,0,200,0.0,inf
3R3X_n96,0.0005,20.0,41,23406,27,200,0.135,743237.6456226264
3R3X_n96,0.0005,20.0,42,23406,38,200,0.19,511522.8067186791
3R3X_n96,0.0005,20.0,43,23406,28,200,0.14,714670.124428211
3R3X_n96,0.0005,20.0,44,23406,0,200,0.0,inf
3R3X_n96,0.0005,20.0,45,23406,27,200,0.135,743237.6456226264
3R3X_n96,0.0005,20.0,46,23406,23,200,0.115,882300.8997292521
3R3X_n96,0.0005,20.0,47,23406,40,200,0.2,483046.060432459
3R3X_n96,0.0005,20.0,48,23406,0,200,0.0,inf
3R3X_n96,0.0005,20.0,49,23406,18,200,0.09,1142909.94378962
3R3X_n96,0.0005,20.0,50,23406,0,200,0.0,inf
3R3X_n96,0.0005,20.0,51,23406,18,200,0.09,1142909.94378962
3R3X_n96,0.0005,20.0,52,23406,0,200,0.0,inf
3R3X_n96,0.0005,20.0,53,23406,0,200,0.0,inf
3R3X_n96,0.0005,20.0,54,23406,0,200,0.0,inf
3R3X_n96,0.0005,20.0,55,23406,42,200,0.21,457269.4142432739
3R3X_n96,0.0005,20.0,56,23406,0,200,0.0,inf
3R3X_n96,0.0005,20.0,57,23406,40,200,0.2,483046.060432459
3R3X_n96,0.0005,20.0,58,23406,19,200,0.095,1079826.200427984
3R3X_n96,0.0005,20.0,59,23406,23,200,0.115,882300.8997292521
3R3X_n96,0.0005,20.0,60,23406,0,200,0.0,inf
3R3X_n96,0.0005,20.0,61,23406,0,200,0.0,inf
3R3X_n96,0.0005,20.0,62,23406,24,200,0.12,843196.2022131471
3R3X_n96,0.0005,20.0,63,23406,24,200,0.12,843196.2022131471
3R3X_n96,0.0005,20.0,64,23406,59,200,0.295,308357.3395548179
3R3X_n96,0.0005,20.0,65,23406,24,200,0.12,843196.2022131471
3R3X_n96,0.0005,20.0,66,23406,21,200,0.105,971667.6902947592
3R3X_n96,0.0005,20.0,67,23406,34,200,0.17,578483.6439787429
3R3X_n96,0.0005,20.0,68,23406,21,200,0.105,971667.6902947592
3R3X_n96,0.0005,20.0,69,23406,19,200,0.095,1079826.200427984
3R3X_n96,0.0005,20.0,70,23406,46,200,0.23,412406.8281744615
3R3X_n96,0.0005,20.0,71,23406,0,200,0.0,inf
3R3X_n96,0.0005,20.0,72,23406,0,200,0.0,inf
3R3X_n96,0.0005,20.0,73,23406,0,200,0.0,inf
3R3X_n96,0.0005,20.0,74,23406,22,200,0.11,924955.6638263132
3R3X_n96,0.0005,20.0,75,23406,26,200,0.13,773998.3718258531
3R3X_n96,0.0005,20.0,76,23406,26,200,0.13,773998.3718258531
3R3X_n96,0.0005,20.0,77,23406,26,200,0.13,773998.3718258531
3R3X_n96,0.0005,20.0,78,23406,38,200,0.19,511522.8067186791
3R3X_n96,0.0005,20.0,79,23406,0,200,0.0,inf
3R3X_n96,0.0005,20.0,80,23406,0,200,0.0,inf
3R3X_n96,0.0005,20.0,81,23406,0,200,0.0,inf
3R3X_n96,0.0005,20.0,82,23406,29,200,0.145,688068.8911556946
3R3X_n96,0.0005,20.0,83,23406,0,200,0.0,inf
3R3X_n96,0.0005,20.0,84,23406,69,200,0.345,254747.1221656812
3R3X_n96,0.0005,20.0,85,23406,18,200,0.09,1142909.94378962
3R3X_n96,0.0005,20.0,86,23406,52,200,0.26,357976.71961194056
3R3X_n96,0.0005,20.0,87,23406,36,200,0.18,543149.9294807294
3R3X_n96,0.0005,20.0,88,23406,23,200,0.115,882300.8997292521
3R3X_n96,0.0005,20.0,89,23406,27,200,0.135,743237.6456226264
3R3X_n96,0.0005,20.0,90,23406,28,200,0.14,714670.124428211
3R3X_n96,0.0005,20.0,91,23406,24,200,0.12,843196.2022131471
3R3X_n96,0.0005,20.0,92,23406,34,200,0.17,578483.6439787429
3R3X_n96,0.0005,20.0,93,23406,17,200,0.085,1213409.215923048
3R3X_n96,0.0005,20.0,94,23406,34,197,0.1725888324873096,568944.8729208452
3R3X_n96,0.0005,20.0,95,23406,0,200,0.0,inf
3R3X_n96,0.0005,20.0,96,23406,0,200,0.0,inf
3R3X_n96,0.0005,20.0,97,23406,31,200,0.155,640004.0157859848
3R3X_n96,0.0005,20.0,98,23406,29,200,0.145,688068.8911556946
3R3X_n96,0.0005,20.0,99,23406,24,200,0.12,843196.2022131471
3R3X_n96,0.0005,20.0,100,23406,0,200,0.0,inf
3R3X_n96,0.0006,20.0,1,21174,17,200,0.085,1097698.3140201066
3R3X_n96,0.0006,20.0,2,21174,0,200,0.0,inf
3R3X_n96,0.0006,20.0,3,21174,20,200,0.1,925487.8158985996
3R3X_n96,0.0006,20.0,4,21174,19,200,0.095,976853.7967983482
3R3X_n96,0.0006,20.0,5,21174,18,200,0.09,1033921.864043468
3R3X_n96,0.0006,20.0,6,21174,33,200,0.165,540749.5098899913
3R3X_n96,0.0006,20.0,7,21174,47,200,0.235,364006.5532518629
3R3X_n96,0.0006,20.0,8,21174,27,200,0.135,672362.381800115
3R3X_n96,0.0006,20.0,9,21174,0,200,0.0,inf
3R3X_n96,0.0006,20.0,10,21174,0,200,0.0,inf
3R3X_n96,0.0006,20.0,11,21174,22,200,0.11,836751.73997515
3R3X_n96,0.0006,20.0,12,21174,38,200,0.19,462743.9079492998
3R3X_n96,0.0006,20.0,13,21174,0,200,0.0,inf
3R3X_n96,0.0006,20.0,14,21174,32,200,0.16,559265.7252889648
3R3X_n96,0.0006,20.0,15,21174,36,200,0.18,491355.06309599953
3R3X_n96,0.0006,20.0,16,21174,0,200,0.0,inf
3R3X_n96,0.0006,20.0,17,21174,20,200,0.1,925487.8158985996
3R3X_n96,0.0006,20.0,18,21174,0,200,0.0,inf
3R3X_n96,0.0006,20.0,19,21174,0,200,0.0,inf
3R3X_n96,0.0006,20.0,20,21174,42,200,0.21,413664.12788118783
3R3X_n96,0.0006,20.0,21,21174,0,200,0.0,inf
3R3X_n96,0.0006,20.0,22,21174,0,200,0.0,inf
3R3X_n96,0.0006,20.0,23,21174,0,200,0.0,inf
3R3X_n96,0.0006,20.0,24,21174,51,200,0.255,331248.16453937127
3R3X_n96,0.0006,20.0,25,21174,24,200,0.12,762788.8740349131
3R3X_n96,0.0006,20.0,26,21174,29,200,0.145,622454.5288101631
3R3X_n96,0.0006,20.0,27,21174,23,200,0.115,798164.5411803463
3R3X_n96,0.0006,20.0,28,21174,0,200,0.0,inf
3R3X_n96,0.0006,20.0,29,21174,17,200,0.085,1097698.3140201066
3R3X_n96,0.0006,20.0,30,21174,37,200,0.185,476664.3423189287
3R3X_n96,0.0006,20.0,31,21174,14,200,0.07,1343653.6115210543
3R3X_n96,0.0006,20.0,32,21174,0,200,0.0,inf
3R3X_n96,0.0006,20.0,33,21174,0,200,0.0,inf
3R3X_n96,0.0006,20.0,34,21174,28,200,0.14,646519.0641136008
3R3X_n96,0.0006,20.0,35,21174,0,200,0.0,inf
3R3X_n96,0.0006,20.0,36,21174,39,200,0.195,449534.4807145331
3R3X_n96,0.0006,20.0,37,21174,0,200,0.0,inf
3R3X_n96,0.0006,20.0,38,21174,42,200,0.21,413664.12788118783
3R3X_n96,0.0006,20.0,39,21174,33,200,0.165,540749.5098899913
3R3X_n96,0.0006,20.0,40,21174,0,200,0.0,inf
3R3X_n96,0.0006,20.0,41,21174,22,200,0.11,836751.73997515
3R3X_n96,0.0006,20.0,42,21174,44,200,0.22,392454.882294048
3R3X_n96,0.0006,20.0,43,21174,34,200,0.17,523319.3487826157
3R3X_n96,0.0006,20.0,44,21174,0,200,0.0,inf
3R3X_n96,0.0006,20.0,45,21174,21,200,0.105,879009.2999359666
3R3X_n96,0.0006,20.0,46,21174,29,200,0.145,622454.5288101631
3R3X_n96,0.0006,20.0,47,21174,37,200,0.185,476664.3423189287
3R3X_n96,0.0006,20.0,48,21174,0,200,0.0,inf
3R3X_n96,0.0006,20.0,49,21174,13,200,0.065,1450850.878239369
3R3X_n96,0.0006,20.0,50,21174,0,200,0.0,inf
3R3X_n96,0.0006,20.0,51,21174,19,200,0.095,976853.7967983482
3R3X_n96,0.0006,20.0,52,21174,0,200,0.0,inf
3R3X_n96,0.0006,20.0,53,21174,0,200,0.0,inf
3R3X_n96,0.0006,20.0,54,21174,0,200,0.0,inf
3R3X_n96,0.0006,20.0,55,21174,32,200,0.16,559265.7252889648
3R3X_n96,0.0006,20.0,56,21174,0,200,0.0,inf
3R3X_n96,0.0006,20.0,57,21174,24,200,0.12,762788.8740349131
3R3X_n96,0.0006,20.0,58,21174,17,200,0.085,1097698.3140201066
3R3X_n96,0.0006,20.0,59,21174,14,200,0.07,1343653.6115210543
3R3X_n96,0.0006,20.0,60,21174,0,200,0.0,inf
3R3X_n96,0.0006,20.0,61,21174,0,200,0.0,inf
3R3X_n96,0.0006,20.0,62,21174,20,200,0.1,925487.8158985996
3R3X_n96,0.0006,20.0,63,21174,24,200,0.12,762788.8740349131
3R3X_n96,0.0006,20.0,64,21174,55,200,0.275,303217.78287896584
3R3X_n96,0.0006,20.0,65,21174,33,200,0.165,540749.5098899913
3R3X_n96,0.0006,20.0,66,21174,26,200,0.13,700189.760105982
3R3X_n96,0.0006,20.0,67,21174,33,200,0.165,540749.5098899913
3R3X_n96,0.0006,20.0,68,21174,22,200,0.11,836751.73997515
3R3X_n96,0.0006,20.0,69,21174,13,200,0.065,1450850.878239369
3R3X_n96,0.0006,20.0,70,21174,54,200,0.27,309839.6706085744
3R3X_n96,0.0006,20.0,71,21174,0,200,0.0,inf
3R3X_n96,0.0006,20.0,72,21174,0,200,0.0,inf
3R3X_n96,0.0006,20.0,73,21174,0,200,0.0,inf
3R3X_n96,0.0006,20.0,74,21174,15,200,0.075,1250743.2726428914
3R3X_n96,0.0006,20.0,75,21174,17,200,0.085,1097698.3140201066
3R3X_n96,0.0006,20.0,76,21174,20,200,0.1,925487.8158985996
3R3X_n96,0.0006,20.0,77,21174,28,200,0.14,646519.0641136008
3R3X_n96,0.0006,20.0,78,21174,34,200,0.17,523319.3487826157
3R3X_n96,0.0006,20.0,79,21174,0,200,0.0,inf
3R3X_n96,0.0006,20.0,80,21174,0,200,0.0,inf
3R3X_n96,0.0006,20.0,81,21174,0,200,0.0,inf
3R3X_n96,0.0006,20.0,82,21174,20,200,0.1,925487.8158985996
3R3X_n96,0.0006,20.0,83,21174,0,200,0.0,inf
3R3X_n96,0.0006,20.0,84,21174,50,200,0.25,338950.1218726645
3R3X_n96,0.0006,20.0,85,21174,20,200,0.1,925487.8158985996
3R3X_n96,0.0006,20.0,86,21174,42,200,0.21,413664.12788118783
3R3X_n96,0.0006,20.0,87,21174,37,200,0.185,476664.3423189287
3R3X_n96,0.0006,20.0,88,21174,12,200,0.06,1575906.8653899962
3R3X_n96,0.0006,20.0,89,21174,28,200,0.14,646519.0641136008
3R3X_n96,0.0006,20.0,90,21174,23,200,0.115,798164.5411803463
3R3X_n96,0.0006,20.0,91,21174,23,200,0.115,798164.5411803463
3R3X_n96,0.0006,20.0,92,21174,27,200,0.135,672362.381800115
3R3X_n96,0.0006,20.0,93,21174,25,199,0.1256281407035175,726333.0961335511
3R3X_n96,0.0006,20.0,94,21174,30,200,0.15,599990.8676450325
3R3X_n96,0.0006,20.0,95,21174,0,200,0.0,inf
3R3X_n96,0.0006,20.0,96,21174,0,200,0.0,inf
3R3X_n96,0.0006,20.0,97,21174,43,200,0.215,402814.2464767199
3R3X_n96,0.0006,20.0,98,21174,37,200,0.185,476664.3423189287
3R3X_n96,0.0006,20.0,99,21174,12,200,0.06,1575906.8653899962
3R3X_n96,0.0006,20.0,100,21174,0,200,0.0,inf
3R3X_n96,0.0007,20.0,1,16942,15,200,0.075,1000760.0134653758
3R3X_n96,0.0007,20.0,2,16942,0,199,0.0,inf
3R3X_n96,0.0007,20.0,3,16942,25,200,0.125,584288.0221462018
3R3X_n96,0.0007,20.0,4,16942,18,200,0.09,827274.2146323055
3R3X_n96,0.0007,20.0,5,16942,12,200,0.06,1260933.8865324133
3R3X_n96,0.0007,20.0,6,16942,32,200,0.16,447486.5362163806
3R3X_n96,0.0007,20.0,7,16942,25,200,0.125,584288.0221462018
3R3X_n96,0.0007,20.0,8,16942,32,200,0.16,447486.5362163806
3R3X_n96,0.0007,20.0,9,16942,0,200,0.0,inf
3R3X_n96,0.0007,20.0,10,16942,0,200,0.0,inf
3R3X_n96,0.0007,20.0,11,16942,26,200,0.13,560244.3995331797
3R3X_n96,0.0007,20.0,12,16942,23,200,0.115,638637.1803474746
3R3X_n96,0.0007,20.0,13,16942,0,200,0.0,inf
3R3X_n96,0.0007,20.0,14,16942,30,200,0.15,480072.0354983536
3R3X_n96,0.0007,20.0,15,16942,32,200,0.16,447486.5362163806
3R3X_n96,0.0007,20.0,16,16942,0,200,0.0,inf
3R3X_n96,0.0007,20.0,17,16942,20,200,0.1,740512.6370527096
3R3X_n96,0.0007,20.0,18,16942,0,200,0.0,inf
3R3X_n96,0.0007,20.0,19,16942,0,200,0.0,inf
3R3X_n96,0.0007,20.0,20,16942,22,200,0.11,669512.0420638042
3R3X_n96,0.0007,20.0,21,16942,0,200,0.0,inf
3R3X_n96,0.0007,20.0,22,16942,0,200,0.0,inf
3R3X_n96,0.0007,20.0,23,16942,0,200,0.0,inf
3R3X_n96,0.0007,20.0,24,16942,27,200,0.135,537978.8170613747
3R3X_n96,0.0007,20.0,25,16942,28,200,0.14,517300.74545256566
3R3X_n96,0.0007,20.0,26,16942,27,200,0.135,537978.8170613747
3R3X_n96,0.0007,20.0,27,16942,20,198,0.101010101010101,732703.2606009286
3R3X_n96,0.0007,20.0,28,16942,0,200,0.0,inf
3R3X_n96,0.0007,20.0,29,16942,15,200,0.075,1000760.0134653758
3R3X_n96,0.0007,20.0,30,16942,16,200,0.08,935707.4573607792
3R3X_n96,0.0007,20.0,31,16942,8,200,0.04,1911244.029301353
3R3X_n96,0.0007,20.0,32,16942,0,200,0.0,inf
3R3X_n96,0.0007,20.0,33,16942,0,200,0.0,inf
3R3X_n96,0.0007,20.0,34,16942,26,200,0.13,560244.3995331797
3R3X_n96,0.0007,20.0,35,16942,0,200,0.0,inf
3R3X_n96,0.0007,20.0,36,16942,29,200,0.145,498045.9349722199
3R3X_n96,0.0007,20.0,37,16942,0,200,0.0,inf
3R3X_n96,0.0007,20.0,38,16942,33,200,0.165,432671.1153563914
3R3X_n96,0.0007,20.0,39,16942,21,200,0.105,703323.6780728793
3R3X_n96,0.0007,20.0,40,16942,0,200,0.0,inf
3R3X_n96,0.0007,20.0,41,16942,19,200,0.095,781612.21428911
3R3X_n96,0.0007,20.0,42,16942,38,200,0.19,370256.31852635485
3R3X_n96,0.0007,20.0,43,16942,26,200,0.13,560244.3995331797
3R3X_n96,0.0007,20.0,44,16942,0,200,0.0,inf
3R3X_n96,0.0007,20.0,45,16942,17,200,0.085,878303.8082614832
3R3X_n96,0.0007,20.0,46,16942,16,200,0.08,935707.4573607792
3R3X_n96,0.0007,20.0,47,16942,41,200,0.205,340088.5625705745
3R3X_n96,0.0007,20.0,48,16942,0,200,0.0,inf
3R3X_n96,0.0007,20.0,49,16942,14,200,0.07,1075100.5708127755
3R3X_n96,0.0007,20.0,50,16942,0,200,0.0,inf
3R3X_n96,0.0007,20.0,51,16942,12,200,0.06,1260933.8865324133
3R3X_n96,0.0007,20.0,52,16942,0,200,0.0,inf
3R3X_n96,0.0007,20.0,53,16942,0,200,0.0,inf
3R3X_n96,0.0007,20.0,54,16942,0,200,0.0,inf
3R3X_n96,0.0007,20.0,55,16942,37,200,0.185,381394.5068275852
3R3X_n96,0.0007,20.0,56,16942,0,200,0.0,inf
3R3X_n96,0.0007,20.0,57,16942,22,200,0.11,669512.0420638042
3R3X_n96,0.0007,20.0,58,16942,17,200,0.085,878303.8082614832
3R3X_n96,0.0007,20.0,59,16942,9,200,0.045,1694485.6550146414
3R3X_n96,0.0007,20.0,60,16942,0,200,0.0,inf
3R3X_n96,0.0007,20.0,61,16942,0,200,0.0,inf
3R3X_n96,0.0007,20.0,62,16942,18,200,0.09,827274.2146323055
3R3X_n96,0.0007,20.0,63,16942,21,200,0.105,703323.6780728793
3R3X_n96,0.0007,20.0,64,16942,57,200,0.285,232569.69896951647
3R3X_n96,0.0007,20.0,65,16942,17,200,0.085,878303.8082614832
3R3X_n96,0.0007,20.0,66,16942,14,200,0.07,1075100.5708127755
3R3X_n96,0.0007,20.0,67,16942,27,200,0.135,537978.8170613747
3R3X_n96,0.0007,20.0,68,16942,13,200,0.065,1160872.5597020586
3R3X_n96,0.0007,20.0,69,16942,9,200,0.045,1694485.6550146414
3R3X_n96,0.0007,20.0,70,16942,29,200,0.145,498045.9349722199
3R3X_n96,0.0007,20.0,71,16942,0,200,0.0,inf
3R3X_n96,0.0007,20.0,72,16942,0,200,0.0,inf
3R3X_n96,0.0007,20.0,73,16942,0,200,0.0,inf
3R3X_n96,0.0007,20.0,74,16942,14,200,0.07,1075100.5708127755
3R3X_n96,0.0007,20.0,75,16942,18,200,0.09,827274.2146323055
3R3X_n96,0.0007,20.0,76,16942,22,200,0.11,669512.0420638042
3R3X_n96,0.0007,20.0,77,16942,25,200,0.125,584288.0221462018
3R3X_n96,0.0007,20.0,78,16942,32,200,0.16,447486.5362163806
3R3X_n96,0.0007,20.0,79,16942,0,200,0.0,inf
3R3X_n96,0.0007,20.0,80,16942,0,200,0.0,inf
3R3X_n96,0.0007,20.0,81,16942,0,200,0.0,inf
3R3X_n96,0.0007,20.0,82,16942,20,200,0.1,740512.6370527096
3R3X_n96,0.0007,20.0,83,16942,0,200,0.0,inf
3R3X_n96,0.0007,20.0,84,16942,41,200,0.205,340088.5625705745
3R3X_n96,0.0007,20.0,85,16942,14,200,0.07,1075100.5708127755
3R3X_n96,0.0007,20.0,86,16942,41,200,0.205,340088.5625705745
3R3X_n96,0.0007,20.0,87,16942,32,200,0.16,447486.5362163806
3R3X_n96,0.0007,20.0,88,16942,19,200,0.095,781612.21428911
3R3X_n96,0.0007,20.0,89,16942,25,200,0.125,584288.0221462018
3R3X_n96,0.0007,20.0,90,16942,17,200,0.085,878303.8082614832
3R3X_n96,0.0007,20.0,91,16942,19,200,0.095,781612.21428911
3R3X_n96,0.0007,20.0,92,16942,25,200,0.125,584288.0221462018
3R3X_n96,0.0007,20.0,93,16942,22,200,0.11,669512.0420638042
3R3X_n96,0.0007,20.0,94,16942,31,200,0.155,463255.0643188138
3R3X_n96,0.0007,20.0,95,16942,0,200,0.0,inf
3R3X_n96,0.0007,20.0,96,16942,0,200,0.0,inf
3R3X_n96,0.0007,20.0,97,16942,28,200,0.14,517300.74545256566
3R3X_n96,0.0007,20.0,98,16942,27,200,0.135,537978.8170613747
3R3X_n96,0.0007,20.0,99,16942,17,200,0.085,878303.8082614832
3R3X_n96,0.0007,20.0,100,16942,0,200,0.0,inf
3R3X_n96,0.0008,20.0,1,17588,11,200,0.055,1431770.019102235
3R3X_n96,0.0008,20.0,2,17588,0,200,0.0,inf
3R3X_n96,0.0008,20.0,3,17588,18,200,0.09,858818.255634104
3R3X_n96,0.0008,20.0,4,17588,22,200,0.11,695040.5970852431
3R3X_n96,0.0008,20.0,5,17588,15,200,0.075,1038919.0837462536
3R3X_n96,0.0008,20.0,6,17588,36,200,0.18,408139.834218024
3R3X_n96,0.0008,20.0,7,17588,38,200,0.19,384374.2256074566
3R3X_n96,0.0008,20.0,8,17588,29,200,0.145,517036.4717442689
3R3X_n96,0.0008,20.0,9,17588,0,200,0.0,inf
3R3X_n96,0.0008,20.0,10,17588,0,200,0.0,inf
3R3X_n96,0.0008,20.0,11,17588,13,200,0.065,1205136.735924909
3R3X_n96,0.0008,20.0,12,17588,21,200,0.105,730141.4738487665
3R3X_n96,0.0008,20.0,13,17588,0,200,0.0,inf
3R3X_n96,0.0008,20.0,14,17588,43,200,0.215,334594.1705408779
3R3X_n96,0.0008,20.0,15,17588,25,200,0.125,606566.9775414589
3R3X_n96,0.0008,20.0,16,17588,0,200,0.0,inf
3R3X_n96,0.0008,20.0,17,17588,12,200,0.06,1309013.4102427154
3R3X_n96,0.0008,20.0,18,17588,0,200,0.0,inf
3R3X_n96,0.0008,20.0,19,17588,0,200,0.0,inf
3R3X_n96,0.0008,20.0,20,17588,26,200,0.13,581606.5694126765
3R3X_n96,0.0008,20.0,21,17588,0,200,0.0,inf
3R3X_n96,0.0008,20.0,22,17588,0,200,0.0,inf
3R3X_n96,0.0008,20.0,23,17588,0,200,0.0,inf
3R3X_n96,0.0008,20.0,24,17588,33,200,0.165,449168.904314025
3R3X_n96,0.0008,20.0,25,17588,14,200,0.07,1116094.2533027444
3R3X_n96,0.0008,20.0,26,17588,32,193,0.1658031088082901,446784.7042839517
3R3X_n96,0.0008,20.0,27,17588,24,200,0.12,633603.9820783061
3R3X_n96,0.0008,20.0,28,17588,0,200,0.0,inf
3R3X_n96,0.0008,20.0,29,17588,13,200,0.065,1205136.735924909
3R3X_n96,0.0008,20.0,30,17588,31,200,0.155,480919.02203041536
3R3X_n96,0.0008,20.0,31,17588,18,200,0.09,858818.255634104
3R3X_n96,0.0008,20.0,32,17588,0,200,0.0,inf
3R3X_n96,0.0008,20.0,33,17588,0,200,0.0,inf
3R3X_n96,0.0008,20.0,34,17588,24,200,0.12,633603.9820783061
3R3X_n96,0.0008,20.0,35,17588,0,200,0.0,inf
3R3X_n96,0.0008,20.0,36,17588,39,200,0.195,373401.929102069
3R3X_n96,0.0008,20.0,37,17588,0,200,0.0,inf
3R3X_n96,0.0008,20.0,38,17588,36,200,0.18,408139.834218024
3R3X_n96,0.0008,20.0,39,17588,27,200,0.135,558491.9982573166
3R3X_n96,0.0008,20.0,40,17588,0,200,0.0,inf
3R3X_n96,0.0008,20.0,41,17588,16,200,0.08,971386.0677642182
3R3X_n96,0.0008,20.0,42,17588,29,200,0.145,517036.4717442689
3R3X_n96,0.0008,20.0,43,17588,21,200,0.105,730141.4738487665
3R3X_n96,0.0008,20.0,44,17588,0,200,0.0,inf
3R3X_n96,0.0008,20.0,45,17588,13,200,0.065,1205136.735924909
3R3X_n96,0.0008,20.0,46,17588,25,200,0.125,606566.9775414589
3R3X_n96,0.0008,20.0,47,17588,37,200,0.185,395937.1140410559
3R3X_n96,0.0008,20.0,48,17588,0,200,0.0,inf
3R3X_n96,0.0008,20.0,49,17588,20,200,0.1,768748.451214913
3R3X_n96,0.0008,20.0,50,17588,0,200,0.0,inf
3R3X_n96,0.0008,20.0,51,17588,13,200,0.065,1205136.735924909
3R3X_n96,0.0008,20.0,52,17588,0,200,0.0,inf
3R3X_n96,0.0008,20.0,53,17588,0,200,0.0,inf
3R3X_n96,0.0008,20.0,54,17588,0,200,0.0,inf
3R3X_n96,0.0008,20.0,55,17588,33,200,0.165,449168.904314025
3R3X_n96,0.0008,20.0,56,17588,0,200,0.0,inf
3R3X_n96,0.0008,20.0,57,17588,25,200,0.125,606566.9775414589
3R3X_n96,0.0008,20.0,58,17588,17,200,0.085,911793.6123068684
3R3X_n96,0.0008,20.0,59,17588,16,200,0.08,971386.0677642182
3R3X_n96,0.0008,20.0,60,17588,0,200,0.0,inf
3R3X_n96,0.0008,20.0,61,17588,0,200,0.0,inf
3R3X_n96,0.0008,20.0,62,17588,13,200,0.065,1205136.735924909
3R3X_n96,0.0008,20.0,63,17588,8,200,0.04,1984119.93786756
3R3X_n96,0.0008,20.0,64,17588,42,200,0.21,343606.5307062592
3R3X_n96,0.0008,20.0,65,17588,19,200,0.095,811415.1590672216
3R3X_n96,0.0008,20.0,66,17588,16,200,0.08,971386.0677642182
3R3X_n96,0.0008,20.0,67,17588,35,200,0.175,421037.2529816123
3R3X_n96,0.0008,20.0,68,17588,17,200,0.085,911793.6123068684
3R3X_n96,0.0008,20.0,69,17588,13,200,0.065,1205136.735924909
3R3X_n96,0.0008,20.0,70,17588,39,200,0.195,373401.929102069
3R3X_n96,0.0008,20.0,71,17588,0,200,0.0,inf
3R3X_n96,0.0008,20.0,72,17588,0,200,0.0,inf
3R3X_n96,0.0008,20.0,73,17588,0,200,0.0,inf
3R3X_n96,0.0008,20.0,74,17588,18,200,0.09,858818.255634104
3R3X_n96,0.0008,20.0,75,17588,11,200,0.055,1431770.019102235
3R3X_n96,0.0008,20.0,76,17588,17,200,0.085,911793.6123068684
3R3X_n96,0.0008,20.0,77,17588,21,200,0.105,730141.4738487665
3R3X_n96,0.0008,20.0,78,17588,28,200,0.14,537025.4698984609
3R3X_n96,0.0008,20.0,79,17588,0,200,0.0,inf
3R3X_n96,0.0008,20.0,80,17588,0,200,0.0,inf
3R3X_n96,0.0008,20.0,81,17588,0,200,0.0,inf
3R3X_n96,0.0008,20.0,82,17588,14,200,0.07,1116094.2533027444
3R3X_n96,0.0008,20.0,83,17588,0,200,0.0,inf
3R3X_n96,0.0008,20.0,84,17588,53,200,0.265,263071.5727222666
3R3X_n96,0.0008,20.0,85,17588,16,200,0.08,971386.0677642182
3R3X_n96,0.0008,20.0,86,17588,35,200,0.175,421037.2529816123
3R3X_n96,0.0008,20.0,87,17588,36,200,0.18,408139.834218024
3R3X_n96,0.0008,20.0,88,17588,14,200,0.07,1116094.2533027444
3R3X_n96,0.0008,20.0,89,17588,19,200,0.095,811415.1590672216
3R3X_n96,0.0008,20.0,90,17588,19,200,0.095,811415.1590672216
3R3X_n96,0.0008,20.0,91,17588,18,200,0.09,858818.255634104
3R3X_n96,0.0008,20.0,92,17588,23,200,0.115,662988.4740851956
3R3X_n96,0.0008,20.0,93,17588,20,200,0.1,768748.451214913
3R3X_n96,0.0008,20.0,94,17588,48,200,0.24,295134.32507229486
3R3X_n96,0.0008,20.0,95,17588,0,200,0.0,inf
3R3X_n96,0.0008,20.0,96,17588,0,200,0.0,inf
3R3X_n96,0.0008,20.0,97,17588,24,200,0.12,633603.9820783061
3R3X_n96,0.0008,20.0,98,17588,31,200,0.155,480919.02203041536
3R3X_n96,0.0008,20.0,99,17588,16,200,0.08,971386.0677642182
3R3X_n96,0.0008,20.0,100,17588,0,200,0.0,inf
3R3X_n96,0.0009,20.0,1,12001,9,200,0.045,1200302.3459940213
3R3X_n96,0.0009,20.0,2,12001,0,200,0.0,inf
3R3X_n96,0.0009,20.0,3,12001,8,200,0.04,1353844.8586734468
3R3X_n96,0.0009,20.0,4,12001,13,200,0.065,822313.2799542205
3R3X_n96,0.0009,20.0,5,12001,10,200,0.05,1077463.400663477
3R3X_n96,0.0009,20.0,6,12001,22,200,0.11,474254.16224812384
3R3X_n96,0.0009,20.0,7,12001,14,200,0.07,761556.0117060628
3R3X_n96,0.0009,20.0,8,12001,19,200,0.095,553661.2078670528
3R3X_n96,0.0009,20.0,9,12001,0,200,0.0,inf
3R3X_n96,0.0009,20.0,10,12001,0,200,0.0,inf
3R3X_n96,0.0009,20.0,11,12001,22,200,0.11,474254.16224812384
3R3X_n96,0.0009,20.0,12,12001,15,200,0.075,708896.288608073
3R3X_n96,0.0009,20.0,13,12001,0,200,0.0,inf
3R3X_n96,0.0009,20.0,14,12001,19,200,0.095,553661.2078670528
3R3X_n96,0.0009,20.0,15,12001,13,200,0.065,822313.2799542205
3R3X_n96,0.0009,20.0,16,12001,0,200,0.0,inf
3R3X_n96,0.0009,20.0,17,12001,12,200,0.06,893192.514005164
3R3X_n96,0.0009,20.0,18,12001,0,200,0.0,inf
3R3X_n96,0.0009,20.0,19,12001,0,200,0.0,inf
3R3X_n96,0.0009,20.0,20,12001,22,200,0.11,474254.16224812384
3R3X_n96,0.0009,20.0,21,12001,0,198,0.0,inf
3R3X_n96,0.0009,20.0,22,12001,0,200,0.0,inf
3R3X_n96,0.0009,20.0,23,12001,0,200,0.0,inf
3R3X_n96,0.0009,20.0,24,12001,22,200,0.11,474254.16224812384
3R3X_n96,0.0009,20.0,25,12001,19,197,0.0964467005076142,544927.5306838653
3R3X_n96,0.0009,20.0,26,12001,16,200,0.08,662815.7948168286
3R3X_n96,0.0009,20.0,27,12001,17,200,0.085,622153.4649360206
3R3X_n96,0.0009,20.0,28,12001,0,200,0.0,inf
3R3X_n96,0.0009,20.0,29,12001,11,200,0.055,976954.2869709986
3R3X_n96,0.0009,20.0,30,12001,16,200,0.08,662815.7948168286
3R3X_n96,0.0009,20.0,31,12001,9,200,0.045,1200302.3459940213
3R3X_n96,0.0009,20.0,32,12001,0,200,0.0,inf
3R3X_n96,0.0009,20.0,33,12001,0,200,0.0,inf
3R3X_n96,0.0009,20.0,34,12001,11,200,0.055,976954.2869709986
3R3X_n96,0.0009,20.0,35,12001,0,200,0.0,inf
3R3X_n96,0.0009,20.0,36,12001,24,200,0.12,432333.4881124489
3R3X_n96,0.0009,20.0,37,12001,0,200,0.0,inf
3R3X_n96,0.0009,20.0,38,12001,16,200,0.08,662815.7948168286
3R3X_n96,0.0009,20.0,39,12001,12,200,0.06,893192.514005164
3R3X_n96,0.0009,20.0,40,12001,0,200,0.0,inf
3R3X_n96,0.0009,20.0,41,12001,13,200,0.065,822313.2799542205
3R3X_n96,0.0009,20.0,42,12001,26,200,0.13,396853.5614920133
3R3X_n96,0.0009,20.0,43,12001,15,200,0.075,708896.288608073
3R3X_n96,0.0009,20.0,44,12001,0,200,0.0,inf
3R3X_n96,0.0009,20.0,45,12001,9,200,0.045,1200302.3459940213
3R3X_n96,0.0009,20.0,46,12001,12,200,0.06,893192.514005164
3R3X_n96,0.0009,20.0,47,12001,23,200,0.115,452383.7092049369
3R3X_n96,0.0009,20.0,48,12001,0,200,0.0,inf
3R3X_n96,0.0009,20.0,49,12001,8,200,0.04,1353844.8586734468
3R3X_n96,0.0009,20.0,50,12001,0,200,0.0,inf
3R3X_n96,0.0009,20.0,51,12001,19,200,0.095,553661.2078670528
3R3X_n96,0.0009,20.0,52,12001,0,200,0.0,inf
3R3X_n96,0.0009,20.0,53,12001,0,200,0.0,inf
3R3X_n96,0.0009,20.0,54,12001,0,200,0.0,inf
3R3X_n96,0.0009,20.0,55,12001,23,200,0.115,452383.7092049369
3R3X_n96,0.0009,20.0,56,12001,0,200,0.0,inf
3R3X_n96,0.0009,20.0,57,12001,17,200,0.085,622153.4649360206
3R3X_n96,0.0009,20.0,58,12001,14,200,0.07,761556.0117060628
3R3X_n96,0.0009,20.0,59,12001,13,200,0.065,822313.2799542205
3R3X_n96,0.0009,20.0,60,12001,0,200,0.0,inf
3R3X_n96,0.0009,20.0,61,12001,0,200,0.0,inf
3R3X_n96,0.0009,20.0,62,12001,8,200,0.04,1353844.8586734468
3R3X_n96,0.0009,20.0,63,12001,15,200,0.075,708896.288608073
3R3X_n96,0.0009,20.0,64,12001,41,200,0.205,240904.4291942784
3R3X_n96,0.0009,20.0,65,12001,16,200,0.08,662815.7948168286
3R3X_n96,0.0009,20.0,66,12001,14,200,0.07,761556.0117060628
3R3X_n96,0.0009,20.0,67,12001,18,200,0.09,586006.2477748966
3R3X_n96,0.0009,20.0,68,12001,12,200,0.06,893192.514005164
3R3X_n96,0.0009,20.0,69,12001,17,200,0.085,622153.4649360206
3R3X_n96,0.0009,20.0,70,12001,23,200,0.115,452383.7092049369
3R3X_n96,0.0009,20.0,71,12001,0,200,0.0,inf
3R3X_n96,0.0009,20.0,72,12001,0,200,0.0,inf
3R3X_n96,0.0009,20.0,73,12001,0,200,0.0,inf
3R3X_n96,0.0009,20.0,74,12001,12,200,0.06,893192.514005164
3R3X_n96,0.0009,20.0,75,12001,13,200,0.065,822313.2799542205
3R3X_n96,0.0009,20.0,76,12001,11,200,0.055,976954.2869709986
3R3X_n96,0.0009,20.0,77,12001,16,200,0.08,662815.7948168286
3R3X_n96,0.0009,20.0,78,12001,27,200,0.135,381081.55964783125
3R3X_n96,0.0009,20.0,79,12001,0,200,0.0,inf
3R3X_n96,0.0009,20.0,80,12001,0,200,0.0,inf
3R3X_n96,0.0009,20.0,81,12001,0,200,0.0,inf
3R3X_n96,0.0009,20.0,82,12001,9,200,0.045,1200302.3459940213
3R3X_n96,0.0009,20.0,83,12001,0,200,0.0,inf
3R3X_n96,0.0009,20.0,84,12001,27,200,0.135,381081.55964783125
3R3X_n96,0.0009,20.0,85,12001,16,200,0.08,662815.7948168286
3R3X_n96,0.0009,20.0,86,12001,28,200,0.14,366434.0837077229
3R3X_n96,0.0009,20.0,87,12001,21,200,0.105,498204.9026415196
3R3X_n96,0.0009,20.0,88,12001,4,200,0.02,2735606.0023755687
3R3X_n96,0.0009,20.0,89,12001,21,200,0.105,498204.9026415196
3R3X_n96,0.0009,20.0,90,12001,12,200,0.06,893192.514005164
3R3X_n96,0.0009,20.0,91,12001,17,200,0.085,622153.4649360206
3R3X_n96,0.0009,20.0,92,12001,25,200,0.125,413885.05216483097
3R3X_n96,0.0009,20.0,93,12001,9,200,0.045,1200302.3459940213
3R3X_n96,0.0009,20.0,94,12001,25,200,0.125,413885.05216483097
3R3X_n96,0.0009,20.0,95,12001,0,200,0.0,inf
3R3X_n96,0.0009,20.0,96,12001,0,200,0.0,inf
3R3X_n96,0.0009,20.0,97,12001,15,200,0.075,708896.288608073
3R3X_n96,0.0009,20.0,98,12001,18,200,0.09,586006.2477748966
3R3X_n96,0.0009,20.0,99,12001,6,200,0.03,1814447.977012816
3R3X_n96,0.0009,20.0,100,12001,0,200,0.0,inf
3R3X_n96,0.001,20.0,1,10346,11,200,0.055,842227.2354805394
3R3X_n96,0.001,20.0,2,10346,0,200,0.0,inf
3R3X_n96,0.001,20.0,3,10346,14,200,0.07,656533.4969678299
3R3X_n96,0.001,20.0,4,10346,10,200,0.05,928875.6223035024
3R3X_n96,0.001,20.0,5,10346,13,200,0.065,708912.0235319028
3R3X_n96,0.001,20.0,6,10346,15,200,0.075,611135.8221764123
3R3X_n96,0.001,20.0,7,10346,19,200,0.095,477308.462344182
3R3X_n96,0.001,20.0,8,10346,19,200,0.095,477308.462344182
3R3X_n96,0.001,20.0,9,10346,0,200,0.0,inf
3R3X_n96,0.001,20.0,10,10346,0,200,0.0,inf
3R3X_n96,0.001,20.0,11,10346,9,200,0.045,1034774.4414343924
3R3X_n96,0.001,20.0,12,10346,14,200,0.07,656533.4969678299
3R3X_n96,0.001,20.0,13,10346,0,200,0.0,inf
3R3X_n96,0.001,20.0,14,10346,16,200,0.08,571410.0669256652
3R3X_n96,0.001,20.0,15,10346,15,200,0.075,611135.8221764123
3R3X_n96,0.001,20.0,16,10346,0,200,0.0,inf
3R3X_n96,0.001,20.0,17,10346,5,200,0.025,1881880.56303284
3R3X_n96,0.001,20.0,18,10346,0,200,0.0,inf
3R3X_n96,0.001,20.0,19,10346,0,200,0.0,inf
3R3X_n96,0.001,20.0,20,10346,10,200,0.05,928875.6223035024
3R3X_n96,0.001,20.0,21,10346,0,200,0.0,inf
3R3X_n96,0.001,20.0,22,10346,0,200,0.0,inf
3R3X_n96,0.001,20.0,23,10346,0,200,0.0,inf
3R3X_n96,0.001,20.0,24,10346,28,200,0.14,315900.9274260562
3R3X_n96,0.001,20.0,25,10346,20,200,0.1,452210.1135017904
3R3X_n96,0.001,20.0,26,10346,15,200,0.075,611135.8221764123
3R3X_n96,0.001,20.0,27,10346,14,200,0.07,656533.4969678299
3R3X_n96,0.001,20.0,28,10346,0,200,0.0,inf
3R3X_n96,0.001,20.0,29,10346,8,194,0.0412371134020618,1131403.7096554055
3R3X_n96,0.001,20.0,30,10346,22,200,0.11,408852.059213323
3R3X_n96,0.001,20.0,31,10346,10,200,0.05,928875.6223035024
3R3X_n96,0.001,20.0,32,10346,0,200,0.0,inf
3R3X_n96,0.001,20.0,33,10346,0,200,0.0,inf
3R3X_n96,0.001,20.0,34,10346,13,200,0.065,708912.0235319028
3R3X_n96,0.001,20.0,35,10346,0,200,0.0,inf
3R3X_n96,0.001,20.0,36,10346,21,200,0.105,429499.86857171584
3R3X_n96,0.001,20.0,37,10346,0,200,0.0,inf
3R3X_n96,0.001,20.0,38,10346,18,200,0.09,505192.95387710026
3R3X_n96,0.001,20.0,39,10346,18,200,0.09,505192.95387710026
3R3X_n96,0.001,20.0,40,10346,0,200,0.0,inf
3R3X_n96,0.001,20.0,41,10346,8,200,0.04,1167142.6470990318
3R3X_n96,0.001,20.0,42,10346,20,200,0.1,452210.1135017904
3R3X_n96,0.001,20.0,43,10346,10,200,0.05,928875.6223035024
3R3X_n96,0.001,20.0,44,10346,0,200,0.0,inf
3R3X_n96,0.001,20.0,45,10346,8,200,0.04,1167142.6470990318
3R3X_n96,0.001,20.0,46,10346,13,200,0.065,708912.0235319028
3R3X_n96,0.001,20.0,47,10346,32,200,0.16,273267.3653461618
3R3X_n96,0.001,20.0,48,10346,0,200,0.0,inf
3R3X_n96,0.001,20.0,49,10346,11,200,0.055,842227.2354805394
3R3X_n96,0.001,20.0,50,10346,0,200,0.0,inf
3R3X_n96,0.001,20.0,51,10346,11,200,0.055,842227.2354805394
3R3X_n96,0.001,20.0,52,10346,0,200,0.0,inf
3R3X_n96,0.001,20.0,53,10346,0,200,0.0,inf
3R3X_n96,0.001,20.0,54,10346,0,200,0.0,inf
3R3X_n96,0.001,20.0,55,10346,18,200,0.09,505192.95387710026
3R3X_n96,0.001,20.0,56,10346,0,200,0.0,inf
3R3X_n96,0.001,20.0,57,10346,15,200,0.075,611135.8221764123
3R3X_n96,0.001,20.0,58,10346,5,200,0.025,1881880.56303284
3R3X_n96,0.001,20.0,59,10346,6,200,0.03,1564226.2119968827
3R3X_n96,0.001,20.0,60,10346,0,200,0.0,inf
3R3X_n96,0.001,20.0,61,10346,0,200,0.0,inf
3R3X_n96,0.001,20.0,62,10346,12,200,0.06,770016.6444377492
3R3X_n96,0.001,20.0,63,10346,12,200,0.06,770016.6444377492
3R3X_n96,0.001,20.0,64,10346,31,200,0.155,282896.75926351355
3R3X_n96,0.001,20.0,65,10346,17,200,0.085,536355.2827454435
3R3X_n96,0.001,20.0,66,10346,9,200,0.045,1034774.4414343924
3R3X_n96,0.001,20.0,67,10346,20,200,0.1,452210.1135017904
3R3X_n96,0.001,20.0,68,10346,9,200,0.045,1034774.4414343924
3R3X_n96,0.001,20.0,69,10346,6,200,0.03,1564226.2119968827
3R3X_n96,0.001,20.0,70,10346,25,200,0.125,356808.1617946289
3R3X_n96,0.001,20.0,71,10346,0,200,0.0,inf
3R3X_n96,0.001,20.0,72,10346,0,200,0.0,inf
3R3X_n96,0.001,20.0,73,10346,0,200,0.0,inf
3R3X_n96,0.001,20.0,74,10346,11,200,0.055,842227.2354805394
3R3X_n96,0.001,20.0,75,10346,11,200,0.055,842227.2354805394
3R3X_n96,0.001,20.0,76,10346,9,200,0.045,1034774.4414343924
3R3X_n96,0.001,20.0,77,10346,14,200,0.07,656533.4969678299
3R3X_n96,0.001,20.0,78,10346,25,200,0.125,356808.1617946289
3R3X_n96,0.001,20.0,79,10346,0,200,0.0,inf
3R3X_n96,0.001,20.0,80,10346,0,200,0.0,inf
3R3X_n96,0.001,20.0,81,10346,0,200,0.0,inf
3R3X_n96,0.001,20.0,82,10346,10,200,0.05,928875.6223035024
3R3X_n96,0.001,20.0,83,10346,0,200,0.0,inf
3R3X_n96,0.001,20.0,84,10346,38,200,0.19,226105.0567508952
3R3X_n96,0.001,20.0,85,10346,15,200,0.075,611135.8221764123
3R3X_n96,0.001,20.0,86,10346,21,200,0.105,429499.86857171584
3R3X_n96,0.001,20.0,87,10346,17,200,0.085,536355.2827454435
3R3X_n96,0.001,20.0,88,10346,5,200,0.025,1881880.56303284
3R3X_n96,0.001,20.0,89,10346,17,200,0.085,536355.2827454435
3R3X_n96,0.001,20.0,90,10346,3,200,0.015,3152456.8302514385
3R3X_n96,0.001,20.0,91,10346,11,200,0.055,842227.2354805394
3R3X_n96,0.001,20.0,92,10346,19,200,0.095,477308.462344182
3R3X_n96,0.001,20.0,93,10346,11,200,0.055,842227.2354805394
3R3X_n96,0.001,20.0,94,10346,20,200,0.1,452210.1135017904
3R3X_n96,0.001,20.0,95,10346,0,200,0.0,inf
3R3X_n96,0.001,20.0,96,10346,0,200,0.0,inf
3R3X_n96,0.001,20.0,97,10346,18,200,0.09,505192.95387710026
3R3X_n96,0.001,20.0,98,10346,13,200,0.065,708912.0235319028
3R3X_n96,0.001,20.0,99,10346,6,200,0.03,1564226.2119968827
3R3X_n96,0.001,20.0,100,10346,0,200,0.0,inf
3R3X_n96,0.002,20.0,1,7588,5,200,0.025,1380215.514430039
3R3X_n96,0.002,20.0,2,7588,0,200,0.0,inf
3R3X_n96,0.002,20.0,3,7588,6,200,0.03,1147240.3341032616
3R3X_n96,0.002,20.0,4,7588,4,200,0.02,1729670.7229419062
3R3X_n96,0.002,20.0,5,7588,8,200,0.04,856009.8981429976
3R3X_n96,0.002,20.0,6,7588,13,200,0.065,519932.76962691656
3R3X_n96,0.002,20.0,7,7588,19,200,0.095,350069.26466921065
3R3X_n96,0.002,20.0,8,7588,13,200,0.065,519932.76962691656
3R3X_n96,0.002,20.0,9,7588,0,200,0.0,inf
3R3X_n96,0.002,20.0,10,7588,0,200,0.0,inf
3R3X_n96,0.002,20.0,11,7588,7,200,0.035,980825.1363968244
3R3X_n96,0.002,20.0,12,7588,13,200,0.065,519932.76962691656
3R3X_n96,0.002,20.0,13,7588,0,200,0.0,inf
3R3X_n96,0.002,20.0,14,7588,16,200,0.08,419085.5971227477
3R3X_n96,0.002,20.0,15,7588,7,200,0.035,980825.1363968244
3R3X_n96,0.002,20.0,16,7588,0,200,0.0,inf
3R3X_n96,0.002,20.0,17,7588,8,200,0.04,856009.8981429976
3R3X_n96,0.002,20.0,18,7588,0,200,0.0,inf
3R3X_n96,0.002,20.0,19,7588,0,200,0.0,inf
3R3X_n96,0.002,20.0,20,7588,11,200,0.055,617709.2850209097
3R3X_n96,0.002,20.0,21,7588,0,200,0.0,inf
3R3X_n96,0.002,20.0,22,7588,0,200,0.0,inf
3R3X_n96,0.002,20.0,23,7588,0,200,0.0,inf
3R3X_n96,0.002,20.0,24,7588,15,200,0.075,448221.4013797232
3R3X_n96,0.002,20.0,25,7588,7,200,0.035,980825.1363968244
3R3X_n96,0.002,20.0,26,7588,10,200,0.05,681259.2520818651
3R3X_n96,0.002,20.0,27,7588,10,200,0.05,681259.2520818651
3R3X_n96,0.002,20.0,28,7588,0,200,0.0,inf
3R3X_n96,0.002,20.0,29,7588,6,200,0.03,1147240.3341032616
3R3X_n96,0.002,20.0,30,7588,11,200,0.055,617709.2850209097
3R3X_n96,0.002,20.0,31,7588,9,200,0.045,758927.9394552648
3R3X_n96,0.002,20.0,32,7588,0,200,0.0,inf
3R3X_n96,0.002,20.0,33,7588,0,200,0.0,inf
3R3X_n96,0.002,20.0,34,7588,5,200,0.025,1380215.514430039
3R3X_n96,0.002,20.0,35,7588,0,200,0.0,inf
3R3X_n96,0.002,20.0,36,7588,9,200,0.045,758927.9394552648
3R3X_n96,0.002,20.0,37,7588,0,200,0.0,inf
3R3X_n96,0.002,20.0,38,7588,13,200,0.065,519932.76962691656
3R3X_n96,0.002,20.0,39,7588,13,200,0.065,519932.76962691656
3R3X_n96,0.002,20.0,40,7588,0,200,0.0,inf
3R3X_n96,0.002,20.0,41,7588,8,200,0.04,856009.8981429976
3R3X_n96,0.002,20.0,42,7588,13,200,0.065,519932.76962691656
3R3X_n96,0.002,20.0,43,7588,13,200,0.065,519932.76962691656
3R3X_n96,0.002,20.0,44,7588,0,200,0.0,inf
3R3X_n96,0.002,20.0,45,7588,5,200,0.025,1380215.514430039
3R3X_n96,0.002,20.0,46,7588,7,200,0.035,980825.1363968244
3R3X_n96,0.002,20.0,47,7588,15,200,0.075,448221.4013797232
3R3X_n96,0.002,20.0,48,7588,0,200,0.0,inf
3R3X_n96,0.002,20.0,49,7588,8,200,0.04,856009.8981429976
3R3X_n96,0.002,20.0,50,7588,0,200,0.0,inf
3R3X_n96,0.002,20.0,51,7588,9,200,0.045,758927.9394552648
3R3X_n96,0.002,20.0,52,7588,0,200,0.0,inf
3R3X_n96,0.002,20.0,53,7588,0,200,0.0,inf
3R3X_n96,0.002,20.0,54,7588,0,200,0.0,inf
3R3X_n96,0.002,20.0,55,7588,11,200,0.055,617709.2850209097
3R3X_n96,0.002,20.0,56,7588,0,200,0.0,inf
3R3X_n96,0.002,20.0,57,7588,11,200,0.055,617709.2850209097
3R3X_n96,0.002,20.0,58,7588,3,200,0.015,2312086.064947604
3R3X_n96,0.002,20.0,59,7588,9,200,0.045,758927.9394552648
3R3X_n96,0.002,20.0,60,7588,0,200,0.0,inf
3R3X_n96,0.002,20.0,61,7588,0,200,0.0,inf
3R3X_n96,0.002,20.0,62,7588,5,200,0.025,1380215.514430039
3R3X_n96,0.002,20.0,63,7588,11,200,0.055,617709.2850209097
3R3X_n96,0.002,20.0,64,7588,18,200,0.09,370520.40730905056
3R3X_n96,0.002,20.0,65,7588,4,200,0.02,1729670.7229419062
3R3X_n96,0.002,20.0,66,7588,3,200,0.015,2312086.064947604
3R3X_n96,0.002,20.0,67,7588,12,200,0.06,564748.3373278214
3R3X_n96,0.002,20.0,68,7588,6,200,0.03,1147240.3341032616
3R3X_n96,0.002,20.0,69,7588,6,200,0.03,1147240.3341032616
3R3X_n96,0.002,20.0,70,7588,16,200,0.08,419085.5971227477
3R3X_n96,0.002,20.0,71,7588,0,200,0.0,inf
3R3X_n96,0.002,20.0,72,7588,0,200,0.0,inf
3R3X_n96,0.002,20.0,73,7588,0,200,0.0,inf
3R3X_n96,0.002,20.0,74,7588,7,200,0.035,980825.1363968244
3R3X_n96,0.002,20.0,75,7588,9,200,0.045,758927.9394552648
3R3X_n96,0.002,20.0,76,7588,10,200,0.05,681259.2520818651
3R3X_n96,0.002,20.0,77,7588,8,200,0.04,856009.8981429976
3R3X_n96,0.002,20.0,78,7588,13,200,0.065,519932.76962691656
3R3X_n96,0.002,20.0,79,7588,0,200,0.0,inf
3R3X_n96,0.002,20.0,80,7588,0,200,0.0,inf
3R3X_n96,0.002,20.0,81,7588,0,200,0.0,inf
3R3X_n96,0.002,20.0,82,7588,7,200,0.035,980825.1363968244
3R3X_n96,0.002,20.0,83,7588,0,200,0.0,inf
3R3X_n96,0.002,20.0,84,7588,26,200,0.13,250922.82514802075
3R3X_n96,0.002,20.0,85,7588,3,200,0.015,2312086.064947604
3R3X_n96,0.002,20.0,86,7588,21,200,0.105,315005.3163272936
3R3X_n96,0.002,20.0,87,7588,16,200,0.08,419085.5971227477
3R3X_n96,0.002,20.0,88,7588,9,200,0.045,758927.9394552648
3R3X_n96,0.002,20.0,89,7588,12,200,0.06,564748.3373278214
3R3X_n96,0.002,20.0,90,7588,7,200,0.035,980825.1363968244
3R3X_n96,0.002,20.0,91,7588,13,200,0.065,519932.76962691656
3R3X_n96,0.002,20.0,92,7588,12,200,0.06,564748.3373278214
3R3X_n96,0.002,20.0,93,7588,6,200,0.03,1147240.3341032616
3R3X_n96,0.002,20.0,94,7588,17,200,0.085,393375.593028458
3R3X_n96,0.002,20.0,95,7588,0,200,0.0,inf
3R3X_n96,0.002,20.0,96,7588,0,200,0.0,inf
3R3X_n96,0.002,20.0,97,7588,14,200,0.07,481517.12497505255
3R3X_n96,0.002,20.0,98,7588,9,200,0.045,758927.9394552648
3R3X_n96,0.002,20.0,99,7588,9,200,0.045,758927.9394552648
3R3X_n96,0.002,20.0,100,7588,0,200,0.0,inf
3R3X_n96,0.003,20.0,1,4022,5,200,0.025,731579.7046702184
3R3X_n96,0.003,20.0,2,4022,0,200,0.0,inf
3R3X_n96,0.003,20.0,3,4022,6,200,0.03,608091.805978297
3R3X_n96,0.003,20.0,4,4022,8,200,0.04,453725.8579772188
3R3X_n96,0.003,20.0,5,4022,2,200,0.01,1842922.938897728
3R3X_n96,0.003,20.0,6,4022,6,200,0.03,608091.805978297
3R3X_n96,0.003,20.0,7,4022,9,200,0.045,402267.8139811644
3R3X_n96,0.003,20.0,8,4022,4,200,0.02,916807.5445008364
3R3X_n96,0.003,20.0,9,4022,0,200,0.0,inf
3R3X_n96,0.003,20.0,10,4022,0,200,0.0,inf
3R3X_n96,0.003,20.0,11,4022,1,200,0.005,3695130.163512033
3R3X_n96,0.003,20.0,12,4022,11,200,0.055,327415.22724750906
3R3X_n96,0.003,20.0,13,4022,0,200,0.0,inf
3R3X_n96,0.003,20.0,14,4022,11,200,0.055,327415.22724750906
3R3X_n96,0.003,20.0,15,4022,10,200,0.05,361099.72481197433
3R3X_n96,0.003,20.0,16,4022,0,200,0.0,inf
3R3X_n96,0.003,20.0,17,4022,5,200,0.025,731579.7046702184
3R3X_n96,0.003,20.0,18,4022,0,200,0.0,inf
3R3X_n96,0.003,20.0,19,4022,0,200,0.0,inf
3R3X_n96,0.003,20.0,20,4022,5,200,0.025,731579.7046702184
3R3X_n96,0.003,20.0,21,4022,0,200,0.0,inf
3R3X_n96,0.003,20.0,22,4022,0,200,0.0,inf
3R3X_n96,0.003,20.0,23,4022,0,200,0.0,inf
3R3X_n96,0.003,20.0,24,4022,11,200,0.055,327415.22724750906
3R3X_n96,0.003,20.0,25,4022,8,200,0.04,453725.8579772188
3R3X_n96,0.003,20.0,26,4022,2,200,0.01,1842922.938897728
3R3X_n96,0.003,20.0,27,4022,11,200,0.055,327415.22724750906
3R3X_n96,0.003,20.0,28,4022,0,200,0.0,inf
3R3X_n96,0.003,20.0,29,4022,5,200,0.025,731579.7046702184
3R3X_n96,0.003,20.0,30,4022,7,200,0.035,519883.8559024813
3R3X_n96,0.003,20.0,31,4022,1,200,0.005,3695130.163512033
3R3X_n96,0.003,20.0,32,4022,0,200,0.0,inf
3R3X_n96,0.003,20.0,33,4022,0,200,0.0,inf
3R3X_n96,0.003,20.0,34,4022,4,200,0.02,916807.5445008364
3R3X_n96,0.003,20.0,35,4022,0,200,0.0,inf
3R3X_n96,0.003,20.0,36,4022,10,200,0.05,361099.72481197433
3R3X_n96,0.003,20.0,37,4022,0,200,0.0,inf
3R3X_n96,0.003,20.0,38,4022,9,200,0.045,402267.8139811644
3R3X_n96,0.003,20.0,39,4022,8,200,0.04,453725.8579772188
3R3X_n96,0.003,20.0,40,4022,0,200,0.0,inf
3R3X_n96,0.003,20.0,41,4022,7,200,0.035,519883.8559024813
3R3X_n96,0.003,20.0,42,4022,12,200,0.06,299343.41232637025
3R3X_n96,0.003,20.0,43,4022,8,200,0.04,453725.8579772188
3R3X_n96,0.003,20.0,44,4022,0,200,0.0,inf
3R3X_n96,0.003,20.0,45,4022,4,200,0.02,916807.5445008364
3R3X_n96,0.003,20.0,46,4022,1,200,0.005,3695130.163512033
3R3X_n96,0.003,20.0,47,4022,7,200,0.035,519883.8559024813
3R3X_n96,0.003,20.0,48,4022,0,200,0.0,inf
3R3X_n96,0.003,20.0,49,4022,3,200,0.015,1225515.3074880422
3R3X_n96,0.003,20.0,50,4022,0,200,0.0,inf
3R3X_n96,0.003,20.0,51,4022,5,200,0.025,731579.7046702184
3R3X_n96,0.003,20.0,52,4022,0,200,0.0,inf
3R3X_n96,0.003,20.0,53,4022,0,200,0.0,inf
3R3X_n96,0.003,20.0,54,4022,0,200,0.0,inf
3R3X_n96,0.003,20.0,55,4022,9,200,0.045,402267.8139811644
3R3X_n96,0.003,20.0,56,4022,0,200,0.0,inf
3R3X_n96,0.003,20.0,57,4022,6,200,0.03,608091.805978297
3R3X_n96,0.003,20.0,58,4022,4,200,0.02,916807.5445008364
3R3X_n96,0.003,20.0,59,4022,7,200,0.035,519883.8559024813
3R3X_n96,0.003,20.0,60,4022,0,200,0.0,inf
3R3X_n96,0.003,20.0,61,4022,0,200,0.0,inf
3R3X_n96,0.003,20.0,62,4022,3,200,0.015,1225515.3074880422
3R3X_n96,0.003,20.0,63,4022,1,200,0.005,3695130.163512033
3R3X_n96,0.003,20.0,64,4022,8,200,0.04,453725.8579772188
3R3X_n96,0.003,20.0,65,4022,6,200,0.03,608091.805978297
3R3X_n96,0.003,20.0,66,4022,6,200,0.03,608091.805978297
3R3X_n96,0.003,20.0,67,4022,6,200,0.03,608091.805978297
3R3X_n96,0.003,20.0,68,4022,1,200,0.005,3695130.163512033
3R3X_n96,0.003,20.0,69,4022,2,200,0.01,1842922.938897728
3R3X_n96,0.003,20.0,70,4022,12,200,0.06,299343.41232637025
3R3X_n96,0.003,20.0,71,4022,0,200,0.0,inf
3R3X_n96,0.003,20.0,72,4022,0,200,0.0,inf
3R3X_n96,0.003,20.0,73,4022,0,200,0.0,inf
3R3X_n96,0.003,20.0,74,4022,4,200,0.02,916807.5445008364
3R3X_n96,0.003,20.0,75,4022,4,200,0.02,916807.5445008364
3R3X_n96,0.003,20.0,76,4022,5,200,0.025,731579.7046702184
3R3X_n96,0.003,20.0,77,4022,5,200,0.025,731579.7046702184
3R3X_n96,0.003,20.0,78,4022,11,200,0.055,327415.22724750906
3R3X_n96,0.003,20.0,79,4022,0,200,0.0,inf
3R3X_n96,0.003,20.0,80,4022,0,200,0.0,inf
3R3X_n96,0.003,20.0,81,4022,0,200,0.0,inf
3R3X_n96,0.003,20.0,82,4022,5,200,0.025,731579.7046702184
3R3X_n96,0.003,20.0,83,4022,0,200,0.0,inf
3R3X_n96,0.003,20.0,84,4022,8,200,0.04,453725.8579772188
3R3X_n96,0.003,20.0,85,4022,5,200,0.025,731579.7046702184
3R3X_n96,0.003,20.0,86,4022,8,200,0.04,453725.8579772188
3R3X_n96,0.003,20.0,87,4022,8,200,0.04,453725.8579772188
3R3X_n96,0.003,20.0,88,4022,1,200,0.005,3695130.163512033
3R3X_n96,0.003,20.0,89,4022,6,200,0.03,608091.805978297
3R3X_n96,0.003,20.0,90,4022,4,200,0.02,916807.5445008364
3R3X_n96,0.003,20.0,91,4022,1,200,0.005,3695130.163512033
3R3X_n96,0.003,20.0,92,4022,3,200,0.015,1225515.3074880422
3R3X_n96,0.003,20.0,93,4022,4,200,0.02,916807.5445008364
3R3X_n96,0.003,20.0,94,4022,10,200,0.05,361099.72481197433
3R3X_n96,0.003,20.0,95,4022,0,200,0.0,inf
3R3X_n96,0.003,20.0,96,4022,0,200,0.0,inf
3R3X_n96,0.003,20.0,97,4022,10,200,0.05,361099.72481197433
3R3X_n96,0.003,20.0,98,4022,5,200,0.025,731579.7046702184
3R3X_n96,0.003,20.0,99,4022,3,200,0.015,1225515.3074880422
3R3X_n96,0.003,20.0,100,4022,0,200,0.0,inf
3R3X_n96,0.004,20.0,1,3010,5,200,0.025,547502.4642111779
3R3X_n96,0.004,20.0,2,3010,0,200,0.0,inf
3R3X_n96,0.004,20.0,3,3010,3,200,0.015,917155.9113722048
3R3X_n96,0.004,20.0,4,3010,3,200,0.015,917155.9113722048
3R3X_n96,0.004,20.0,5,3010,2,200,0.01,1379213.8354256991
3R3X_n96,0.004,20.0,6,3010,2,200,0.01,1379213.8354256991
3R3X_n96,0.004,20.0,7,3010,7,200,0.035,389072.70170722745
3R3X_n96,0.004,20.0,8,3010,5,200,0.025,547502.4642111779
3R3X_n96,0.004,20.0,9,3010,0,200,0.0,inf
3R3X_n96,0.004,20.0,10,3010,0,200,0.0,inf
3R3X_n96,0.004,20.0,11,3010,1,200,0.005,2765375.8806989603
3R3X_n96,0.004,20.0,12,3010,4,200,0.02,686123.9952629333
3R3X_n96,0.004,20.0,13,3010,0,200,0.0,inf
3R3X_n96,0.004,20.0,14,3010,6,200,0.03,455086.1103915153
3R3X_n96,0.004,20.0,15,3010,6,200,0.03,455086.1103915153
3R3X_n96,0.004,20.0,16,3010,0,200,0.0,inf
3R3X_n96,0.004,20.0,17,3010,4,200,0.02,686123.9952629333
3R3X_n96,0.004,20.0,18,3010,0,200,0.0,inf
3R3X_n96,0.004,20.0,19,3010,0,200,0.0,inf
3R3X_n96,0.004,20.0,20,3010,4,200,0.02,686123.9952629333
3R3X_n96,0.004,20.0,21,3010,0,200,0.0,inf
3R3X_n96,0.004,20.0,22,3010,0,200,0.0,inf
3R3X_n96,0.004,20.0,23,3010,0,200,0.0,inf
3R3X_n96,0.004,20.0,24,3010,10,200,0.05,270241.2162317361
3R3X_n96,0.004,20.0,25,3010,3,200,0.015,917155.9113722048
3R3X_n96,0.004,20.0,26,3010,6,200,0.03,455086.1103915153
3R3X_n96,0.004,20.0,27,3010,4,200,0.02,686123.9952629333
3R3X_n96,0.004,20.0,28,3010,0,200,0.0,inf
3R3X_n96,0.004,20.0,29,3010,2,200,0.01,1379213.8354256991
3R3X_n96,0.004,20.0,30,3010,15,200,0.075,177800.00239232564
3R3X_n96,0.004,20.0,31,3010,0,200,0.0,inf
3R3X_n96,0.004,20.0,32,3010,0,200,0.0,inf
3R3X_n96,0.004,20.0,33,3010,0,200,0.0,inf
3R3X_n96,0.004,20.0,34,3010,3,200,0.015,917155.9113722048
3R3X_n96,0.004,20.0,35,3010,0,200,0.0,inf
3R3X_n96,0.004,20.0,36,3010,2,200,0.01,1379213.8354256991
3R3X_n96,0.004,20.0,37,3010,0,200,0.0,inf
3R3X_n96,0.004,20.0,38,3010,8,200,0.04,339561.1219570932
3R3X_n96,0.004,20.0,39,3010,5,200,0.025,547502.4642111779
3R3X_n96,0.004,20.0,40,3010,0,200,0.0,inf
3R3X_n96,0.004,20.0,41,3010,4,200,0.02,686123.9952629333
3R3X_n96,0.004,20.0,42,3010,6,200,0.03,455086.1103915153
3R3X_n96,0.004,20.0,43,3010,4,200,0.02,686123.9952629333
3R3X_n96,0.004,20.0,44,3010,0,200,0.0,inf
3R3X_n96,0.004,20.0,45,3010,4,200,0.02,686123.9952629333
3R3X_n96,0.004,20.0,46,3010,5,200,0.025,547502.4642111779
3R3X_n96,0.004,20.0,47,3010,3,200,0.015,917155.9113722048
3R3X_n96,0.004,20.0,48,3010,0,200,0.0,inf
3R3X_n96,0.004,20.0,49,3010,3,200,0.015,917155.9113722048
3R3X_n96,0.004,20.0,50,3010,0,200,0.0,inf
3R3X_n96,0.004,20.0,51,3010,3,200,0.015,917155.9113722048
3R3X_n96,0.004,20.0,52,3010,0,200,0.0,inf
3R3X_n96,0.004,20.0,53,3010,0,200,0.0,inf
3R3X_n96,0.004,20.0,54,3010,0,200,0.0,inf
3R3X_n96,0.004,20.0,55,3010,7,200,0.035,389072.70170722745
3R3X_n96,0.004,20.0,56,3010,0,200,0.0,inf
3R3X_n96,0.004,20.0,57,3010,4,200,0.02,686123.9952629333
3R3X_n96,0.004,20.0,58,3010,5,200,0.025,547502.4642111779
3R3X_n96,0.004,20.0,59,3010,3,200,0.015,917155.9113722048
3R3X_n96,0.004,20.0,60,3010,0,200,0.0,inf
3R3X_n96,0.004,20.0,61,3010,0,200,0.0,inf
3R3X_n96,0.004,20.0,62,3010,1,200,0.005,2765375.8806989603
3R3X_n96,0.004,20.0,63,3010,0,200,0.0,inf
3R3X_n96,0.004,20.0,64,3010,12,200,0.06,224023.78694738305
3R3X_n96,0.004,20.0,65,3010,6,200,0.03,455086.1103915153
3R3X_n96,0.004,20.0,66,3010,5,200,0.025,547502.4642111779
3R3X_n96,0.004,20.0,67,3010,4,200,0.02,686123.9952629333
3R3X_n96,0.004,20.0,68,3010,2,200,0.01,1379213.8354256991
3R3X_n96,0.004,20.0,69,3010,2,200,0.01,1379213.8354256991
3R3X_n96,0.004,20.0,70,3010,7,200,0.035,389072.70170722745
3R3X_n96,0.004,20.0,71,3010,0,200,0.0,inf
3R3X_n96,0.004,20.0,72,3010,0,200,0.0,inf
3R3X_n96,0.004,20.0,73,3010,0,200,0.0,inf
3R3X_n96,0.004,20.0,74,3010,3,200,0.015,917155.9113722048
3R3X_n96,0.004,20.0,75,3010,5,200,0.025,547502.4642111779
3R3X_n96,0.004,20.0,76,3010,6,200,0.03,455086.1103915153
3R3X_n96,0.004,20.0,77,3010,0,200,0.0,inf
3R3X_n96,0.004,20.0,78,3010,4,200,0.02,686123.9952629333
3R3X_n96,0.004,20.0,79,3010,0,200,0.0,inf
3R3X_n96,0.004,20.0,80,3010,0,200,0.0,inf
3R3X_n96,0.004,20.0,81,3010,0,200,0.0,inf
3R3X_n96,0.004,20.0,82,3010,1,200,0.005,2765375.8806989603
3R3X_n96,0.004,20.0,83,3010,0,200,0.0,inf
3R3X_n96,0.004,20.0,84,3010,10,200,0.05,270241.2162317361
3R3X_n96,0.004,20.0,85,3010,3,200,0.015,917155.9113722048
3R3X_n96,0.004,20.0,86,3010,4,200,0.02,686123.9952629333
3R3X_n96,0.004,20.0,87,3010,4,200,0.02,686123.9952629333
3R3X_n96,0.004,20.0,88,3010,1,200,0.005,2765375.8806989603
3R3X_n96,0.004,20.0,89,3010,5,200,0.025,547502.4642111779
3R3X_n96,0.004,20.0,90,3010,6,200,0.03,455086.1103915153
3R3X_n96,0.004,20.0,91,3010,6,200,0.03,455086.1103915153
3R3X_n96,0.004,20.0,92,3010,8,200,0.04,339561.1219570932
3R3X_n96,0.004,20.0,93,3010,6,200,0.03,455086.1103915153
3R3X_n96,0.004,20.0,94,3010,13,200,0.065,206246.3938556957
3R3X_n96,0.004,20.0,95,3010,0,200,0.0,inf
3R3X_n96,0.004,20.0,96,3010,0,200,0.0,inf
3R3X_n96,0.004,20.0,97,3010,2,200,0.01,1379213.8354256991
3R3X_n96,0.004,20.0,98,3010,6,200,0.03,455086.1103915153
3R3X_n96,0.004,20.0,99,3010,7,200,0.035,389072.70170722745
3R3X_n96,0.004,20.0,100,3010,0,200,0.0,inf
