prefix,thld_delta,instance,tau_star_val,succ_trials,total_trials,Ps_hat,TTS_at_tau_star
uf100,0.1,1,748,25,200,0.125,25796.68519450826
uf100,0.1,2,748,1,200,0.005,687209.6872966187
uf100,0.1,3,748,25,200,0.125,25796.68519450826
uf100,0.1,4,748,41,200,0.205,15015.124826041185
uf100,0.1,5,748,7,200,0.035,96686.50527475287
uf100,0.1,6,748,191,200,0.955,1110.7914316857962
uf100,0.1,7,748,96,200,0.48,5267.667651960815
uf100,0.1,8,748,3,200,0.015,227917.8145204017
uf100,0.1,9,748,5,200,0.025,136057.09077407344
uf100,0.1,10,748,15,200,0.075,44184.18664101647
uf100,0.1,100,748,96,200,0.48,5267.667651960815
uf100,0.1,11,748,25,200,0.125,25796.68519450826
uf100,0.1,12,748,28,200,0.14,22839.154621562928
uf100,0.1,13,748,47,200,0.235,12859.02058337553
uf100,0.1,14,748,9,200,0.045,74812.61184930656
uf100,0.1,15,748,23,200,0.115,28196.234854203223
uf100,0.1,16,748,1,200,0.005,687209.6872966187
uf100,0.1,17,748,62,200,0.31,9283.224071425386
uf100,0.1,18,748,64,200,0.32,8931.818547312643
uf100,0.1,19,748,138,200,0.69,2941.1862651032134
uf100,0.1,20,748,57,200,0.285,10268.09909273984
uf100,0.1,21,748,2,200,0.01,342741.5112619346
uf100,0.1,22,748,4,200,0.02,170505.23204540668
uf100,0.1,23,748,14,200,0.07,47466.36919891135
uf100,0.1,24,748,37,200,0.185,16838.808352439723
uf100,0.1,25,748,32,200,0.16,19756.813191468107
uf100,0.1,26,748,17,200,0.085,38777.66784202511
uf100,0.1,27,748,79,200,0.395,6854.6934322793995
uf100,0.1,28,748,55,200,0.275,10711.575592399475
uf100,0.1,29,748,109,200,0.545,4374.414776916023
uf100,0.1,30,748,25,200,0.125,25796.68519450826
uf100,0.1,31,748,42,200,0.21,14613.241128512727
uf100,0.1,32,748,6,200,0.03,113091.16630327357
uf100,0.1,33,748,5,200,0.025,136057.09077407344
uf100,0.1,34,748,26,200,0.13,24735.144070996248
uf100,0.1,35,748,41,200,0.205,15015.124826041185
uf100,0.1,36,748,12,200,0.06,55671.02745403406
uf100,0.1,37,748,85,200,0.425,6224.718444637742
uf100,0.1,38,748,56,200,0.28,10485.919796579929
uf100,0.1,39,748,71,200,0.355,7855.480772541655
uf100,0.1,40,748,6,200,0.03,113091.16630327357
uf100,0.1,41,748,89,200,0.445,5850.445632149822
uf100,0.1,42,748,12,200,0.06,55671.02745403406
uf100,0.1,43,748,102,200,0.51,4828.860784388036
uf100,0.1,44,748,39,200,0.195,15880.4095387962
uf100,0.1,45,748,7,200,0.035,96686.50527475287
uf100,0.1,46,748,3,200,0.015,227917.8145204017
uf100,0.1,47,748,7,200,0.035,96686.50527475287
uf100,0.1,48,748,13,200,0.065,51253.25667908983
uf100,0.1,49,748,6,200,0.03,113091.16630327357
uf100,0.1,50,748,22,200,0.11,29559.37949850818
uf100,0.1,51,748,15,199,0.07537688442211055,43954.42520761487
uf100,0.1,52,748,14,200,0.07,47466.36919891135
uf100,0.1,53,748,11,200,0.055,60891.74290928315
uf100,0.1,54,748,17,200,0.085,38777.66784202511
uf100,0.1,55,748,19,200,0.095,34508.672900971214
uf100,0.1,56,748,5,200,0.025,136057.09077407344
uf100,0.1,57,748,12,200,0.06,55671.02745403406
uf100,0.1,58,748,23,200,0.115,28196.234854203223
uf100,0.1,59,748,3,200,0.015,227917.8145204017
uf100,0.1,60,748,41,200,0.205,15015.124826041185
uf100,0.1,61,748,26,200,0.13,24735.144070996248
uf100,0.1,62,748,9,200,0.045,74812.61184930656
uf100,0.1,63,748,15,200,0.075,44184.18664101647
uf100,0.1,64,748,92,200,0.46,5590.303122267778
uf100,0.1,65,748,11,200,0.055,60891.74290928315
uf100,0.1,66,748,26,200,0.13,24735.144070996248
uf100,0.1,67,748,18,200,0.09,36524.679054714
uf100,0.1,68,748,8,200,0.04,84382.63097139724
uf100,0.1,69,748,31,200,0.155,20453.003666064968
uf100,0.1,70,748,145,200,0.725,2668.2490374195254
uf100,0.1,71,748,135,200,0.675,3064.841229342426
uf100,0.1,72,748,9,200,0.045,74812.61184930656
uf100,0.1,73,748,40,200,0.2,15437.001333140191
uf100,0.1,74,748,79,200,0.395,6854.6934322793995
uf100,0.1,75,748,82,200,0.41,6528.532110278565
uf100,0.1,76,748,7,200,0.035,96686.50527475287
uf100,0.1,77,748,120,200,0.6,3759.360625719162
uf100,0.1,78,748,19,200,0.095,34508.672900971214
uf100,0.1,79,748,83,200,0.415,6424.898814620774
uf100,0.1,80,748,36,200,0.18,17357.777802767905
uf100,0.1,81,748,2,200,0.01,342741.5112619346
uf100,0.1,82,748,1,200,0.005,687209.6872966187
uf100,0.1,83,748,4,200,0.02,170505.23204540668
uf100,0.1,84,748,39,200,0.195,15880.4095387962
uf100,0.1,85,748,1,200,0.005,687209.6872966187
uf100,0.1,86,748,132,200,0.66,3193.0260012118206
uf100,0.1,87,748,28,200,0.14,22839.154621562928
uf100,0.1,88,748,8,200,0.04,84382.63097139724
uf100,0.1,89,748,51,200,0.255,11701.786486986384
uf100,0.1,90,748,79,200,0.395,6854.6934322793995
uf100,0.1,91,748,27,200,0.135,23752.104542669596
uf100,0.1,92,748,6,200,0.03,113091.16630327357
uf100,0.1,93,748,62,200,0.31,9283.224071425386
uf100,0.1,94,748,163,200,0.815,2041.4059582334385
uf100,0.1,95,748,15,200,0.075,44184.18664101647
uf100,0.1,96,748,78,200,0.39,6968.830531597316
uf100,0.1,97,748,23,200,0.115,28196.234854203223
uf100,0.1,98,748,119,200,0.595,3811.0282603822693
uf100,0.1,99,748,13,200,0.065,51253.25667908983
uf100,0.01,1,5961,116,200,0.58,31644.266875014695
uf100,0.01,2,5961,13,200,0.065,408450.0843102332
uf100,0.01,3,5961,118,200,0.59,30789.005590014705
uf100,0.01,4,5961,171,200,0.855,14216.008966712958
uf100,0.01,5,5961,24,200,0.12,214743.7649061168
uf100,0.01,6,5961,200,200,1.0,5961.0
uf100,0.01,7,5961,189,200,0.945,9464.629144093236
uf100,0.01,8,5961,14,200,0.07,378271.42619613704
uf100,0.01,9,5961,86,200,0.43,48835.60860902521
uf100,0.01,10,5961,89,200,0.445,46623.671675461344
uf100,0.01,100,5961,199,200,0.995,5181.1580129183885
uf100,0.01,11,5961,84,199,0.4221105527638191,50059.785362820636
uf100,0.01,12,5961,132,200,0.66,25446.02672890864
uf100,0.01,13,5961,161,200,0.805,16792.367896806772
uf100,0.01,14,5961,41,200,0.205,119659.303593625
uf100,0.01,15,5961,140,200,0.7,22800.69730814571
uf100,0.01,16,5961,16,198,0.08080808080808081,325792.873611015
uf100,0.01,17,5961,170,200,0.85,14470.049178426802
uf100,0.01,18,5961,166,200,0.83,15492.149034931412
uf100,0.01,19,5961,200,200,1.0,5961.0
uf100,0.01,20,5961,182,200,0.91,11400.348654072854
uf100,0.01,21,5961,5,200,0.025,1084273.1525457911
uf100,0.01,22,5961,25,200,0.125,205580.26797388197
uf100,0.01,23,5961,123,200,0.615,28759.63955324342
uf100,0.01,24,5961,152,200,0.76,19235.58606148931
uf100,0.01,25,5961,174,200,0.87,13455.121668618782
uf100,0.01,26,5961,110,200,0.55,34378.40312460603
uf100,0.01,27,5961,184,200,0.92,10868.712892232877
uf100,0.01,28,5961,163,200,0.815,16268.47716180418
uf100,0.01,29,5961,196,200,0.98,7017.192751828062
uf100,0.01,30,5961,71,200,0.355,62602.30064855722
uf100,0.01,31,5961,121,200,0.605,29553.579983550542
uf100,0.01,32,5961,51,200,0.255,93254.47760551581
uf100,0.01,33,5961,48,200,0.24,100028.18465749087
uf100,0.01,34,5961,104,200,0.52,37401.32475682702
uf100,0.01,35,5961,143,200,0.715,21869.004115390177
uf100,0.01,36,5961,38,200,0.19,130273.75249295248
uf100,0.01,37,5961,180,200,0.9,11921.999999999996
uf100,0.01,38,5961,179,200,0.895,12180.087517097803
uf100,0.01,39,5961,174,200,0.87,13455.121668618782
uf100,0.01,40,5961,22,200,0.11,235566.1245863733
uf100,0.01,41,5961,193,199,0.9698492462311558,7839.801199657185
uf100,0.01,42,5961,87,200,0.435,48081.973656362694
uf100,0.01,43,5961,189,200,0.945,9464.629144093236
uf100,0.01,44,5961,131,200,0.655,25795.09424321654
uf100,0.01,45,5961,35,200,0.175,142699.74215507112
uf100,0.01,46,5961,34,200,0.17,147327.22386385055
uf100,0.01,47,5961,21,200,0.105,247462.66349854995
uf100,0.01,48,5961,71,200,0.355,62602.30064855722
uf100,0.01,49,5961,50,200,0.25,95422.76737900033
uf100,0.01,50,5961,85,200,0.425,49606.34578674543
uf100,0.01,51,5961,80,200,0.4,53739.31573027454
uf100,0.01,52,5961,70,200,0.35,63724.48500901881
uf100,0.01,53,5961,56,200,0.28,83564.93035750394
uf100,0.01,54,5961,80,200,0.4,53739.31573027454
uf100,0.01,55,5961,87,200,0.435,48081.973656362694
uf100,0.01,56,5961,51,200,0.255,93254.47760551581
uf100,0.01,57,5961,89,200,0.445,46623.671675461344
uf100,0.01,58,5961,82,200,0.41,52027.51324782155
uf100,0.01,59,5961,19,200,0.095,275008.28765065427
uf100,0.01,60,5961,153,200,0.765,18955.940211710113
uf100,0.01,61,5961,115,200,0.575,32081.92910295727
uf100,0.01,62,5961,75,200,0.375,58406.82448075816
uf100,0.01,63,5961,69,200,0.345,64878.56084891163
uf100,0.01,64,5961,195,200,0.975,7441.66889163604
uf100,0.01,65,5961,69,200,0.345,64878.56084891163
uf100,0.01,66,5961,125,200,0.625,27987.96976577004
uf100,0.01,67,5961,69,200,0.345,64878.56084891163
uf100,0.01,68,5961,74,200,0.37,59414.09670730708
uf100,0.01,69,5961,73,200,0.365,60448.335383555976
uf100,0.01,70,5961,200,200,1.0,5961.0
uf100,0.01,71,5961,200,200,1.0,5961.0
uf100,0.01,72,5961,51,200,0.255,93254.47760551581
uf100,0.01,73,5961,113,200,0.565,32978.27306477589
uf100,0.01,74,5961,193,200,0.965,8188.5694958042795
uf100,0.01,75,5961,193,200,0.965,8188.5694958042795
uf100,0.01,76,5961,50,200,0.25,95422.76737900033
uf100,0.01,77,5961,193,200,0.965,8188.5694958042795
uf100,0.01,78,5961,133,200,0.665,25101.31519064128
uf100,0.01,79,5961,195,200,0.975,7441.66889163604
uf100,0.01,80,5961,162,200,0.81,16529.718575718354
uf100,0.01,81,5961,19,200,0.095,275008.28765065427
uf100,0.01,82,5961,11,200,0.055,485261.6035858781
uf100,0.01,83,5961,44,200,0.22,110485.66890312743
uf100,0.01,84,5961,175,200,0.875,13201.342249082378
uf100,0.01,85,5961,11,200,0.055,485261.6035858781
uf100,0.01,86,5961,199,200,0.995,5181.1580129183885
uf100,0.01,87,5961,117,200,0.585,31213.354082996797
uf100,0.01,88,5961,39,200,0.195,126554.97494754565
uf100,0.01,89,5961,172,200,0.86,13962.280644112432
uf100,0.01,90,5961,188,200,0.94,9757.345173650458
uf100,0.01,91,5961,113,200,0.565,32978.27306477589
uf100,0.01,92,5961,12,200,0.06,443656.4099645682
uf100,0.01,93,5961,173,200,0.865,13708.707511120074
uf100,0.01,94,5961,200,200,1.0,5961.0
uf100,0.01,95,5961,102,200,0.51,38482.405261680586
uf100,0.01,96,5961,193,200,0.965,8188.5694958042795
uf100,0.01,97,5961,92,200,0.46,44550.53063079976
uf100,0.01,98,5961,200,200,1.0,5961.0
uf100,0.01,99,5961,98,200,0.49,40768.755528823014
uf100,0.2,1,465,21,200,0.105,19303.83132474849
uf100,0.2,2,465,0,200,0.0,inf
uf100,0.2,3,465,14,200,0.07,29507.83646723767
uf100,0.2,4,465,36,200,0.18,10790.597163485396
uf100,0.2,5,465,5,200,0.025,84580.94546783979
uf100,0.2,6,465,180,200,0.9,929.9999999999999
uf100,0.2,7,465,78,200,0.39,4332.227536353947
uf100,0.2,8,465,5,200,0.025,84580.94546783979
uf100,0.2,9,465,4,200,0.02,105995.89960041993
uf100,0.2,10,465,10,200,0.05,41748.227756730004
uf100,0.2,100,465,80,200,0.4,4192.0452633077775
uf100,0.2,11,465,16,200,0.08,25681.971884828374
uf100,0.2,12,465,32,200,0.16,12281.97611501694
uf100,0.2,13,465,31,200,0.155,12714.768321818463
uf100,0.2,14,465,4,200,0.02,105995.89960041993
uf100,0.2,15,465,16,200,0.08,25681.971884828374
uf100,0.2,16,465,2,200,0.01,213067.91809732563
uf100,0.2,17,465,27,200,0.135,14765.679963023213
uf100,0.2,18,465,37,200,0.185,10467.975780594212
uf100,0.2,19,465,104,200,0.52,2917.566853199894
uf100,0.2,20,465,50,200,0.25,7443.648185075517
uf100,0.2,21,465,1,200,0.005,427209.23073920823
uf100,0.2,22,465,3,200,0.015,141686.87667377913
uf100,0.2,23,465,13,200,0.065,31861.984432856647
uf100,0.2,24,465,28,200,0.14,14198.137565543799
uf100,0.2,25,465,24,200,0.12,16751.526703798747
uf100,0.2,26,465,9,200,0.045,46507.84025391384
uf100,0.2,27,465,45,200,0.225,8401.21321696943
uf100,0.2,28,465,36,200,0.18,10790.597163485396
uf100,0.2,29,465,91,200,0.455,3528.026024055271
uf100,0.2,30,465,18,200,0.09,22705.849947114984
uf100,0.2,31,465,24,200,0.12,16751.526703798747
uf100,0.2,32,465,7,200,0.035,60105.915712246104
uf100,0.2,33,465,2,200,0.01,213067.91809732563
uf100,0.2,34,465,23,200,0.115,17528.408031022056
uf100,0.2,35,465,29,200,0.145,13669.658821985731
uf100,0.2,36,465,10,200,0.05,41748.227756730004
uf100,0.2,37,465,56,200,0.28,6518.653349478164
uf100,0.2,38,465,43,200,0.215,8846.161547731876
uf100,0.2,39,465,65,200,0.325,5448.275075695595
uf100,0.2,40,465,2,200,0.01,213067.91809732563
uf100,0.2,41,465,53,200,0.265,6955.212719800658
uf100,0.2,42,465,16,200,0.08,25681.971884828374
uf100,0.2,43,465,60,200,0.3,6003.79749930598
uf100,0.2,44,465,22,200,0.11,18375.817468992384
uf100,0.2,45,465,6,200,0.03,70304.00044254307
uf100,0.2,46,465,3,200,0.015,141686.87667377913
uf100,0.2,47,465,2,200,0.01,213067.91809732563
uf100,0.2,48,465,5,200,0.025,84580.94546783979
uf100,0.2,49,465,6,200,0.03,70304.00044254307
uf100,0.2,50,465,14,200,0.07,29507.83646723767
uf100,0.2,51,465,8,200,0.04,52457.11684719214
uf100,0.2,52,465,8,200,0.04,52457.11684719214
uf100,0.2,53,465,4,200,0.02,105995.89960041993
uf100,0.2,54,465,6,200,0.03,70304.00044254307
uf100,0.2,55,465,12,200,0.06,34608.32589054257
uf100,0.2,56,465,6,200,0.03,70304.00044254307
uf100,0.2,57,465,12,200,0.06,34608.32589054257
uf100,0.2,58,465,6,200,0.03,70304.00044254307
uf100,0.2,59,465,0,200,0.0,inf
uf100,0.2,60,465,25,200,0.125,16036.709378938958
uf100,0.2,61,465,14,200,0.07,29507.83646723767
uf100,0.2,62,465,8,200,0.04,52457.11684719214
uf100,0.2,63,465,9,200,0.045,46507.84025391384
uf100,0.2,64,465,62,200,0.31,5770.988226220327
uf100,0.2,65,465,4,200,0.02,105995.89960041993
uf100,0.2,66,465,14,200,0.07,29507.83646723767
uf100,0.2,67,465,7,200,0.035,60105.915712246104
uf100,0.2,68,465,9,199,0.04522613065326633,46269.864205922386
uf100,0.2,69,465,17,200,0.085,24106.437896446096
uf100,0.2,70,465,128,200,0.64,2096.0226316538888
uf100,0.2,71,465,95,200,0.475,3323.3193431801824
uf100,0.2,72,465,11,200,0.055,37853.82413478164
uf100,0.2,73,465,19,200,0.095,21452.584089507505
uf100,0.2,74,465,56,200,0.28,6518.653349478164
uf100,0.2,75,465,49,200,0.245,7619.637628177452
uf100,0.2,76,465,5,200,0.025,84580.94546783979
uf100,0.2,77,465,80,200,0.4,4192.0452633077775
uf100,0.2,78,465,10,200,0.05,41748.227756730004
uf100,0.2,79,465,62,200,0.31,5770.988226220327
uf100,0.2,80,465,26,200,0.13,15376.794108306492
uf100,0.2,81,465,2,200,0.01,213067.91809732563
uf100,0.2,82,465,1,200,0.005,427209.23073920823
uf100,0.2,83,465,8,200,0.04,52457.11684719214
uf100,0.2,84,465,19,200,0.095,21452.584089507505
uf100,0.2,85,465,0,200,0.0,inf
uf100,0.2,86,465,107,200,0.535,2796.596776552478
uf100,0.2,87,465,20,200,0.1,20324.541153908038
uf100,0.2,88,465,2,200,0.01,213067.91809732563
uf100,0.2,89,465,45,200,0.225,8401.21321696943
uf100,0.2,90,465,33,200,0.165,11875.343444736278
uf100,0.2,91,465,10,200,0.05,41748.227756730004
uf100,0.2,92,465,2,200,0.01,213067.91809732563
uf100,0.2,93,465,51,200,0.255,7274.5063054126595
uf100,0.2,94,465,145,200,0.725,1658.7377037434217
uf100,0.2,95,465,15,200,0.075,27467.442230043664
uf100,0.2,96,465,74,200,0.37,4634.718162874987
uf100,0.2,97,465,16,200,0.08,25681.971884828374
uf100,0.2,98,465,87,200,0.435,3750.732721054967
uf100,0.2,99,465,9,200,0.045,46507.84025391384
uf100,0.02,1,2885,68,200,0.34,31974.541932552947
uf100,0.02,2,2885,10,200,0.05,259018.57436164745
uf100,0.02,3,2885,86,200,0.43,23635.418694352917
uf100,0.02,4,2885,116,200,0.58,15315.166907300354
uf100,0.02,5,2885,18,200,0.09,140873.92924177792
uf100,0.02,6,2885,200,200,1.0,2885.0
uf100,0.02,7,2885,158,200,0.79,8513.077984028525
uf100,0.02,8,2885,6,200,0.03,436187.1855413693
uf100,0.02,9,2885,43,200,0.215,54884.24960259454
uf100,0.02,10,2885,50,200,0.25,46182.634438586814
uf100,0.02,100,2885,180,200,0.9,5769.999999999999
uf100,0.02,11,2885,54,200,0.27,42216.27702397928
uf100,0.02,12,2885,90,200,0.45,22223.308309427583
uf100,0.02,13,2885,126,200,0.63,13362.72125573571
uf100,0.02,14,2885,32,200,0.16,76201.07761682553
uf100,0.02,15,2885,95,200,0.475,20618.873774354463
uf100,0.02,16,2885,6,200,0.03,436187.1855413693
uf100,0.02,17,2885,122,200,0.61,14109.808295252884
uf100,0.02,18,2885,128,200,0.64,13004.355467357998
uf100,0.02,19,2885,189,200,0.945,4580.683623672034
uf100,0.02,20,2885,164,200,0.82,7747.800423026406
uf100,0.02,21,2885,5,200,0.025,524765.6509133716
uf100,0.02,22,2885,7,200,0.035,372915.19748350536
uf100,0.02,23,2885,72,200,0.36,29769.88559231915
uf100,0.02,24,2885,94,200,0.47,20926.71392832331
uf100,0.02,25,2885,129,200,0.645,12828.732178190829
uf100,0.02,26,2885,65,200,0.325,33802.73891049847
uf100,0.02,27,2885,156,200,0.78,8774.633539998851
uf100,0.02,28,2885,125,200,0.625,13545.595164275555
uf100,0.02,29,2885,185,200,0.925,5129.168204658503
uf100,0.02,30,2885,39,200,0.195,61249.97529335166
uf100,0.02,31,2885,80,200,0.4,26008.710934715997
uf100,0.02,32,2885,35,200,0.175,69063.70678030199
uf100,0.02,33,2885,27,200,0.135,91610.72407166014
uf100,0.02,34,2885,61,200,0.305,36515.475521406755
uf100,0.02,35,2885,102,200,0.51,18624.683640320167
uf100,0.02,36,2885,22,200,0.11,114009.10408181295
uf100,0.02,37,2885,149,200,0.745,9722.646436652094
uf100,0.02,38,2885,139,200,0.695,11188.672101035225
uf100,0.02,39,2885,130,200,0.65,12655.39721114191
uf100,0.02,40,2885,10,200,0.05,259018.57436164745
uf100,0.02,41,2885,177,200,0.885,6142.85822804047
uf100,0.02,42,2885,56,200,0.28,40443.687985472054
uf100,0.02,43,2885,167,200,0.835,7373.650620118739
uf100,0.02,44,2885,99,200,0.495,19446.688011336493
uf100,0.02,45,2885,14,200,0.07,183075.5015225391
uf100,0.02,46,2885,16,200,0.08,159338.6857800642
uf100,0.02,47,2885,9,200,0.045,288548.643295788
uf100,0.02,48,2885,44,200,0.22,53472.76543961125
uf100,0.02,49,2885,28,200,0.14,88089.52016471798
uf100,0.02,50,2885,46,200,0.23,50832.85052052129
uf100,0.02,51,2885,39,200,0.195,61249.97529335166
uf100,0.02,52,2885,49,200,0.245,47274.52592966011
uf100,0.02,53,2885,31,200,0.155,78886.25077085219
uf100,0.02,54,2885,46,200,0.23,50832.85052052129
uf100,0.02,55,2885,57,200,0.285,39603.56401411021
uf100,0.02,56,2885,20,200,0.1,126099.57253553697
uf100,0.02,57,2885,56,200,0.28,40443.687985472054
uf100,0.02,58,2885,47,200,0.235,49596.623506735836
uf100,0.02,59,2885,3,200,0.015,879068.0412986082
uf100,0.02,60,2885,106,200,0.53,17596.713347693953
uf100,0.02,61,2885,69,200,0.345,31399.873854908583
uf100,0.02,62,2885,35,198,0.17676767676767677,68302.1412298411
uf100,0.02,63,2885,52,200,0.26,44123.85012733695
uf100,0.02,64,2885,154,200,0.77,9040.030766811005
uf100,0.02,65,2885,37,200,0.185,64946.473391428604
uf100,0.02,66,2885,79,200,0.395,26438.222663270146
uf100,0.02,67,2885,30,200,0.15,81749.96000547457
uf100,0.02,68,2885,36,200,0.18,66948.11358420509
uf100,0.02,69,2885,69,200,0.345,31399.873854908583
uf100,0.02,70,2885,197,200,0.985,3163.5354721819112
uf100,0.02,71,2885,198,200,0.99,2885.0
uf100,0.02,72,2885,27,200,0.135,91610.72407166014
uf100,0.02,73,2885,72,200,0.36,29769.88559231915
uf100,0.02,74,2885,176,200,0.88,6266.162559389429
uf100,0.02,75,2885,163,200,0.815,7873.604531421752
uf100,0.02,76,2885,18,200,0.09,140873.92924177792
uf100,0.02,77,2885,181,200,0.905,5644.266100490692
uf100,0.02,78,2885,70,200,0.35,30841.325155346298
uf100,0.02,79,2885,160,200,0.8,8255.003740083477
uf100,0.02,80,2885,116,200,0.58,15315.166907300354
uf100,0.02,81,2885,14,200,0.07,183075.5015225391
uf100,0.02,82,2885,6,200,0.03,436187.1855413693
uf100,0.02,83,2885,23,200,0.115,108751.52079462072
uf100,0.02,84,2885,108,200,0.54,17109.36692398423
uf100,0.02,85,2885,6,200,0.03,436187.1855413693
uf100,0.02,86,2885,195,200,0.975,3601.6129428568993
uf100,0.02,87,2885,87,200,0.435,23270.675054287265
uf100,0.02,88,2885,26,200,0.13,95402.26022035317
uf100,0.02,89,2885,117,200,0.585,15106.614079759398
uf100,0.02,90,2885,145,200,0.725,10291.30811892424
uf100,0.02,91,2885,75,200,0.375,28267.688076998373
uf100,0.02,92,2885,13,200,0.065,197681.3442769708
uf100,0.02,93,2885,140,200,0.7,11035.063199798755
uf100,0.02,94,2885,198,200,0.99,2885.0
uf100,0.02,95,2885,53,200,0.265,43152.23375618258
uf100,0.02,96,2885,163,200,0.815,7873.604531421752
uf100,0.02,97,2885,55,200,0.275,41314.03152950867
uf100,0.02,98,2885,189,200,0.945,4580.683623672034
uf100,0.02,99,2885,44,200,0.22,53472.76543961125
uf100,0.3,1,272,15,200,0.075,16066.976960369624
uf100,0.3,2,272,2,200,0.01,124633.27682252164
uf100,0.3,3,272,12,200,0.06,20244.009983285112
uf100,0.3,4,272,16,200,0.08,15022.572801447994
uf100,0.3,5,272,2,200,0.01,124633.27682252164
uf100,0.3,6,272,161,200,0.805,766.2345358046372
uf100,0.3,7,272,46,200,0.23,4792.559910426964
uf100,0.3,8,272,1,200,0.005,249894.43174422497
uf100,0.3,9,272,4,200,0.02,62001.90256196606
uf100,0.3,10,272,3,200,0.015,82879.20528014607
uf100,0.3,100,272,52,200,0.26,4160.030237308717
uf100,0.3,11,272,8,200,0.04,30684.593080508086
uf100,0.3,12,272,12,200,0.06,20244.009983285112
uf100,0.3,13,272,12,200,0.06,20244.009983285112
uf100,0.3,14,272,5,200,0.025,49475.305736026705
uf100,0.3,15,272,5,200,0.025,49475.305736026705
uf100,0.3,16,272,1,200,0.005,249894.43174422497
uf100,0.3,17,272,13,200,0.065,18637.54788330539
uf100,0.3,18,272,22,200,0.11,10748.865272184792
uf100,0.3,19,272,63,200,0.315,3310.82643851398
uf100,0.3,20,272,21,200,0.105,11291.70348458406
uf100,0.3,21,272,1,200,0.005,249894.43174422497
uf100,0.3,22,272,0,200,0.0,inf
uf100,0.3,23,272,5,200,0.025,49475.305736026705
uf100,0.3,24,272,15,200,0.075,16066.976960369624
uf100,0.3,25,272,15,200,0.075,16066.976960369624
uf100,0.3,26,272,3,200,0.015,82879.20528014607
uf100,0.3,27,272,29,200,0.145,7996.015482967996
uf100,0.3,28,272,18,200,0.09,13281.701474441452
uf100,0.3,29,272,61,200,0.305,3442.706877581503
uf100,0.3,30,272,9,200,0.045,27204.586127020564
uf100,0.3,31,272,11,200,0.055,22142.451967012054
uf100,0.3,32,272,6,200,0.03,41124.060473917656
uf100,0.3,33,272,9,200,0.045,27204.586127020564
uf100,0.3,34,272,16,200,0.08,15022.572801447994
uf100,0.3,35,272,17,200,0.085,14100.970124372767
uf100,0.3,36,272,0,200,0.0,inf
uf100,0.3,37,272,32,200,0.16,7184.295705988402
uf100,0.3,38,272,20,200,0.1,11888.763857769862
uf100,0.3,39,272,26,200,0.13,8994.597843998636
uf100,0.3,40,272,0,200,0.0,inf
uf100,0.3,41,272,35,200,0.175,6511.378940811834
uf100,0.3,42,272,6,200,0.03,41124.060473917656
uf100,0.3,43,272,29,200,0.145,7996.015482967996
uf100,0.3,44,272,14,200,0.07,17260.497890513216
uf100,0.3,45,272,4,200,0.02,62001.90256196606
uf100,0.3,46,272,1,200,0.005,249894.43174422497
uf100,0.3,47,272,2,200,0.01,124633.27682252164
uf100,0.3,48,272,2,200,0.01,124633.27682252164
uf100,0.3,49,272,3,200,0.015,82879.20528014607
uf100,0.3,50,272,5,200,0.025,49475.305736026705
uf100,0.3,51,272,5,200,0.025,49475.305736026705
uf100,0.3,52,272,3,200,0.015,82879.20528014607
uf100,0.3,53,272,1,200,0.005,249894.43174422497
uf100,0.3,54,272,4,200,0.02,62001.90256196606
uf100,0.3,55,272,6,200,0.03,41124.060473917656
uf100,0.3,56,272,2,200,0.01,124633.27682252164
uf100,0.3,57,272,3,200,0.015,82879.20528014607
uf100,0.3,58,272,3,200,0.015,82879.20528014607
uf100,0.3,59,272,1,200,0.005,249894.43174422497
uf100,0.3,60,272,9,200,0.045,27204.586127020564
uf100,0.3,61,272,13,200,0.065,18637.54788330539
uf100,0.3,62,272,3,200,0.015,82879.20528014607
uf100,0.3,63,272,3,200,0.015,82879.20528014607
uf100,0.3,64,272,48,200,0.24,4564.2788503334195
uf100,0.3,65,272,4,200,0.02,62001.90256196606
uf100,0.3,66,272,10,200,0.05,24420.46870931303
uf100,0.3,67,272,2,200,0.01,124633.27682252164
uf100,0.3,68,272,1,200,0.005,249894.43174422497
uf100,0.3,69,272,18,200,0.09,13281.701474441452
uf100,0.3,70,272,71,200,0.355,2856.5384627424196
uf100,0.3,71,272,58,200,0.29,3657.3481288879893
uf100,0.3,72,272,2,200,0.01,124633.27682252164
uf100,0.3,73,272,16,200,0.08,15022.572801447994
uf100,0.3,74,272,31,200,0.155,7437.455878569079
uf100,0.3,75,272,24,200,0.12,9798.742502007008
uf100,0.3,76,272,2,200,0.01,124633.27682252164
uf100,0.3,77,272,54,200,0.27,3980.182790475689
uf100,0.3,78,272,5,200,0.025,49475.305736026705
uf100,0.3,79,272,28,200,0.14,8305.147135113792
uf100,0.3,80,272,14,200,0.07,17260.497890513216
uf100,0.3,81,272,1,200,0.005,249894.43174422497
uf100,0.3,82,272,1,200,0.005,249894.43174422497
uf100,0.3,83,272,2,200,0.01,124633.27682252164
uf100,0.3,84,272,14,200,0.07,17260.497890513216
uf100,0.3,85,272,1,200,0.005,249894.43174422497
uf100,0.3,86,272,68,200,0.34,3014.5841960673833
uf100,0.3,87,272,9,200,0.045,27204.586127020564
uf100,0.3,88,272,2,200,0.01,124633.27682252164
uf100,0.3,89,272,29,200,0.145,7996.015482967996
uf100,0.3,90,272,22,200,0.11,10748.865272184792
uf100,0.3,91,272,4,199,0.020100502512562814,61688.740284050895
uf100,0.3,92,272,2,200,0.01,124633.27682252164
uf100,0.3,93,272,25,200,0.125,9380.612798003001
uf100,0.3,94,272,80,200,0.4,2452.1211002574523
uf100,0.3,95,272,4,200,0.02,62001.90256196606
uf100,0.3,96,272,39,200,0.195,5774.694377744073
uf100,0.3,97,272,9,200,0.045,27204.586127020564
uf100,0.3,98,272,55,200,0.275,3895.118397236172
uf100,0.3,99,272,3,200,0.015,82879.20528014607
uf100,0.03,1,2652,74,200,0.37,26432.844232138632
uf100,0.03,2,2652,5,200,0.025,482384.2309262604
uf100,0.03,3,2652,78,200,0.39,24707.67188475412
uf100,0.03,4,2652,123,200,0.615,12794.927712665922
uf100,0.03,5,2652,16,200,0.08,146470.08481411796
uf100,0.03,6,2652,200,200,1.0,2652.0
uf100,0.03,7,2652,153,200,0.765,8433.342298516227
uf100,0.03,8,2652,7,200,0.035,342797.6096104875
uf100,0.03,9,2652,32,200,0.16,70046.88313338693
uf100,0.03,10,2652,49,200,0.245,43456.513956831404
uf100,0.03,100,2652,179,200,0.895,5418.821019181912
uf100,0.03,11,2652,53,200,0.265,39667.14867292762
uf100,0.03,12,2652,69,200,0.345,28863.939501981822
uf100,0.03,13,2652,104,200,0.52,16639.54256921746
uf100,0.03,14,2652,20,200,0.1,115915.44761325615
uf100,0.03,15,2652,96,200,0.48,18676.276220588345
uf100,0.03,16,2652,7,200,0.035,342797.6096104875
uf100,0.03,17,2652,133,200,0.665,11167.369214155457
uf100,0.03,18,2652,135,199,0.678391959798995,10765.759230378542
uf100,0.03,19,2652,185,200,0.925,4714.923424178284
uf100,0.03,20,2652,137,200,0.685,10572.277411982068
uf100,0.03,21,2652,4,200,0.02,604518.5499791692
uf100,0.03,22,2652,14,200,0.07,168289.85443250387
uf100,0.03,23,2652,51,200,0.255,41488.15209022445
uf100,0.03,24,2652,94,200,0.47,19236.618834632034
uf100,0.03,25,2652,113,200,0.565,14671.763155139348
uf100,0.03,26,2652,61,200,0.305,33566.39205641966
uf100,0.03,27,2652,155,200,0.775,8187.491304706376
uf100,0.03,28,2652,118,200,0.59,13697.776014883242
uf100,0.03,29,2652,175,200,0.875,5873.168871760857
uf100,0.03,30,2652,36,200,0.18,61541.212209813486
uf100,0.03,31,2652,91,200,0.455,20121.129066224898
uf100,0.03,32,2652,28,200,0.14,80975.18456735947
uf100,0.03,33,2652,35,200,0.175,63485.944672915386
uf100,0.03,34,2652,52,200,0.26,40560.294813759996
uf100,0.03,35,2652,92,200,0.46,19820.16561531303
uf100,0.03,36,2652,27,200,0.135,84212.00701491948
uf100,0.03,37,2652,140,200,0.7,10143.843190941525
uf100,0.03,38,2652,129,200,0.645,11792.650861893268
uf100,0.03,39,2652,127,200,0.635,12117.691418061366
uf100,0.03,40,2652,18,200,0.09,129496.58937580418
uf100,0.03,41,2652,169,200,0.845,6550.830738975318
uf100,0.03,42,2652,56,200,0.28,37177.35200605611
uf100,0.03,43,2652,165,200,0.825,7006.9572067591
uf100,0.03,44,2652,99,200,0.495,17876.123606954723
uf100,0.03,45,2652,21,200,0.105,110094.10897469461
uf100,0.03,46,2652,17,200,0.085,137484.45871263448
uf100,0.03,47,2652,8,200,0.04,299174.78253495385
uf100,0.03,48,2652,36,199,0.18090452261306533,61200.84362603097
uf100,0.03,49,2652,27,200,0.135,84212.00701491948
uf100,0.03,50,2652,51,200,0.255,41488.15209022445
uf100,0.03,51,2652,40,200,0.2,54731.18654476977
uf100,0.03,52,2652,37,200,0.185,59701.22961319538
uf100,0.03,53,2652,26,200,0.13,87697.3289789867
uf100,0.03,54,2652,45,200,0.225,47914.01602452243
uf100,0.03,55,2652,67,200,0.335,29935.936638951865
uf100,0.03,56,2652,27,200,0.135,84212.00701491948
uf100,0.03,57,2652,48,200,0.24,44501.71879075085
uf100,0.03,58,2652,55,200,0.275,37977.40437305268
uf100,0.03,59,2652,7,200,0.035,342797.6096104875
uf100,0.03,60,2652,118,200,0.59,13697.776014883242
uf100,0.03,61,2652,53,200,0.265,39667.14867292762
uf100,0.03,62,2652,43,200,0.215,50451.65682706437
uf100,0.03,63,2652,62,200,0.31,32913.248980508186
uf100,0.03,64,2652,160,200,0.8,7588.3084640212755
uf100,0.03,65,2652,43,200,0.215,50451.65682706437
uf100,0.03,66,2652,77,200,0.385,25122.571503025152
uf100,0.03,67,2652,36,200,0.18,61541.212209813486
uf100,0.03,68,2652,39,200,0.195,56303.270183004715
uf100,0.03,69,2652,47,200,0.235,45591.07297742234
uf100,0.03,70,2652,198,200,0.99,2652.0
uf100,0.03,71,2652,193,200,0.965,3643.0273952143853
uf100,0.03,72,2652,23,200,0.115,99968.4690285387
uf100,0.03,73,2652,80,199,0.4020100502512563,23752.14847829866
uf100,0.03,74,2652,163,200,0.815,7237.712033736737
uf100,0.03,75,2652,154,200,0.77,8309.934694482768
uf100,0.03,76,2652,9,200,0.045,265244.71473845054
uf100,0.03,77,2652,176,200,0.88,5760.091198440473
uf100,0.03,78,2652,71,200,0.355,27851.250011738597
uf100,0.03,79,2652,156,200,0.78,8065.971628449551
uf100,0.03,80,2652,114,200,0.57,14470.787250759204
uf100,0.03,81,2652,8,200,0.04,299174.78253495385
uf100,0.03,82,2652,7,200,0.035,342797.6096104875
uf100,0.03,83,2652,22,200,0.11,104801.43640380172
uf100,0.03,84,2652,120,200,0.6,13328.642218458846
uf100,0.03,85,2652,7,200,0.035,342797.6096104875
uf100,0.03,86,2652,189,200,0.945,4210.735864810479
uf100,0.03,87,2652,85,200,0.425,22069.456303715633
uf100,0.03,88,2652,18,200,0.09,129496.58937580418
uf100,0.03,89,2652,127,200,0.635,12117.691418061366
uf100,0.03,90,2652,147,200,0.735,9196.293117491918
uf100,0.03,91,2652,59,200,0.295,34938.20663502423
uf100,0.03,92,2652,11,200,0.055,215888.90667836752
uf100,0.03,93,2652,106,199,0.5326633165829145,16054.720305449491
uf100,0.03,94,2652,199,200,0.995,2305.054697242001
uf100,0.03,95,2652,64,200,0.32,31667.356667744825
uf100,0.03,96,2652,162,200,0.81,7353.936195739822
uf100,0.03,97,2652,66,200,0.33,30495.868812363286
uf100,0.03,98,2652,189,200,0.945,4210.735864810479
uf100,0.03,99,2652,45,200,0.225,47914.01602452243
uf100,0.04,1,1826,42,200,0.21,35673.50040195754
uf100,0.04,2,1826,5,200,0.025,332139.36865435576
uf100,0.04,3,1826,64,200,0.32,21804.14527726322
uf100,0.04,4,1826,98,200,0.49,12488.466296868115
uf100,0.04,5,1826,16,200,0.08,100850.06593913249
uf100,0.04,6,1826,200,200,1.0,1826.0
uf100,0.04,7,1826,144,200,0.72,6605.866064883823
uf100,0.04,8,1826,4,200,0.02,416233.3605814339
uf100,0.04,9,1826,25,200,0.125,62974.260916005456
uf100,0.04,10,1826,37,200,0.185,41106.50274272049
uf100,0.04,100,1826,171,200,0.855,4354.711017147771
uf100,0.04,11,1826,45,200,0.225,32990.570611153074
uf100,0.04,12,1826,69,200,0.345,19873.888963280093
uf100,0.04,13,1826,86,200,0.43,14959.540567032383
uf100,0.04,14,1826,22,200,0.11,72159.66171694643
uf100,0.04,15,1826,75,200,0.375,17891.437930190303
uf100,0.04,16,1826,7,200,0.035,236028.821700132
uf100,0.04,17,1826,95,200,0.475,13050.28197988605
uf100,0.04,18,1826,92,200,0.46,13646.916445536046
uf100,0.04,19,1826,182,200,0.91,3492.2054424319795
uf100,0.04,20,1826,115,200,0.575,9827.479037409827
uf100,0.04,21,1826,2,200,0.01,836692.5127864872
uf100,0.04,22,1826,9,200,0.045,182630.78774977775
uf100,0.04,23,1826,47,200,0.235,31391.138482946146
uf100,0.04,24,1826,72,200,0.36,18842.222215450525
uf100,0.04,25,1826,94,200,0.47,13245.122923091285
uf100,0.04,26,1826,50,200,0.25,29230.325991285794
uf100,0.04,27,1826,136,200,0.68,7380.0138223716385
uf100,0.04,28,1826,102,200,0.51,11788.101326594322
uf100,0.04,29,1826,160,200,0.8,5224.830790084031
uf100,0.04,30,1826,35,200,0.175,43712.41891883239
uf100,0.04,31,1826,73,200,0.365,18516.80261875075
uf100,0.04,32,1826,24,200,0.12,65781.2640024441
uf100,0.04,33,1826,25,200,0.125,62974.260916005456
uf100,0.04,34,1826,43,200,0.215,34737.83007776001
uf100,0.04,35,1826,75,200,0.375,17891.437930190303
uf100,0.04,36,1826,25,200,0.125,62974.260916005456
uf100,0.04,37,1826,116,200,0.58,9693.412399559946
uf100,0.04,38,1826,116,200,0.58,9693.412399559946
uf100,0.04,39,1826,123,200,0.615,8809.780544241317
uf100,0.04,40,1826,4,200,0.02,416233.3605814339
uf100,0.04,41,1826,145,200,0.725,6513.666767818253
uf100,0.04,42,1826,50,200,0.25,29230.325991285794
uf100,0.04,43,1826,143,200,0.715,6699.010487284427
uf100,0.04,44,1826,70,200,0.35,19520.367325359563
uf100,0.04,45,1826,12,200,0.06,135902.8023142596
uf100,0.04,46,1826,12,200,0.06,135902.8023142596
uf100,0.04,47,1826,7,200,0.035,236028.821700132
uf100,0.04,48,1826,33,200,0.165,46633.06909696439
uf100,0.04,49,1826,28,200,0.14,55754.406870285966
uf100,0.04,50,1826,39,200,0.195,38766.882109414255
uf100,0.04,51,1826,30,200,0.15,51741.9157608307
uf100,0.04,52,1826,30,200,0.15,51741.9157608307
uf100,0.04,53,1826,18,200,0.09,89163.18710415476
uf100,0.04,54,1826,27,200,0.135,57983.07873651695
uf100,0.04,55,1826,52,200,0.26,27927.261813697492
uf100,0.04,56,1826,19,200,0.095,84241.76031707678
uf100,0.04,57,1826,34,200,0.17,45129.92967210051
uf100,0.04,58,1826,33,200,0.165,46633.06909696439
uf100,0.04,59,1826,2,200,0.01,836692.5127864872
uf100,0.04,60,1826,80,200,0.4,16461.66591569893
uf100,0.04,61,1826,39,200,0.195,38766.882109414255
uf100,0.04,62,1826,29,200,0.145,53679.13335257192
uf100,0.04,63,1826,43,200,0.215,34737.83007776001
uf100,0.04,64,1826,131,200,0.655,7901.667855747929
uf100,0.04,65,1826,38,200,0.19,39906.034566705464
uf100,0.04,66,1826,60,200,0.3,23576.20265318864
uf100,0.04,67,1826,27,200,0.135,57983.07873651695
uf100,0.04,68,1826,33,200,0.165,46633.06909696439
uf100,0.04,69,1826,46,200,0.23,32173.582339851608
uf100,0.04,70,1826,189,200,0.945,2899.2472432669438
uf100,0.04,71,1826,188,200,0.94,2988.9133177463073
uf100,0.04,72,1826,26,200,0.13,60382.85170272613
uf100,0.04,73,1826,52,200,0.26,27927.261813697492
uf100,0.04,74,1826,156,200,0.78,5553.719529995807
uf100,0.04,75,1826,123,200,0.615,8809.780544241317
uf100,0.04,76,1826,13,200,0.065,125118.2442460134
uf100,0.04,77,1826,169,200,0.845,4510.489038223578
uf100,0.04,78,1826,61,200,0.305,23111.70131788171
uf100,0.04,79,1826,140,200,0.7,6984.410884863961
uf100,0.04,80,1826,78,200,0.39,17012.14512125227
uf100,0.04,81,1826,7,200,0.035,236028.821700132
uf100,0.04,82,1826,3,200,0.015,556387.6060350982
uf100,0.04,83,1826,17,200,0.085,94663.13032023777
uf100,0.04,84,1826,99,200,0.495,12308.371684124933
uf100,0.04,85,1826,8,200,0.04,205992.89325370503
uf100,0.04,86,1826,171,200,0.855,4354.711017147771
uf100,0.04,87,1826,62,200,0.31,22661.98817436197
uf100,0.04,88,1826,9,200,0.045,182630.78774977775
uf100,0.04,89,1826,98,200,0.49,12488.466296868115
uf100,0.04,90,1826,123,200,0.615,8809.780544241317
uf100,0.04,91,1826,43,200,0.215,34737.83007776001
uf100,0.04,92,1826,9,200,0.045,182630.78774977775
uf100,0.04,93,1826,96,200,0.48,12859.306326845519
uf100,0.04,94,1826,194,200,0.97,2398.0898093943297
uf100,0.04,95,1826,55,200,0.275,26148.846299092835
uf100,0.04,96,1826,151,200,0.755,5978.711899454244
uf100,0.04,97,1826,41,200,0.205,36654.569428277005
uf100,0.04,98,1826,177,200,0.885,3887.992764090779
uf100,0.04,99,1826,36,200,0.18,42373.39875381577
uf100,0.5,1,256,7,200,0.035,33090.5686501828
uf100,0.5,2,256,0,200,0.0,inf
uf100,0.5,3,256,14,200,0.07,16245.17448518891
uf100,0.5,4,256,9,200,0.045,25604.316354842886
uf100,0.5,5,256,7,200,0.035,33090.5686501828
uf100,0.5,6,256,147,200,0.735,887.726635775992
uf100,0.5,7,256,42,200,0.21,5001.323166977618
uf100,0.5,8,256,0,200,0.0,inf
uf100,0.5,9,256,3,200,0.015,78003.95791072572
uf100,0.5,10,256,4,200,0.02,58354.73182302689
uf100,0.5,100,256,49,200,0.245,4194.897274867586
uf100,0.5,11,256,5,200,0.025,46564.99363390749
uf100,0.5,12,256,13,200,0.065,17541.221537228605
uf100,0.5,13,256,13,200,0.065,17541.221537228605
uf100,0.5,14,256,1,200,0.005,235194.75928868234
uf100,0.5,15,256,5,200,0.025,46564.99363390749
uf100,0.5,16,256,1,200,0.005,235194.75928868234
uf100,0.5,17,256,10,200,0.05,22983.970549941678
uf100,0.5,18,256,16,200,0.08,14138.892048421641
uf100,0.5,19,256,75,200,0.375,2508.3286473870303
uf100,0.5,20,256,18,200,0.09,12500.424917121367
uf100,0.5,21,256,0,200,0.0,inf
uf100,0.5,22,256,2,200,0.01,117301.90759766744
uf100,0.5,23,256,3,200,0.015,78003.95791072572
uf100,0.5,24,256,21,200,0.105,10627.485632549706
uf100,0.5,25,256,11,200,0.055,20839.95479248193
uf100,0.5,26,256,3,200,0.015,78003.95791072572
uf100,0.5,27,256,32,200,0.16,6761.6900762243795
uf100,0.5,28,256,12,200,0.06,19053.185866621283
uf100,0.5,29,256,47,200,0.235,4400.948221048309
uf100,0.5,30,256,11,200,0.055,20839.95479248193
uf100,0.5,31,256,7,200,0.035,33090.5686501828
uf100,0.5,32,256,5,200,0.025,46564.99363390749
uf100,0.5,33,256,3,200,0.015,78003.95791072572
uf100,0.5,34,256,14,200,0.07,16245.17448518891
uf100,0.5,35,256,16,200,0.08,14138.892048421641
uf100,0.5,36,256,2,200,0.01,117301.90759766744
uf100,0.5,37,256,16,200,0.08,14138.892048421641
uf100,0.5,38,256,16,200,0.08,14138.892048421641
uf100,0.5,39,256,18,200,0.09,12500.424917121367
uf100,0.5,40,256,3,200,0.015,78003.95791072572
uf100,0.5,41,256,23,200,0.115,9650.048292347627
uf100,0.5,42,256,1,200,0.005,235194.75928868234
uf100,0.5,43,256,27,200,0.135,8129.062517277294
uf100,0.5,44,256,12,200,0.06,19053.185866621283
uf100,0.5,45,256,0,200,0.0,inf
uf100,0.5,46,256,1,200,0.005,235194.75928868234
uf100,0.5,47,256,0,200,0.0,inf
uf100,0.5,48,256,4,200,0.02,58354.73182302689
uf100,0.5,49,256,2,200,0.01,117301.90759766744
uf100,0.5,50,256,3,200,0.015,78003.95791072572
uf100,0.5,51,256,0,200,0.0,inf
uf100,0.5,52,256,1,200,0.005,235194.75928868234
uf100,0.5,53,256,2,200,0.01,117301.90759766744
uf100,0.5,54,256,2,200,0.01,117301.90759766744
uf100,0.5,55,256,3,200,0.015,78003.95791072572
uf100,0.5,56,256,1,200,0.005,235194.75928868234
uf100,0.5,57,256,7,200,0.035,33090.5686501828
uf100,0.5,58,256,2,200,0.01,117301.90759766744
uf100,0.5,59,256,0,200,0.0,inf
uf100,0.5,60,256,5,200,0.025,46564.99363390749
uf100,0.5,61,256,8,200,0.04,28879.61701694879
uf100,0.5,62,256,1,200,0.005,235194.75928868234
uf100,0.5,63,256,7,200,0.035,33090.5686501828
uf100,0.5,64,256,38,200,0.19,5594.712403656406
uf100,0.5,65,256,3,200,0.015,78003.95791072572
uf100,0.5,66,256,6,200,0.03,38704.99809309897
uf100,0.5,67,256,4,200,0.02,58354.73182302689
uf100,0.5,68,256,2,200,0.01,117301.90759766744
uf100,0.5,69,256,8,200,0.04,28879.61701694879
uf100,0.5,70,256,75,200,0.375,2508.3286473870303
uf100,0.5,71,256,46,200,0.23,4510.644621578319
uf100,0.5,72,256,2,200,0.01,117301.90759766744
uf100,0.5,73,256,8,200,0.04,28879.61701694879
uf100,0.5,74,256,36,200,0.18,5940.629836241422
uf100,0.5,75,256,17,200,0.085,13271.501293527312
uf100,0.5,76,256,6,200,0.03,38704.99809309897
uf100,0.5,77,256,48,200,0.24,4295.791859137336
uf100,0.5,78,256,4,200,0.02,58354.73182302689
uf100,0.5,79,256,27,200,0.135,8129.062517277294
uf100,0.5,80,256,11,200,0.055,20839.95479248193
uf100,0.5,81,256,0,200,0.0,inf
uf100,0.5,82,256,0,200,0.0,inf
uf100,0.5,83,256,2,200,0.01,117301.90759766744
uf100,0.5,84,256,8,200,0.04,28879.61701694879
uf100,0.5,85,256,1,200,0.005,235194.75928868234
uf100,0.5,86,256,62,200,0.31,3177.1462062632336
uf100,0.5,87,256,10,200,0.05,22983.970549941678
uf100,0.5,88,256,2,200,0.01,117301.90759766744
uf100,0.5,89,256,26,200,0.13,8465.503853175187
uf100,0.5,90,256,32,200,0.16,6761.6900762243795
uf100,0.5,91,256,6,200,0.03,38704.99809309897
uf100,0.5,92,256,1,200,0.005,235194.75928868234
uf100,0.5,93,256,25,200,0.125,8828.812045179297
uf100,0.5,94,256,74,200,0.37,2551.5867735397774
uf100,0.5,95,256,6,200,0.03,38704.99809309897
uf100,0.5,96,256,32,200,0.16,6761.6900762243795
uf100,0.5,97,256,2,200,0.01,117301.90759766744
uf100,0.5,98,256,51,200,0.255,4004.8894928723453
uf100,0.5,99,256,1,200,0.005,235194.75928868234
uf100,0.05,1,1362,39,200,0.195,28915.932876792012
uf100,0.05,2,1362,5,200,0.025,247740.31769289842
uf100,0.05,3,1362,63,200,0.315,16578.476504617796
uf100,0.05,4,1362,80,200,0.4,12278.635803495037
uf100,0.05,5,1362,12,200,0.06,101368.90293100853
uf100,0.05,6,1362,199,200,0.995,1183.8176838776792
uf100,0.05,7,1362,113,200,0.565,7535.045783295547
uf100,0.05,8,1362,7,200,0.035,176052.16602167566
uf100,0.05,9,1362,16,200,0.08,75223.32410136826
uf100,0.05,10,1362,23,200,0.115,51341.272555380725
uf100,0.05,100,1362,151,200,0.755,4459.477331356342
uf100,0.05,11,1362,43,200,0.215,25910.692533356585
uf100,0.05,12,1362,52,200,0.26,20830.739644170855
uf100,0.05,13,1362,67,200,0.335,15374.338500095186
uf100,0.05,14,1362,18,200,0.09,66506.16694187227
uf100,0.05,15,1362,61,200,0.305,17238.848409066202
uf100,0.05,16,1362,4,200,0.02,310465.4091521977
uf100,0.05,17,1362,91,200,0.455,10333.702031748986
uf100,0.05,18,1362,85,200,0.425,11334.313531546262
uf100,0.05,19,1362,171,200,0.855,3248.146990884591
uf100,0.05,20,1362,98,200,0.49,9315.05536491477
uf100,0.05,21,1362,2,200,0.01,624082.805265715
uf100,0.05,22,1362,7,200,0.035,176052.16602167566
uf100,0.05,23,1362,28,200,0.14,41586.80293391538
uf100,0.05,24,1362,61,200,0.305,17238.848409066202
uf100,0.05,25,1362,73,200,0.365,13811.54718879437
uf100,0.05,26,1362,27,200,0.135,43249.15292395185
uf100,0.05,27,1362,103,200,0.515,8668.029880533224
uf100,0.05,28,1362,76,200,0.38,13120.862037828148
uf100,0.05,29,1362,157,200,0.785,4080.5226730941167
uf100,0.05,30,1362,26,200,0.13,45039.12596884611
uf100,0.05,31,1362,48,200,0.24,22854.95512556661
uf100,0.05,32,1362,18,200,0.09,66506.16694187227
uf100,0.05,33,1362,18,200,0.09,66506.16694187227
uf100,0.05,34,1362,40,200,0.2,28108.550555798047
uf100,0.05,35,1362,56,200,0.28,19093.345939761846
uf100,0.05,36,1362,15,200,0.075,80453.02433832143
uf100,0.05,37,1362,106,200,0.53,8307.356526710282
uf100,0.05,38,1362,90,200,0.45,10491.55837692907
uf100,0.05,39,1362,94,200,0.47,9879.439989731834
uf100,0.05,40,1362,8,200,0.04,153648.58741048534
uf100,0.05,41,1362,122,200,0.61,6661.198924829957
uf100,0.05,42,1362,35,200,0.175,32604.772490388666
uf100,0.05,43,1362,117,200,0.585,7131.787998832685
uf100,0.05,44,1362,62,200,0.31,16903.41067550986
uf100,0.05,45,1362,13,200,0.065,93324.78020978655
uf100,0.05,46,1362,7,200,0.035,176052.16602167566
uf100,0.05,47,1362,5,200,0.025,247740.31769289842
uf100,0.05,48,1362,18,200,0.09,66506.16694187227
uf100,0.05,49,1362,20,200,0.1,59531.23667015644
uf100,0.05,50,1362,32,200,0.16,35974.304233662515
uf100,0.05,51,1362,29,200,0.145,40038.871646332394
uf100,0.05,52,1362,25,200,0.125,46972.039084117976
uf100,0.05,53,1362,22,200,0.11,53823.36213498414
uf100,0.05,54,1362,23,200,0.115,51341.272555380725
uf100,0.05,55,1362,25,200,0.125,46972.039084117976
uf100,0.05,56,1362,9,200,0.045,136222.96435662502
uf100,0.05,57,1362,28,200,0.14,41586.80293391538
uf100,0.05,58,1362,33,200,0.165,34783.264025227545
uf100,0.05,59,1362,3,200,0.015,415005.4323219079
uf100,0.05,60,1362,71,200,0.355,14303.69627299697
uf100,0.05,61,1362,27,200,0.135,43249.15292395185
uf100,0.05,62,1362,22,200,0.11,53823.36213498414
uf100,0.05,63,1362,29,200,0.145,40038.871646332394
uf100,0.05,64,1362,114,200,0.57,7431.829651408007
uf100,0.05,65,1362,20,200,0.1,59531.23667015644
uf100,0.05,66,1362,34,200,0.17,33662.083358927106
uf100,0.05,67,1362,22,200,0.11,53823.36213498414
uf100,0.05,68,1362,24,200,0.12,49065.76208725567
uf100,0.05,69,1362,40,200,0.2,28108.550555798047
uf100,0.05,70,1362,174,200,0.87,3074.2955397850665
uf100,0.05,71,1362,171,200,0.855,3248.146990884591
uf100,0.05,72,1362,23,200,0.115,51341.272555380725
uf100,0.05,73,1362,40,200,0.2,28108.550555798047
uf100,0.05,74,1362,140,200,0.7,5209.620824307072
uf100,0.05,75,1362,100,200,0.5,9048.932130473175
uf100,0.05,76,1362,10,200,0.05,122281.90581648659
uf100,0.05,77,1362,167,200,0.835,3481.0787329642017
uf100,0.05,78,1362,38,200,0.19,29765.618335078223
uf100,0.05,79,1362,123,200,0.615,6571.150657862362
uf100,0.05,80,1362,65,200,0.325,15958.173447521287
uf100,0.05,81,1362,1,200,0.005,1251309.6177780677
uf100,0.05,82,1362,2,200,0.01,624082.805265715
uf100,0.05,83,1362,7,200,0.035,176052.16602167566
uf100,0.05,84,1362,72,200,0.36,14054.275277899022
uf100,0.05,85,1362,2,200,0.01,624082.805265715
uf100,0.05,86,1362,159,200,0.795,3957.886351790589
uf100,0.05,87,1362,52,200,0.26,20830.739644170855
uf100,0.05,88,1362,12,200,0.06,101368.90293100853
uf100,0.05,89,1362,68,200,0.34,15095.087040602119
uf100,0.05,90,1362,100,200,0.5,9048.932130473175
uf100,0.05,91,1362,38,200,0.19,29765.618335078223
uf100,0.05,92,1362,5,200,0.025,247740.31769289842
uf100,0.05,93,1362,89,200,0.445,10652.816779395798
uf100,0.05,94,1362,188,200,0.94,2229.408509731911
uf100,0.05,95,1362,40,200,0.2,28108.550555798047
uf100,0.05,96,1362,120,200,0.6,6845.252904050131
uf100,0.05,97,1362,34,200,0.17,33662.083358927106
uf100,0.05,98,1362,157,200,0.785,4080.5226730941167
uf100,0.05,99,1362,22,200,0.11,53823.36213498414
uf100,0.06,1,1438,53,200,0.265,21508.808367899666
uf100,0.06,2,1438,5,200,0.025,261564.30017796473
uf100,0.06,3,1438,58,200,0.29,19335.539004929888
uf100,0.06,4,1438,73,200,0.365,14582.235578183778
uf100,0.06,5,1438,11,200,0.055,117061.9335608946
uf100,0.06,6,1438,200,200,1.0,1438.0
uf100,0.06,7,1438,122,200,0.61,7032.895781134713
uf100,0.06,8,1438,5,200,0.025,261564.30017796473
uf100,0.06,9,1438,19,200,0.095,66341.53961443396
uf100,0.06,10,1438,30,200,0.15,40747.467066853525
uf100,0.06,100,1438,154,200,0.77,4505.914815485
uf100,0.06,11,1438,39,200,0.195,30529.45042351462
uf100,0.06,12,1438,52,200,0.26,21993.101034007115
uf100,0.06,13,1438,73,200,0.365,14582.235578183778
uf100,0.06,14,1438,19,200,0.095,66341.53961443396
uf100,0.06,15,1438,51,200,0.255,22496.215198243877
uf100,0.06,16,1438,6,200,0.03,217413.23147607938
uf100,0.06,17,1438,94,200,0.47,10430.715642609675
uf100,0.06,18,1438,83,200,0.415,12351.610288000898
uf100,0.06,19,1438,168,200,0.84,3613.6100132247025
uf100,0.06,20,1438,103,200,0.515,9151.708493543889
uf100,0.06,21,1438,3,200,0.015,438162.8573266546
uf100,0.06,22,1438,10,200,0.05,129105.27207350053
uf100,0.06,23,1438,36,200,0.18,33369.63165826236
uf100,0.06,24,1438,63,200,0.315,17503.56036243788
uf100,0.06,25,1438,68,200,0.34,15937.39733067977
uf100,0.06,26,1438,41,200,0.205,28865.975267175432
uf100,0.06,27,1438,104,200,0.52,9022.497064304187
uf100,0.06,28,1438,65,200,0.325,16848.644212581214
uf100,0.06,29,1438,138,200,0.69,5654.312632644947
uf100,0.06,30,1438,20,200,0.1,62853.097159827434
uf100,0.06,31,1438,59,200,0.295,18944.623356396998
uf100,0.06,32,1438,12,200,0.06,107025.31748516174
uf100,0.06,33,1438,17,200,0.085,74548.51117223543
uf100,0.06,34,1438,43,200,0.215,27356.51678631922
uf100,0.06,35,1438,70,200,0.35,15372.556524571222
uf100,0.06,36,1438,10,200,0.05,129105.27207350053
uf100,0.06,37,1438,105,200,0.525,8895.5866188199
uf100,0.06,38,1438,88,200,0.44,11421.220229551263
uf100,0.06,39,1438,110,200,0.55,8293.263494914188
uf100,0.06,40,1438,9,200,0.045,143824.24577446902
uf100,0.06,41,1438,128,200,0.64,6481.893643695252
uf100,0.06,42,1438,34,200,0.17,35540.437496429644
uf100,0.06,43,1438,121,200,0.605,7129.3487697275095
uf100,0.06,44,1438,53,200,0.265,21508.808367899666
uf100,0.06,45,1438,10,200,0.05,129105.27207350053
uf100,0.06,46,1438,14,200,0.07,91252.19105352208
uf100,0.06,47,1438,6,200,0.03,217413.23147607938
uf100,0.06,48,1438,25,200,0.125,49593.09266003058
uf100,0.06,49,1438,22,200,0.11,56826.72154927107
uf100,0.06,50,1438,45,200,0.225,25980.526034412993
uf100,0.06,51,1438,22,200,0.11,56826.72154927107
uf100,0.06,52,1438,32,200,0.16,37981.68097504163
uf100,0.06,53,1438,15,200,0.075,84942.32672430707
uf100,0.06,54,1438,20,200,0.1,62853.097159827434
uf100,0.06,55,1438,30,200,0.15,40747.467066853525
uf100,0.06,56,1438,9,200,0.045,143824.24577446902
uf100,0.06,57,1438,18,200,0.09,70217.23058914268
uf100,0.06,58,1438,29,200,0.145,42273.05244304404
uf100,0.06,59,1438,5,200,0.025,261564.30017796473
uf100,0.06,60,1438,70,200,0.35,15372.556524571222
uf100,0.06,61,1438,28,200,0.14,43907.358751079526
uf100,0.06,62,1438,31,200,0.155,39320.07924037623
uf100,0.06,63,1438,37,200,0.185,32371.933704289197
uf100,0.06,64,1438,136,200,0.68,5811.861925832649
uf100,0.06,65,1438,32,200,0.16,37981.68097504163
uf100,0.06,66,1438,45,197,0.22842639593908629,25536.60654319909
uf100,0.06,67,1438,33,200,0.165,36724.18037318444
uf100,0.06,68,1438,19,200,0.095,66341.53961443396
uf100,0.06,69,1438,42,200,0.21,28093.36997700709
uf100,0.06,70,1438,188,200,0.94,2353.8101593204765
uf100,0.06,71,1438,171,200,0.855,3429.394546910457
uf100,0.06,72,1438,12,200,0.06,107025.31748516174
uf100,0.06,73,1438,42,200,0.21,28093.36997700709
uf100,0.06,74,1438,122,200,0.61,7032.895781134713
uf100,0.06,75,1438,130,200,0.65,6307.958817893264
uf100,0.06,76,1438,10,200,0.05,129105.27207350053
uf100,0.06,77,1438,153,200,0.765,4572.8304016841375
uf100,0.06,78,1438,35,200,0.175,34424.128370909624
uf100,0.06,79,1438,126,200,0.63,6660.517561784385
uf100,0.06,80,1438,78,200,0.39,13397.297198445107
uf100,0.06,81,1438,9,198,0.045454545454545456,142352.37536085004
uf100,0.06,82,1438,2,200,0.01,658906.8090837726
uf100,0.06,83,1438,12,200,0.06,107025.31748516174
uf100,0.06,84,1438,74,200,0.37,14332.741329492968
uf100,0.06,85,1438,4,200,0.02,327789.47016215883
uf100,0.06,86,1438,169,200,0.845,3552.0718712845046
uf100,0.06,87,1438,59,200,0.295,18944.623356396998
uf100,0.06,88,1438,11,200,0.055,117061.9335608946
uf100,0.06,89,1438,97,200,0.485,9979.431442473839
uf100,0.06,90,1438,106,200,0.53,8770.909460653
uf100,0.06,91,1438,43,200,0.215,27356.51678631922
uf100,0.06,92,1438,9,200,0.045,143824.24577446902
uf100,0.06,93,1438,83,200,0.415,12351.610288000898
uf100,0.06,94,1438,190,200,0.95,2210.556258952533
uf100,0.06,95,1438,42,200,0.21,28093.36997700709
uf100,0.06,96,1438,114,200,0.57,7846.527928579086
uf100,0.06,97,1438,37,200,0.185,32371.933704289197
uf100,0.06,98,1438,151,200,0.755,4708.317476130998
uf100,0.06,99,1438,26,200,0.13,47552.32242525749
uf100,0.7,1,211,1,200,0.005,193851.93050746867
uf100,0.7,2,211,0,200,0.0,inf
uf100,0.7,3,211,6,200,0.03,31901.385147046418
uf100,0.7,4,211,5,200,0.025,38379.74084669719
uf100,0.7,5,211,1,200,0.005,193851.93050746867
uf100,0.7,6,211,141,200,0.705,795.9591169719689
uf100,0.7,7,211,28,200,0.14,6442.595755547831
uf100,0.7,8,211,1,200,0.005,193851.93050746867
uf100,0.7,9,211,0,200,0.0,inf
uf100,0.7,10,211,3,200,0.015,64292.32468423096
uf100,0.7,100,211,33,200,0.165,5388.5967028803325
uf100,0.7,11,211,1,200,0.005,193851.93050746867
uf100,0.7,12,211,10,200,0.05,18943.819476709745
uf100,0.7,13,211,9,200,0.045,21103.55762059316
uf100,0.7,14,211,0,200,0.0,inf
uf100,0.7,15,211,6,200,0.03,31901.385147046418
uf100,0.7,16,211,1,200,0.005,193851.93050746867
uf100,0.7,17,211,5,200,0.025,38379.74084669719
uf100,0.7,18,211,13,200,0.065,14457.80368888764
uf100,0.7,19,211,32,200,0.16,5573.111742513062
uf100,0.7,20,211,16,200,0.08,11653.539930535026
uf100,0.7,21,211,1,200,0.005,193851.93050746867
uf100,0.7,22,211,2,200,0.01,96682.43165276496
uf100,0.7,23,211,1,200,0.005,193851.93050746867
uf100,0.7,24,211,7,200,0.035,27273.867129642855
uf100,0.7,25,211,10,200,0.05,18943.819476709745
uf100,0.7,26,211,2,200,0.01,96682.43165276496
uf100,0.7,27,211,13,200,0.065,14457.80368888764
uf100,0.7,28,211,8,200,0.04,23803.12183818826
uf100,0.7,29,211,30,200,0.15,5978.93988254944
uf100,0.7,30,211,7,200,0.035,27273.867129642855
uf100,0.7,31,211,7,200,0.035,27273.867129642855
uf100,0.7,32,211,1,200,0.005,193851.93050746867
uf100,0.7,33,211,0,200,0.0,inf
uf100,0.7,34,211,4,200,0.02,48097.06411976044
uf100,0.7,35,211,8,200,0.04,23803.12183818826
uf100,0.7,36,211,2,200,0.01,96682.43165276496
uf100,0.7,37,211,18,200,0.09,10303.084599658629
uf100,0.7,38,211,15,200,0.075,12463.72109793379
uf100,0.7,39,211,10,200,0.05,18943.819476709745
uf100,0.7,40,211,1,200,0.005,193851.93050746867
uf100,0.7,41,211,26,200,0.13,6977.427003984236
uf100,0.7,42,211,2,200,0.01,96682.43165276496
uf100,0.7,43,211,22,200,0.11,8338.274163349231
uf100,0.7,44,211,8,200,0.04,23803.12183818826
uf100,0.7,45,211,1,200,0.005,193851.93050746867
uf100,0.7,46,211,2,200,0.01,96682.43165276496
uf100,0.7,47,211,1,200,0.005,193851.93050746867
uf100,0.7,48,211,0,200,0.0,inf
uf100,0.7,49,211,3,200,0.015,64292.32468423096
uf100,0.7,50,211,1,200,0.005,193851.93050746867
uf100,0.7,51,211,6,200,0.03,31901.385147046418
uf100,0.7,52,211,1,200,0.005,193851.93050746867
uf100,0.7,53,211,1,200,0.005,193851.93050746867
uf100,0.7,54,211,2,200,0.01,96682.43165276496
uf100,0.7,55,211,1,200,0.005,193851.93050746867
uf100,0.7,56,211,2,200,0.01,96682.43165276496
uf100,0.7,57,211,4,200,0.02,48097.06411976044
uf100,0.7,58,211,7,200,0.035,27273.867129642855
uf100,0.7,59,211,0,200,0.0,inf
uf100,0.7,60,211,6,200,0.03,31901.385147046418
uf100,0.7,61,211,4,200,0.02,48097.06411976044
uf100,0.7,62,211,0,200,0.0,inf
uf100,0.7,63,211,6,200,0.03,31901.385147046418
uf100,0.7,64,211,29,200,0.145,6202.791422449439
uf100,0.7,65,211,2,200,0.01,96682.43165276496
uf100,0.7,66,211,4,200,0.02,48097.06411976044
uf100,0.7,67,211,0,200,0.0,inf
uf100,0.7,68,211,3,200,0.015,64292.32468423096
uf100,0.7,69,211,5,200,0.025,38379.74084669719
uf100,0.7,70,211,71,200,0.355,2215.9177045538627
uf100,0.7,71,211,33,200,0.165,5388.5967028803325
uf100,0.7,72,211,1,200,0.005,193851.93050746867
uf100,0.7,73,211,13,200,0.065,14457.80368888764
uf100,0.7,74,211,15,200,0.075,12463.72109793379
uf100,0.7,75,211,13,200,0.065,14457.80368888764
uf100,0.7,76,211,5,200,0.025,38379.74084669719
uf100,0.7,77,211,35,200,0.175,5051.106457762121
uf100,0.7,78,211,3,200,0.015,64292.32468423096
uf100,0.7,79,211,14,200,0.07,13389.577407714298
uf100,0.7,80,211,9,200,0.045,21103.55762059316
uf100,0.7,81,211,0,200,0.0,inf
uf100,0.7,82,211,1,200,0.005,193851.93050746867
uf100,0.7,83,211,1,200,0.005,193851.93050746867
uf100,0.7,84,211,5,200,0.025,38379.74084669719
uf100,0.7,85,211,1,200,0.005,193851.93050746867
uf100,0.7,86,211,39,200,0.195,4479.6342415588215
uf100,0.7,87,211,8,200,0.04,23803.12183818826
uf100,0.7,88,211,3,200,0.015,64292.32468423096
uf100,0.7,89,211,12,200,0.06,15703.99303850426
uf100,0.7,90,211,21,200,0.105,8759.372923703078
uf100,0.7,91,211,2,200,0.01,96682.43165276496
uf100,0.7,92,211,1,200,0.005,193851.93050746867
uf100,0.7,93,211,24,200,0.12,7601.230396777495
uf100,0.7,94,211,60,200,0.3,2724.303811513036
uf100,0.7,95,211,5,200,0.025,38379.74084669719
uf100,0.7,96,211,29,200,0.145,6202.791422449439
uf100,0.7,97,211,1,200,0.005,193851.93050746867
uf100,0.7,98,211,41,200,0.205,4235.54991750627
uf100,0.7,99,211,3,200,0.015,64292.32468423096
uf100,0.07,1,1356,55,200,0.275,19418.31083328033
uf100,0.07,2,1356,4,200,0.02,309097.7201250955
uf100,0.07,3,1356,45,200,0.225,24499.02176819473
uf100,0.07,4,1356,75,200,0.375,13286.303304128178
uf100,0.07,5,1356,17,200,0.085,70297.48341415248
uf100,0.07,6,1356,198,200,0.99,1356.0
uf100,0.07,7,1356,109,200,0.545,7930.088820184662
uf100,0.07,8,1356,8,200,0.04,152971.7213866506
uf100,0.07,9,1356,20,200,0.1,59268.98452623505
uf100,0.07,10,1356,31,200,0.155,37077.90504168997
uf100,0.07,100,1356,146,200,0.73,4769.3056282087855
uf100,0.07,11,1356,23,200,0.115,51115.09954852884
uf100,0.07,12,1356,57,200,0.285,18614.36145689201
uf100,0.07,13,1356,68,200,0.34,15028.588859806516
uf100,0.07,14,1356,13,200,0.065,92913.65783000777
uf100,0.07,15,1356,59,200,0.295,17864.33189935628
uf100,0.07,16,1356,3,200,0.015,413177.21455837524
uf100,0.07,17,1356,88,200,0.44,10769.940633707589
uf100,0.07,18,1356,76,200,0.38,13063.060883476484
uf100,0.07,19,1356,165,200,0.825,3582.7428251754673
uf100,0.07,20,1356,98,200,0.49,9274.01987872572
uf100,0.07,21,1356,1,200,0.005,1245797.2406072393
uf100,0.07,22,1356,10,200,0.05,121743.21900672233
uf100,0.07,23,1356,28,200,0.14,41403.60115887611
uf100,0.07,24,1356,61,200,0.305,17162.90634559014
uf100,0.07,25,1356,69,200,0.345,14758.484903728262
uf100,0.07,26,1356,28,200,0.14,41403.60115887611
uf100,0.07,27,1356,98,200,0.49,9274.01987872572
uf100,0.07,28,1356,80,200,0.4,12224.544896871714
uf100,0.07,29,1356,155,200,0.775,4186.364332270681
uf100,0.07,30,1356,24,200,0.12,48849.613355593756
uf100,0.07,31,1356,54,200,0.27,19842.38185251851
uf100,0.07,32,1356,13,200,0.065,92913.65783000777
uf100,0.07,33,1356,19,200,0.095,62558.50328037028
uf100,0.07,34,1356,29,200,0.145,39862.48895185516
uf100,0.07,35,1356,52,200,0.26,20738.974271289047
uf100,0.07,36,1356,13,200,0.065,92913.65783000777
uf100,0.07,37,1356,98,200,0.49,9274.01987872572
uf100,0.07,38,1356,92,200,0.46,10134.292825929288
uf100,0.07,39,1356,102,200,0.51,8753.924095762268
uf100,0.07,40,1356,7,200,0.035,175276.605818937
uf100,0.07,41,1356,107,200,0.535,8155.237051624
uf100,0.07,42,1356,34,200,0.17,33513.792242808486
uf100,0.07,43,1356,113,200,0.565,7501.851749007902
uf100,0.07,44,1356,63,200,0.315,16505.443568474107
uf100,0.07,45,1356,14,200,0.07,86048.65860123502
uf100,0.07,46,1356,11,200,0.055,110386.63554142774
uf100,0.07,47,1356,3,200,0.015,413177.21455837524
uf100,0.07,48,1356,21,200,0.105,56292.46295991172
uf100,0.07,49,1356,17,200,0.085,70297.48341415248
uf100,0.07,50,1356,32,200,0.16,35815.82712250101
uf100,0.07,51,1356,18,200,0.09,66213.18823287725
uf100,0.07,52,1356,19,200,0.095,62558.50328037028
uf100,0.07,53,1356,18,200,0.09,66213.18823287725
uf100,0.07,54,1356,22,200,0.11,53586.2548128036
uf100,0.07,55,1356,42,200,0.21,26491.383650084572
uf100,0.07,56,1356,17,200,0.085,70297.48341415248
uf100,0.07,57,1356,21,200,0.105,56292.46295991172
uf100,0.07,58,1356,24,200,0.12,48849.613355593756
uf100,0.07,59,1356,3,200,0.015,413177.21455837524
uf100,0.07,60,1356,73,200,0.365,13750.703368579418
uf100,0.07,61,1356,25,200,0.125,46765.113801809086
uf100,0.07,62,1356,14,200,0.07,86048.65860123502
uf100,0.07,63,1356,39,200,0.195,28788.54991257707
uf100,0.07,64,1356,121,200,0.605,6722.807323887693
uf100,0.07,65,1356,29,200,0.145,39862.48895185516
uf100,0.07,66,1356,51,200,0.255,21213.399032558205
uf100,0.07,67,1356,21,198,0.10606060606060606,55697.1214689536
uf100,0.07,68,1356,28,200,0.14,41403.60115887611
uf100,0.07,69,1356,30,200,0.15,38423.89801297175
uf100,0.07,70,1356,175,200,0.875,3003.0229977781755
uf100,0.07,71,1356,165,200,0.825,3582.7428251754673
uf100,0.07,72,1356,19,200,0.095,62558.50328037028
uf100,0.07,73,1356,45,200,0.225,24499.02176819473
uf100,0.07,74,1356,129,200,0.645,6029.726458796105
uf100,0.07,75,1356,121,200,0.605,6722.807323887693
uf100,0.07,76,1356,10,200,0.05,121743.21900672233
uf100,0.07,77,1356,145,200,0.725,4837.093174787268
uf100,0.07,78,1356,39,200,0.195,28788.54991257707
uf100,0.07,79,1356,100,200,0.5,9009.068993334526
uf100,0.07,80,1356,77,200,0.385,12845.477736840914
uf100,0.07,81,1356,4,200,0.02,309097.7201250955
uf100,0.07,82,1356,2,200,0.01,621333.5418063947
uf100,0.07,83,1356,12,200,0.06,100922.34388725962
uf100,0.07,84,1356,66,200,0.33,15592.910297724215
uf100,0.07,85,1356,5,200,0.025,246648.95065460374
uf100,0.07,86,1356,160,200,0.8,3879.9948254950414
uf100,0.07,87,1356,54,200,0.27,19842.38185251851
uf100,0.07,88,1356,12,200,0.06,100922.34388725962
uf100,0.07,89,1356,77,200,0.385,12845.477736840914
uf100,0.07,90,1356,92,200,0.46,10134.292825929288
uf100,0.07,91,1356,43,200,0.215,25796.548513385856
uf100,0.07,92,1356,7,200,0.035,175276.605818937
uf100,0.07,93,1356,68,200,0.34,15028.588859806516
uf100,0.07,94,1356,184,200,0.92,2472.399711771143
uf100,0.07,95,1356,35,200,0.175,32461.139131400174
uf100,0.07,96,1356,110,200,0.55,7820.3513901972465
uf100,0.07,97,1356,41,200,0.205,27219.93217127252
uf100,0.07,98,1356,152,200,0.76,4375.684398486748
uf100,0.07,99,1356,26,200,0.13,44840.715722287314
uf100,0.08,1,1137,38,200,0.19,24848.39063655209
uf100,0.08,2,1137,7,200,0.035,146968.65841897595
uf100,0.08,3,1137,47,200,0.235,19546.398934890345
uf100,0.08,4,1137,70,200,0.35,12154.796083753465
uf100,0.08,5,1137,10,200,0.05,102081.15045032691
uf100,0.08,6,1137,198,200,0.99,1137.0
uf100,0.08,7,1137,105,200,0.525,7033.575789706694
uf100,0.08,8,1137,7,200,0.035,146968.65841897595
uf100,0.08,9,1137,21,200,0.105,47200.98111019147
uf100,0.08,10,1137,27,200,0.135,36104.46907087611
uf100,0.08,100,1137,146,200,0.73,3999.0416661308177
uf100,0.08,11,1137,35,200,0.175,27218.521528320056
uf100,0.08,12,1137,52,200,0.26,17389.538161102984
uf100,0.08,13,1137,60,200,0.3,14680.253240238493
uf100,0.08,14,1137,15,200,0.075,67162.3264850745
uf100,0.08,15,1137,47,200,0.235,19546.398934890345
uf100,0.08,16,1137,4,200,0.02,259177.07063586553
uf100,0.08,17,1137,77,200,0.385,10770.876243944042
uf100,0.08,18,1137,72,200,0.36,11732.533767232886
uf100,0.08,19,1137,159,200,0.795,3304.050500723862
uf100,0.08,20,1137,81,200,0.405,10085.01596294122
uf100,0.08,21,1137,3,200,0.015,346447.26618943416
uf100,0.08,22,1137,17,200,0.085,58944.128791955285
uf100,0.08,23,1137,34,200,0.17,28101.1665044788
uf100,0.08,24,1137,60,200,0.3,14680.253240238493
uf100,0.08,25,1137,70,200,0.35,12154.796083753465
uf100,0.08,26,1137,40,200,0.2,23465.067534465776
uf100,0.08,27,1137,102,200,0.51,7340.1266201192475
uf100,0.08,28,1137,66,200,0.33,13074.586289463445
uf100,0.08,29,1137,126,200,0.63,5266.348030423398
uf100,0.08,30,1137,29,200,0.145,33424.520603436074
uf100,0.08,31,1137,49,200,0.245,18631.242974704866
uf100,0.08,32,1137,20,200,0.1,49696.78127310417
uf100,0.08,33,1137,16,200,0.08,62796.56351193519
uf100,0.08,34,1137,30,200,0.15,32218.268466628975
uf100,0.08,35,1137,58,200,0.29,15288.25302406487
uf100,0.08,36,1137,16,200,0.08,62796.56351193519
uf100,0.08,37,1137,78,200,0.39,10592.99507276223
uf100,0.08,38,1137,75,200,0.375,11140.506531558804
uf100,0.08,39,1137,89,200,0.445,8892.990218922925
uf100,0.08,40,1137,7,200,0.035,146968.65841897595
uf100,0.08,41,1137,115,200,0.575,6119.301021651136
uf100,0.08,42,1137,28,200,0.14,34716.73636994258
uf100,0.08,43,1137,106,200,0.53,6934.995867011447
uf100,0.08,44,1137,43,200,0.215,21630.291784454068
uf100,0.08,45,1137,10,200,0.05,102081.15045032691
uf100,0.08,46,1137,13,200,0.065,77907.69096808173
uf100,0.08,47,1137,3,200,0.015,346447.26618943416
uf100,0.08,48,1137,17,200,0.085,58944.128791955285
uf100,0.08,49,1137,17,200,0.085,58944.128791955285
uf100,0.08,50,1137,30,200,0.15,32218.268466628975
uf100,0.08,51,1137,18,200,0.09,55519.465354558575
uf100,0.08,52,1137,30,200,0.15,32218.268466628975
uf100,0.08,53,1137,12,200,0.06,84622.93879042343
uf100,0.08,54,1137,21,200,0.105,47200.98111019147
uf100,0.08,55,1137,26,200,0.13,37598.741722891355
uf100,0.08,56,1137,14,200,0.07,72151.41949085856
uf100,0.08,57,1137,31,200,0.155,31089.65931593031
uf100,0.08,58,1137,25,200,0.125,39212.340997534615
uf100,0.08,59,1137,3,200,0.015,346447.26618943416
uf100,0.08,60,1137,64,200,0.32,13576.84182927069
uf100,0.08,61,1137,17,200,0.085,58944.128791955285
uf100,0.08,62,1137,22,200,0.11,44931.837553213634
uf100,0.08,63,1137,39,199,0.19597989949748743,24004.283085172858
uf100,0.08,64,1137,114,200,0.57,6204.104488730473
uf100,0.08,65,1137,32,200,0.16,30031.412565105937
uf100,0.08,66,1137,45,200,0.225,20542.321349880094
uf100,0.08,67,1137,23,200,0.115,42859.78479843458
uf100,0.08,68,1137,17,200,0.085,58944.128791955285
uf100,0.08,69,1137,41,200,0.205,22823.79268343426
uf100,0.08,70,1137,164,200,0.82,3053.465885955294
uf100,0.08,71,1137,153,200,0.765,3615.652410789197
uf100,0.08,72,1137,9,200,0.045,113719.17068537642
uf100,0.08,73,1137,32,200,0.16,30031.412565105937
uf100,0.08,74,1137,118,200,0.59,5872.689038055146
uf100,0.08,75,1137,105,200,0.525,7033.575789706694
uf100,0.08,76,1137,8,200,0.04,128266.11151668271
uf100,0.08,77,1137,139,200,0.695,4409.539056803137
uf100,0.08,78,1137,38,200,0.19,24848.39063655209
uf100,0.08,79,1137,106,200,0.53,6934.995867011447
uf100,0.08,80,1137,62,200,0.31,14110.997017661315
uf100,0.08,81,1137,1,200,0.005,1044595.4738719994
uf100,0.08,82,1137,3,200,0.015,346447.26618943416
uf100,0.08,83,1137,8,200,0.04,128266.11151668271
uf100,0.08,84,1137,51,200,0.255,17787.341224202566
uf100,0.08,85,1137,6,200,0.03,171904.62043692786
uf100,0.08,86,1137,160,200,0.8,3253.3584930588954
uf100,0.08,87,1137,42,200,0.21,22212.907972084187
uf100,0.08,88,1137,8,200,0.04,128266.11151668271
uf100,0.08,89,1137,73,200,0.365,11529.903930733628
uf100,0.08,90,1137,102,200,0.51,7340.1266201192475
uf100,0.08,91,1137,27,200,0.135,36104.46907087611
uf100,0.08,92,1137,7,200,0.035,146968.65841897595
uf100,0.08,93,1137,74,200,0.37,11332.633443416902
uf100,0.08,94,1137,181,200,0.905,2224.4473331916524
uf100,0.08,95,1137,39,200,0.195,24139.07171873166
uf100,0.08,96,1137,126,200,0.63,5266.348030423398
uf100,0.08,97,1137,38,200,0.19,24848.39063655209
uf100,0.08,98,1137,135,200,0.675,4658.722563853394
uf100,0.08,99,1137,28,200,0.14,34716.73636994258
uf100,0.09,1,835,31,200,0.155,22831.89580369552
uf100,0.09,2,835,3,200,0.015,254426.9720916249
uf100,0.09,3,835,36,200,0.18,19376.663723678077
uf100,0.09,4,835,34,200,0.17,20637.180326508176
uf100,0.09,5,835,7,200,0.035,107932.12821446343
uf100,0.09,6,835,198,200,0.99,835.0
uf100,0.09,7,835,102,200,0.51,5390.506356903757
uf100,0.09,8,835,1,200,0.005,767139.1562736318
uf100,0.09,9,835,6,200,0.03,126244.81799897517
uf100,0.09,10,835,9,200,0.045,83514.0787355227
uf100,0.09,100,835,124,200,0.62,3974.142814404008
uf100,0.09,11,835,28,200,0.14,25495.58035963241
uf100,0.09,12,835,47,200,0.235,14354.655330372416
uf100,0.09,13,835,41,200,0.205,16761.53640340159
uf100,0.09,14,835,6,200,0.03,126244.81799897517
uf100,0.09,15,835,35,200,0.175,19988.97579256574
uf100,0.09,16,835,4,200,0.02,190336.72293838847
uf100,0.09,17,835,46,200,0.23,14712.45413678866
uf100,0.09,18,835,55,200,0.275,11957.440667986044
uf100,0.09,19,835,144,200,0.72,3020.754744894848
uf100,0.09,20,835,65,200,0.325,9783.461695066282
uf100,0.09,21,835,1,200,0.005,767139.1562736318
uf100,0.09,22,835,8,200,0.04,94197.18831700094
uf100,0.09,23,835,18,200,0.09,40772.87033514196
uf100,0.09,24,835,36,199,0.18090452261306533,19269.496390548968
uf100,0.09,25,835,29,200,0.145,24546.591648081903
uf100,0.09,26,835,12,200,0.06,62146.13358839364
uf100,0.09,27,835,72,200,0.36,8616.240717361
uf100,0.09,28,835,54,200,0.27,12218.575845761767
uf100,0.09,29,835,114,200,0.57,4556.224492603294
uf100,0.09,30,835,18,200,0.09,40772.87033514196
uf100,0.09,31,835,34,200,0.17,20637.180326508176
uf100,0.09,32,835,8,200,0.04,94197.18831700094
uf100,0.09,33,835,13,200,0.065,57214.53118588236
uf100,0.09,34,835,23,199,0.11557788944723618,31308.346598213146
uf100,0.09,35,835,53,200,0.265,12489.468002222686
uf100,0.09,36,835,9,200,0.045,83514.0787355227
uf100,0.09,37,835,80,200,0.4,7527.6511717462245
uf100,0.09,38,835,55,200,0.275,11957.440667986044
uf100,0.09,39,835,75,200,0.375,8181.462580344416
uf100,0.09,40,835,3,200,0.015,254426.9720916249
uf100,0.09,41,835,102,200,0.51,5390.506356903757
uf100,0.09,42,835,15,200,0.075,49323.25647760529
uf100,0.09,43,835,86,200,0.43,6840.753764223461
uf100,0.09,44,835,45,200,0.225,15086.049540149408
uf100,0.09,45,835,8,200,0.04,94197.18831700094
uf100,0.09,46,835,9,200,0.045,83514.0787355227
uf100,0.09,47,835,2,200,0.01,382605.83142207935
uf100,0.09,48,835,12,200,0.06,62146.13358839364
uf100,0.09,49,835,9,200,0.045,83514.0787355227
uf100,0.09,50,835,34,200,0.17,20637.180326508176
uf100,0.09,51,835,18,200,0.09,40772.87033514196
uf100,0.09,52,835,14,200,0.07,52987.190215362265
uf100,0.09,53,835,10,200,0.05,74967.24769219258
uf100,0.09,54,835,16,200,0.08,46117.08929856278
uf100,0.09,55,835,12,200,0.06,62146.13358839364
uf100,0.09,56,835,8,200,0.04,94197.18831700094
uf100,0.09,57,835,26,200,0.13,27612.092646098754
uf100,0.09,58,835,19,200,0.095,38522.38218223391
uf100,0.09,59,835,0,200,0.0,inf
uf100,0.09,60,835,43,200,0.215,15885.042779260464
uf100,0.09,61,835,23,200,0.115,31475.743453555737
uf100,0.09,62,835,8,200,0.04,94197.18831700094
uf100,0.09,63,835,21,200,0.105,34663.869153042986
uf100,0.09,64,835,104,200,0.52,5239.07166112239
uf100,0.09,65,835,13,200,0.065,57214.53118588236
uf100,0.09,66,835,34,200,0.17,20637.180326508176
uf100,0.09,67,835,14,200,0.07,52987.190215362265
uf100,0.09,68,835,20,200,0.1,36496.75669572734
uf100,0.09,69,835,28,200,0.14,25495.58035963241
uf100,0.09,70,835,158,200,0.79,2463.923783938932
uf100,0.09,71,835,143,200,0.715,3063.3481691579937
uf100,0.09,72,835,8,200,0.04,94197.18831700094
uf100,0.09,73,835,37,200,0.185,18797.33285332509
uf100,0.09,74,835,107,200,0.535,5021.845824561976
uf100,0.09,75,835,83,200,0.415,7172.179826481746
uf100,0.09,76,835,5,200,0.025,151881.9128293467
uf100,0.09,77,835,124,200,0.62,3974.142814404008
uf100,0.09,78,835,20,200,0.1,36496.75669572734
uf100,0.09,79,835,72,200,0.36,8616.240717361
uf100,0.09,80,835,42,200,0.21,16312.909548540278
uf100,0.09,81,835,3,200,0.015,254426.9720916249
uf100,0.09,82,835,2,200,0.01,382605.83142207935
uf100,0.09,83,835,7,200,0.035,107932.12821446343
uf100,0.09,84,835,63,200,0.315,10163.75027999696
uf100,0.09,85,835,5,200,0.025,151881.9128293467
uf100,0.09,86,835,138,200,0.69,3283.276111445432
uf100,0.09,87,835,36,200,0.18,19376.663723678077
uf100,0.09,88,835,10,200,0.05,74967.24769219258
uf100,0.09,89,835,63,200,0.315,10163.75027999696
uf100,0.09,90,835,66,200,0.33,9601.828981268229
uf100,0.09,91,835,25,200,0.125,28797.10178798716
uf100,0.09,92,835,4,200,0.02,190336.72293838847
uf100,0.09,93,835,64,200,0.32,9970.679795462644
uf100,0.09,94,835,176,200,0.88,1813.6033750745833
uf100,0.09,95,835,21,200,0.105,34663.869153042986
uf100,0.09,96,835,94,200,0.47,6056.778554644701
uf100,0.09,97,835,36,200,0.18,19376.663723678077
uf100,0.09,98,835,135,200,0.675,3421.313404413002
uf100,0.09,99,835,11,200,0.055,67974.07129579068
uf175,0.1,1,1416,0,200,0.0,inf
uf175,0.1,2,1416,11,200,0.055,115270.99994591568
uf175,0.1,3,1416,12,200,0.06,105387.93432474897
uf175,0.1,4,1416,11,200,0.055,115270.99994591568
uf175,0.1,5,1416,1,200,0.005,1300921.0123155243
uf175,0.1,6,1416,5,200,0.025,257562.6210375508
uf175,0.1,7,1416,15,200,0.075,83642.79182310069
uf175,0.1,8,1416,35,200,0.175,33897.472721285136
uf175,0.1,9,1416,0,200,0.0,inf
uf175,0.1,10,1416,24,200,0.12,51011.10067221295
uf175,0.1,100,1416,11,189,0.0582010582010582,108748.23542363477
uf175,0.1,11,1416,68,200,0.34,15693.570667762555
uf175,0.1,12,1416,14,200,0.07,89856.12137120115
uf175,0.1,13,1416,4,200,0.02,322774.61039611744
uf175,0.1,14,1416,7,200,0.035,183032.2078463236
uf175,0.1,15,1416,13,200,0.065,97024.88162779571
uf175,0.1,16,1416,40,200,0.2,29222.986480917796
uf175,0.1,17,1416,3,200,0.015,431459.3921937016
uf175,0.1,18,1416,16,200,0.08,78205.74664283221
uf175,0.1,19,1416,14,200,0.07,89856.12137120115
uf175,0.1,20,1416,0,200,0.0,inf
uf175,0.1,21,1416,5,200,0.025,257562.6210375508
uf175,0.1,22,1416,20,200,0.1,61891.50596544899
uf175,0.1,23,1416,11,200,0.055,115270.99994591568
uf175,0.1,24,1416,1,200,0.005,1300921.0123155243
uf175,0.1,25,1416,11,200,0.055,115270.99994591568
uf175,0.1,26,1416,31,200,0.155,38718.52030902138
uf175,0.1,27,1416,18,200,0.09,69142.97532282757
uf175,0.1,28,1416,63,200,0.315,17235.772929911014
uf175,0.1,29,1416,16,200,0.08,78205.74664283221
uf175,0.1,30,1416,1,200,0.005,1300921.0123155243
uf175,0.1,31,1416,9,200,0.045,141623.8748377247
uf175,0.1,32,1416,0,200,0.0,inf
uf175,0.1,33,1416,0,200,0.0,inf
uf175,0.1,34,1416,21,198,0.10606060606060606,58161.59587023473
uf175,0.1,35,1416,92,200,0.46,10582.712862474831
uf175,0.1,36,1416,0,200,0.0,inf
uf175,0.1,37,1416,3,200,0.015,431459.3921937016
uf175,0.1,38,1416,16,200,0.08,78205.74664283221
uf175,0.1,39,1416,58,200,0.29,19039.724082740417
uf175,0.1,40,1416,4,200,0.02,322774.61039611744
uf175,0.1,41,1416,35,200,0.175,33897.472721285136
uf175,0.1,42,1416,1,200,0.005,1300921.0123155243
uf175,0.1,43,1416,11,200,0.055,115270.99994591568
uf175,0.1,44,1416,2,199,0.010050251256281407,645565.6883244882
uf175,0.1,45,1416,3,200,0.015,431459.3921937016
uf175,0.1,46,1416,0,200,0.0,inf
uf175,0.1,47,1416,0,200,0.0,inf
uf175,0.1,48,1416,21,200,0.105,58783.27990504056
uf175,0.1,49,1416,21,200,0.105,58783.27990504056
uf175,0.1,50,1416,5,200,0.025,257562.6210375508
uf175,0.1,51,1416,0,200,0.0,inf
uf175,0.1,52,1416,14,200,0.07,89856.12137120115
uf175,0.1,53,1416,6,200,0.03,214087.02070245368
uf175,0.1,54,1416,2,200,0.01,648826.176399598
uf175,0.1,55,1416,1,200,0.005,1300921.0123155243
uf175,0.1,56,1416,6,200,0.03,214087.02070245368
uf175,0.1,57,1416,12,200,0.06,105387.93432474897
uf175,0.1,58,1416,76,200,0.38,13641.072426993142
uf175,0.1,59,1416,0,200,0.0,inf
uf175,0.1,60,1416,80,200,0.4,12765.453963104974
uf175,0.1,61,1416,54,200,0.27,20720.36335041756
uf175,0.1,62,1416,23,200,0.115,53376.829617047806
uf175,0.1,63,1416,42,200,0.21,27663.56876734495
uf175,0.1,64,1416,6,199,0.03015075376884422,213000.11608117423
uf175,0.1,65,1416,2,200,0.01,648826.176399598
uf175,0.1,66,1416,19,200,0.095,65326.57864675834
uf175,0.1,67,1416,0,200,0.0,inf
uf175,0.1,68,1416,1,200,0.005,1300921.0123155243
uf175,0.1,69,1416,2,200,0.01,648826.176399598
uf175,0.1,70,1416,91,200,0.455,10743.408279703792
uf175,0.1,71,1416,26,200,0.13,46824.81818787525
uf175,0.1,72,1416,11,200,0.055,115270.99994591568
uf175,0.1,73,1416,4,200,0.02,322774.61039611744
uf175,0.1,74,1416,3,200,0.015,431459.3921937016
uf175,0.1,75,1416,22,200,0.11,55957.32803460906
uf175,0.1,76,1416,12,200,0.06,105387.93432474897
uf175,0.1,77,1416,22,200,0.11,55957.32803460906
uf175,0.1,78,1416,31,200,0.155,38718.52030902138
uf175,0.1,79,1416,1,200,0.005,1300921.0123155243
uf175,0.1,80,1416,11,200,0.055,115270.99994591568
uf175,0.1,81,1416,1,200,0.005,1300921.0123155243
uf175,0.1,82,1416,4,192,0.020833333333333332,309732.306159257
uf175,0.1,83,1416,40,197,0.20304568527918782,28731.849877577963
uf175,0.1,84,1416,4,200,0.02,322774.61039611744
uf175,0.1,85,1416,2,193,0.010362694300518135,626002.7538398403
uf175,0.1,86,1416,5,193,0.025906735751295335,248432.8260790841
uf175,0.1,87,1416,8,193,0.04145077720207254,154033.75399887032
uf175,0.1,88,1416,6,188,0.031914893617021274,201044.10497342772
uf175,0.1,89,1416,10,199,0.05025125628140704,126477.85128476533
uf175,0.1,90,1416,48,197,0.2436548223350254,23350.9316176844
uf175,0.1,91,1416,1,190,0.005263157894736842,1235711.6587418518
uf175,0.1,92,1416,0,180,0.0,inf
uf175,0.1,93,1416,2,188,0.010638297872340425,609700.3000272266
uf175,0.1,94,1416,0,188,0.0,inf
uf175,0.1,95,1416,40,198,0.20202020202020202,28895.56990125526
uf175,0.1,96,1416,38,196,0.19387755102040816,30256.738554290016
uf175,0.1,97,1416,0,190,0.0,inf
uf175,0.1,98,1416,16,199,0.08040201005025126,77797.95165993487
uf175,0.1,99,1416,56,190,0.29473684210526313,18674.72707775734
uf175,0.01,1,8233,12,200,0.06,612753.4345308321
uf175,0.01,2,8233,46,200,0.23,145063.03581818088
uf175,0.01,3,8233,121,200,0.605,40817.7527268196
uf175,0.01,4,8233,81,200,0.405,73025.4498002595
uf175,0.01,5,8233,2,200,0.01,3772447.676764047
uf175,0.01,6,8233,9,200,0.045,823438.8146461776
uf175,0.01,7,8233,54,200,0.27,120473.69453671452
uf175,0.01,8,8233,77,200,0.385,77991.75384027377
uf175,0.01,9,8233,1,200,0.005,7563900.207905163
uf175,0.01,10,8233,103,200,0.515,52396.39501206317
uf175,0.01,100,8233,71,200,0.355,86462.79839617039
uf175,0.01,11,8233,175,200,0.875,18232.95600347177
uf175,0.01,12,8233,44,200,0.22,152596.63010894952
uf175,0.01,13,8233,31,200,0.155,225119.75826565892
uf175,0.01,14,8233,45,200,0.225,148746.64175335338
uf175,0.01,15,8233,88,200,0.44,65390.059909524025
uf175,0.01,16,8233,129,200,0.645,36609.68874282326
uf175,0.01,17,8233,5,200,0.025,1497537.4710467202
uf175,0.01,18,8233,68,200,0.34,91246.58708170135
uf175,0.01,19,8233,61,200,0.305,104205.16809973719
uf175,0.01,20,8233,5,200,0.025,1497537.4710467202
uf175,0.01,21,8233,44,200,0.22,152596.63010894952
uf175,0.01,22,8233,92,200,0.46,61530.70268132435
uf175,0.01,23,8233,54,200,0.27,120473.69453671452
uf175,0.01,24,8233,4,200,0.02,1876697.2933553918
uf175,0.01,25,8233,33,200,0.165,210257.42490433066
uf175,0.01,26,8233,126,200,0.63,38133.54734782395
uf175,0.01,27,8233,107,200,0.535,49514.79841151946
uf175,0.01,28,8233,158,200,0.79,24293.99342894518
uf175,0.01,29,8233,42,200,0.21,160843.33450674504
uf175,0.01,30,8233,10,200,0.05,739168.0841315228
uf175,0.01,31,8233,35,200,0.175,197088.9074253817
uf175,0.01,32,8233,8,200,0.04,928772.9957052319
uf175,0.01,33,8233,7,200,0.035,1064197.8581912303
uf175,0.01,34,8233,89,200,0.445,64394.00921054744
uf175,0.01,35,8233,179,200,0.895,16822.45605238487
uf175,0.01,36,8233,5,200,0.025,1497537.4710467202
uf175,0.01,37,8233,16,200,0.08,454708.9774791226
uf175,0.01,38,8233,87,200,0.435,66408.13439235599
uf175,0.01,39,8233,161,200,0.805,23192.679901763157
uf175,0.01,40,8233,39,200,0.195,174790.6573969373
uf175,0.01,41,8233,126,200,0.63,38133.54734782395
uf175,0.01,42,8233,24,200,0.12,296592.08462876355
uf175,0.01,43,8233,66,200,0.33,94672.88383566626
uf175,0.01,44,8233,11,200,0.055,670216.2023691552
uf175,0.01,45,8233,5,200,0.025,1497537.4710467202
uf175,0.01,46,8233,1,200,0.005,7563900.207905163
uf175,0.01,47,8233,6,200,0.03,1244758.786330015
uf175,0.01,48,8233,126,200,0.63,38133.54734782395
uf175,0.01,49,8233,69,200,0.345,89606.64174955367
uf175,0.01,50,8233,35,199,0.17587939698492464,196002.2764290306
uf175,0.01,51,8233,26,200,0.13,272251.92665309104
uf175,0.01,52,8233,31,200,0.155,225119.75826565892
uf175,0.01,53,8233,14,200,0.07,522447.34975218866
uf175,0.01,54,8233,54,200,0.27,120473.69453671452
uf175,0.01,55,8233,5,200,0.025,1497537.4710467202
uf175,0.01,56,8233,60,200,0.3,106299.4942188949
uf175,0.01,57,8233,32,200,0.16,217457.00936545045
uf175,0.01,58,8233,188,200,0.94,13476.299750824397
uf175,0.01,59,8233,1,200,0.005,7563900.207905163
uf175,0.01,60,8233,159,199,0.7989949748743719,23631.11855231498
uf175,0.01,61,8233,168,200,0.84,20689.04814942905
uf175,0.01,62,8233,96,200,0.48,57979.555853734484
uf175,0.01,63,8233,123,200,0.615,39721.206583098996
uf175,0.01,64,8233,32,200,0.16,217457.00936545045
uf175,0.01,65,8233,11,200,0.055,670216.2023691552
uf175,0.01,66,8233,72,200,0.36,84955.10158806363
uf175,0.01,67,8233,13,200,0.065,564128.425453137
uf175,0.01,68,8233,6,200,0.03,1244758.786330015
uf175,0.01,69,8233,14,200,0.07,522447.34975218866
uf175,0.01,70,8233,183,200,0.915,15380.432547797584
uf175,0.01,71,8233,125,200,0.625,38655.41940640577
uf175,0.01,72,8233,98,200,0.49,56307.52629907732
uf175,0.01,73,8233,19,200,0.095,379826.07485788234
uf175,0.01,74,8233,25,200,0.125,283935.97487484827
uf175,0.01,75,8233,104,200,0.52,51656.61914493489
uf175,0.01,76,8233,66,200,0.33,94672.88383566626
uf175,0.01,77,8233,136,200,0.68,33274.72825826161
uf175,0.01,78,8233,133,200,0.665,34668.53346159196
uf175,0.01,79,8233,3,200,0.015,2508619.4745273623
uf175,0.01,80,8233,29,200,0.145,242026.45393851292
uf175,0.01,81,8233,9,200,0.045,823438.8146461776
uf175,0.01,82,8233,14,200,0.07,522447.34975218866
uf175,0.01,83,8233,140,200,0.7,31491.048639148405
uf175,0.01,84,8233,2,200,0.01,3772447.676764047
uf175,0.01,85,8233,16,199,0.08040201005025126,452337.94916401396
uf175,0.01,86,8233,19,200,0.095,379826.07485788234
uf175,0.01,87,8233,26,200,0.13,272251.92665309104
uf175,0.01,88,8233,33,200,0.165,210257.42490433066
uf175,0.01,89,8233,81,200,0.405,73025.4498002595
uf175,0.01,90,8233,138,200,0.69,32372.709252132023
uf175,0.01,91,8233,3,200,0.015,2508619.4745273623
uf175,0.01,92,8233,0,200,0.0,inf
uf175,0.01,93,8233,4,200,0.02,1876697.2933553918
uf175,0.01,94,8233,6,200,0.03,1244758.786330015
uf175,0.01,95,8233,156,200,0.78,25040.4013638858
uf175,0.01,96,8233,141,200,0.705,31057.494834266447
uf175,0.01,97,8233,0,200,0.0,inf
uf175,0.01,98,8233,113,200,0.565,45547.74738169768
uf175,0.01,99,8233,183,200,0.915,15380.432547797584
uf175,0.2,1,908,2,200,0.01,416055.20351047674
uf175,0.2,2,908,3,200,0.015,276670.2882146053
uf175,0.2,3,908,11,200,0.055,73916.71465458436
uf175,0.2,4,908,3,200,0.015,276670.2882146053
uf175,0.2,5,908,0,200,0.0,inf
uf175,0.2,6,908,2,200,0.01,416055.20351047674
uf175,0.2,7,908,8,200,0.04,102432.39160699025
uf175,0.2,8,908,14,200,0.07,57619.60325215442
uf175,0.2,9,908,0,200,0.0,inf
uf175,0.2,10,908,9,200,0.045,90815.30957108336
uf175,0.2,100,908,4,200,0.02,206976.9394347985
uf175,0.2,11,908,44,200,0.22,16829.556679087353
uf175,0.2,12,908,5,200,0.025,165160.21179526564
uf175,0.2,13,908,2,200,0.01,416055.20351047674
uf175,0.2,14,908,1,200,0.005,834206.4118520452
uf175,0.2,15,908,11,200,0.055,73916.71465458436
uf175,0.2,16,908,24,200,0.12,32710.508058170453
uf175,0.2,17,908,0,200,0.0,inf
uf175,0.2,18,908,10,200,0.05,81521.2705443244
uf175,0.2,19,908,4,200,0.02,206976.9394347985
uf175,0.2,20,908,0,200,0.0,inf
uf175,0.2,21,908,3,200,0.015,276670.2882146053
uf175,0.2,22,908,6,200,0.03,137281.79011146043
uf175,0.2,23,908,3,200,0.015,276670.2882146053
uf175,0.2,24,908,0,200,0.0,inf
uf175,0.2,25,908,4,200,0.02,206976.9394347985
uf175,0.2,26,908,11,200,0.055,73916.71465458436
uf175,0.2,27,908,10,200,0.05,81521.2705443244
uf175,0.2,28,908,28,200,0.14,27724.535289276922
uf175,0.2,29,908,5,200,0.025,165160.21179526564
uf175,0.2,30,908,0,200,0.0,inf
uf175,0.2,31,908,2,200,0.01,416055.20351047674
uf175,0.2,32,908,0,200,0.0,inf
uf175,0.2,33,908,0,200,0.0,inf
uf175,0.2,34,908,6,200,0.03,137281.79011146043
uf175,0.2,35,908,61,200,0.305,11492.565606044136
uf175,0.2,36,908,0,200,0.0,inf
uf175,0.2,37,908,2,200,0.01,416055.20351047674
uf175,0.2,38,908,9,200,0.045,90815.30957108336
uf175,0.2,39,908,45,200,0.225,16404.949679587622
uf175,0.2,40,908,4,200,0.02,206976.9394347985
uf175,0.2,41,908,22,200,0.11,35882.24142332276
uf175,0.2,42,908,1,200,0.005,834206.4118520452
uf175,0.2,43,908,4,200,0.02,206976.9394347985
uf175,0.2,44,908,1,200,0.005,834206.4118520452
uf175,0.2,45,908,0,200,0.0,inf
uf175,0.2,46,908,0,200,0.0,inf
uf175,0.2,47,908,2,200,0.01,416055.20351047674
uf175,0.2,48,908,15,200,0.075,53635.34955888096
uf175,0.2,49,908,9,200,0.045,90815.30957108336
uf175,0.2,50,908,4,200,0.02,206976.9394347985
uf175,0.2,51,908,0,200,0.0,inf
uf175,0.2,52,908,5,200,0.025,165160.21179526564
uf175,0.2,53,908,5,200,0.025,165160.21179526564
uf175,0.2,54,908,3,200,0.015,276670.2882146053
uf175,0.2,55,908,1,200,0.005,834206.4118520452
uf175,0.2,56,908,0,200,0.0,inf
uf175,0.2,57,908,3,200,0.015,276670.2882146053
uf175,0.2,58,908,48,200,0.24,15236.636750377742
uf175,0.2,59,908,0,200,0.0,inf
uf175,0.2,60,908,45,200,0.225,16404.949679587622
uf175,0.2,61,908,33,200,0.165,23188.842683485032
uf175,0.2,62,908,8,200,0.04,102432.39160699025
uf175,0.2,63,908,22,200,0.11,35882.24142332276
uf175,0.2,64,908,3,200,0.015,276670.2882146053
uf175,0.2,65,908,2,200,0.01,416055.20351047674
uf175,0.2,66,908,4,200,0.02,206976.9394347985
uf175,0.2,67,908,1,200,0.005,834206.4118520452
uf175,0.2,68,908,0,198,0.0,inf
uf175,0.2,69,908,1,200,0.005,834206.4118520452
uf175,0.2,70,908,59,200,0.295,11962.251743816743
uf175,0.2,71,908,14,200,0.07,57619.60325215442
uf175,0.2,72,908,10,200,0.05,81521.2705443244
uf175,0.2,73,908,1,200,0.005,834206.4118520452
uf175,0.2,74,908,0,200,0.0,inf
uf175,0.2,75,908,7,200,0.035,117368.11068111712
uf175,0.2,76,908,3,200,0.015,276670.2882146053
uf175,0.2,77,908,22,200,0.11,35882.24142332276
uf175,0.2,78,908,16,200,0.08,50148.88273424552
uf175,0.2,79,908,0,200,0.0,inf
uf175,0.2,80,908,4,200,0.02,206976.9394347985
uf175,0.2,81,908,0,200,0.0,inf
uf175,0.2,82,908,2,200,0.01,416055.20351047674
uf175,0.2,83,908,19,200,0.095,41890.20721133939
uf175,0.2,84,908,0,200,0.0,inf
uf175,0.2,85,908,0,200,0.0,inf
uf175,0.2,86,908,2,200,0.01,416055.20351047674
uf175,0.2,87,908,4,200,0.02,206976.9394347985
uf175,0.2,88,908,6,200,0.03,137281.79011146043
uf175,0.2,89,908,7,200,0.035,117368.11068111712
uf175,0.2,90,908,31,200,0.155,24827.977712282074
uf175,0.2,91,908,2,200,0.01,416055.20351047674
uf175,0.2,92,908,0,200,0.0,inf
uf175,0.2,93,908,0,200,0.0,inf
uf175,0.2,94,908,3,200,0.015,276670.2882146053
uf175,0.2,95,908,14,200,0.07,57619.60325215442
uf175,0.2,96,908,23,200,0.115,34227.51503692049
uf175,0.2,97,908,0,200,0.0,inf
uf175,0.2,98,908,8,200,0.04,102432.39160699025
uf175,0.2,99,908,38,200,0.19,19843.74555671882
uf175,0.02,1,5081,5,200,0.025,924205.9869292342
uf175,0.02,2,5081,31,200,0.155,138932.76955518196
uf175,0.02,3,5081,89,200,0.445,39740.79446116744
uf175,0.02,4,5081,49,200,0.245,83258.87911563362
uf175,0.02,5,5081,3,200,0.015,1548195.7427515523
uf175,0.02,6,5081,11,200,0.055,413624.2589867215
uf175,0.02,7,5081,43,200,0.215,96660.96091188313
uf175,0.02,8,5081,64,200,0.32,60671.88507873735
uf175,0.02,9,5081,0,200,0.0,inf
uf175,0.02,10,5081,77,200,0.385,48132.649248442984
uf175,0.02,100,5081,41,200,0.205,101994.45085710596
uf175,0.02,11,5081,162,200,0.81,14089.498420269245
uf175,0.02,12,5081,31,200,0.155,138932.76955518196
uf175,0.02,13,5081,25,200,0.125,175231.22656857816
uf175,0.02,14,5081,31,200,0.155,138932.76955518196
uf175,0.02,15,5081,58,200,0.29,68319.80089294072
uf175,0.02,16,5081,111,199,0.5577889447236181,28676.20963221701
uf175,0.02,17,5081,2,200,0.01,2328167.939467767
uf175,0.02,18,5081,44,200,0.22,94175.08533749211
uf175,0.02,19,5081,51,200,0.255,79487.66997376713
uf175,0.02,20,5081,5,200,0.025,924205.9869292342
uf175,0.02,21,5081,36,199,0.18090452261306533,117255.46246752012
uf175,0.02,22,5081,86,200,0.43,41626.191468286714
uf175,0.02,23,5081,30,200,0.15,143976.27271674742
uf175,0.02,24,5081,5,200,0.025,924205.9869292342
uf175,0.02,25,5081,22,200,0.11,200790.38399989312
uf175,0.02,26,5081,80,200,0.4,45805.98275885337
uf175,0.02,27,5081,70,200,0.35,54317.079069086496
uf175,0.02,28,5081,136,200,0.68,20535.51491318198
uf175,0.02,29,5081,34,200,0.17,125577.86016645274
uf175,0.02,30,5081,8,200,0.04,573192.71118405
uf175,0.02,31,5081,17,200,0.085,263408.1955953604
uf175,0.02,32,5081,10,200,0.05,456177.9467353659
uf175,0.02,33,5081,5,200,0.025,924205.9869292342
uf175,0.02,34,5081,62,200,0.31,63058.90575790426
uf175,0.02,35,5081,165,200,0.825,13424.717031501881
uf175,0.02,36,5081,1,200,0.005,4668064.734163262
uf175,0.02,37,5081,15,200,0.075,300133.49241043406
uf175,0.02,38,5081,48,200,0.24,85261.40014170628
uf175,0.02,39,5081,133,200,0.665,21395.70248006179
uf175,0.02,40,5081,28,200,0.14,155141.36982909255
uf175,0.02,41,5081,88,200,0.44,40355.50764002084
uf175,0.02,42,5081,18,200,0.09,248104.13673395966
uf175,0.02,43,5081,52,200,0.26,77709.97660207939
uf175,0.02,44,5081,14,200,0.07,322428.6389033002
uf175,0.02,45,5081,5,200,0.025,924205.9869292342
uf175,0.02,46,5081,2,200,0.01,2328167.939467767
uf175,0.02,47,5081,5,200,0.025,924205.9869292342
uf175,0.02,48,5081,86,200,0.43,41626.191468286714
uf175,0.02,49,5081,50,200,0.25,81335.86328681442
uf175,0.02,50,5081,24,200,0.12,183041.95092903532
uf175,0.02,51,5081,9,200,0.045,508185.6695271746
uf175,0.02,52,5081,19,200,0.095,234409.84894362933
uf175,0.02,53,5081,8,200,0.04,573192.71118405
uf175,0.02,54,5081,31,200,0.155,138932.76955518196
uf175,0.02,55,5081,1,200,0.005,4668064.734163262
uf175,0.02,56,5081,44,200,0.22,94175.08533749211
uf175,0.02,57,5081,17,200,0.085,263408.1955953604
uf175,0.02,58,5081,160,200,0.8,14538.535183141817
uf175,0.02,59,5081,0,200,0.0,inf
uf175,0.02,60,5081,137,200,0.685,20255.55864641059
uf175,0.02,61,5081,135,200,0.675,20818.794500386182
uf175,0.02,62,5081,61,200,0.305,64310.27075364565
uf175,0.02,63,5081,100,200,0.5,33757.43330024537
uf175,0.02,64,5081,19,200,0.095,234409.84894362933
uf175,0.02,65,5081,6,200,0.03,768203.4973087339
uf175,0.02,66,5081,57,198,0.2878787878787879,68920.11076173965
uf175,0.02,67,5081,7,200,0.035,656770.2316858547
uf175,0.02,68,5081,0,200,0.0,inf
uf175,0.02,69,5081,5,200,0.025,924205.9869292342
uf175,0.02,70,5081,166,200,0.83,13205.101366630852
uf175,0.02,71,5081,92,200,0.46,37973.70342813179
uf175,0.02,72,5081,64,200,0.32,60671.88507873735
uf175,0.02,73,5081,15,200,0.075,300133.49241043406
uf175,0.02,74,5081,13,200,0.065,348152.1352760099
uf175,0.02,75,5081,70,200,0.35,54317.079069086496
uf175,0.02,76,5081,57,200,0.285,69748.94584252825
uf175,0.02,77,5081,111,200,0.555,28898.874750701183
uf175,0.02,78,5081,118,200,0.59,26243.740547368685
uf175,0.02,79,5081,1,200,0.005,4668064.734163262
uf175,0.02,80,5081,24,200,0.12,183041.95092903532
uf175,0.02,81,5081,4,200,0.02,1158204.6577843735
uf175,0.02,82,5081,6,200,0.03,768203.4973087339
uf175,0.02,83,5081,109,200,0.545,29714.440483302555
uf175,0.02,84,5081,1,200,0.005,4668064.734163262
uf175,0.02,85,5081,11,200,0.055,413624.2589867215
uf175,0.02,86,5081,10,200,0.05,456177.9467353659
uf175,0.02,87,5081,31,200,0.155,138932.76955518196
uf175,0.02,88,5081,24,200,0.12,183041.95092903532
uf175,0.02,89,5081,60,200,0.3,65602.7851483305
uf175,0.02,90,5081,128,200,0.64,22902.991379426687
uf175,0.02,91,5081,6,200,0.03,768203.4973087339
uf175,0.02,92,5081,0,200,0.0,inf
uf175,0.02,93,5081,2,200,0.01,2328167.939467767
uf175,0.02,94,5081,3,200,0.015,1548195.7427515523
uf175,0.02,95,5081,105,200,0.525,31431.48512532956
uf175,0.02,96,5081,113,200,0.565,28109.814702587868
uf175,0.02,97,5081,0,200,0.0,inf
uf175,0.02,98,5081,86,200,0.43,41626.191468286714
uf175,0.02,99,5081,157,200,0.785,15222.566594707201
uf175,0.3,1,488,0,200,0.0,inf
uf175,0.3,2,488,1,200,0.005,448340.0098940507
uf175,0.3,3,488,4,200,0.02,111238.707537645
uf175,0.3,4,488,0,200,0.0,inf
uf175,0.3,5,488,0,200,0.0,inf
uf175,0.3,6,488,1,200,0.005,448340.0098940507
uf175,0.3,7,488,3,199,0.01507537688442211,147945.92275202958
uf175,0.3,8,488,8,200,0.04,55051.76993855863
uf175,0.3,9,488,0,200,0.0,inf
uf175,0.3,10,488,1,200,0.005,448340.0098940507
uf175,0.3,100,488,1,190,0.005263157894736842,425866.7298488868
uf175,0.3,11,488,22,200,0.11,19284.72887068448
uf175,0.3,12,488,2,200,0.01,223606.76135805357
uf175,0.3,13,488,0,200,0.0,inf
uf175,0.3,14,488,3,200,0.015,148695.04476732088
uf175,0.3,15,488,9,200,0.045,48808.228051419246
uf175,0.3,16,488,7,200,0.035,63078.89648941096
uf175,0.3,17,488,2,200,0.01,223606.76135805357
uf175,0.3,18,488,5,200,0.025,88764.51911463615
uf175,0.3,19,488,3,200,0.015,148695.04476732088
uf175,0.3,20,488,0,200,0.0,inf
uf175,0.3,21,488,1,200,0.005,448340.0098940507
uf175,0.3,22,488,1,200,0.005,448340.0098940507
uf175,0.3,23,488,1,200,0.005,448340.0098940507
uf175,0.3,24,488,0,200,0.0,inf
uf175,0.3,25,488,2,200,0.01,223606.76135805357
uf175,0.3,26,488,6,200,0.03,73781.40261496992
uf175,0.3,27,488,7,198,0.03535353535353535,62436.73557064648
uf175,0.3,28,488,15,200,0.075,28826.046899486682
uf175,0.3,29,488,2,200,0.01,223606.76135805357
uf175,0.3,30,488,0,200,0.0,inf
uf175,0.3,31,488,2,200,0.01,223606.76135805357
uf175,0.3,32,488,0,200,0.0,inf
uf175,0.3,33,488,0,200,0.0,inf
uf175,0.3,34,488,3,200,0.015,148695.04476732088
uf175,0.3,35,488,27,200,0.135,15496.025423559842
uf175,0.3,36,488,1,200,0.005,448340.0098940507
uf175,0.3,37,488,1,200,0.005,448340.0098940507
uf175,0.3,38,488,5,200,0.025,88764.51911463615
uf175,0.3,39,488,15,200,0.075,28826.046899486682
uf175,0.3,40,488,1,200,0.005,448340.0098940507
uf175,0.3,41,488,13,200,0.065,33437.95355534203
uf175,0.3,42,488,1,200,0.005,448340.0098940507
uf175,0.3,43,488,5,200,0.025,88764.51911463615
uf175,0.3,44,488,0,200,0.0,inf
uf175,0.3,45,488,0,200,0.0,inf
uf175,0.3,46,488,0,200,0.0,inf
uf175,0.3,47,488,0,200,0.0,inf
uf175,0.3,48,488,6,200,0.03,73781.40261496992
uf175,0.3,49,488,6,200,0.03,73781.40261496992
uf175,0.3,50,488,3,200,0.015,148695.04476732088
uf175,0.3,51,488,1,200,0.005,448340.0098940507
uf175,0.3,52,488,2,200,0.01,223606.76135805357
uf175,0.3,53,488,3,200,0.015,148695.04476732088
uf175,0.3,54,488,1,200,0.005,448340.0098940507
uf175,0.3,55,488,0,200,0.0,inf
uf175,0.3,56,488,3,200,0.015,148695.04476732088
uf175,0.3,57,488,4,199,0.020100502512562814,110676.85756844426
uf175,0.3,58,488,25,200,0.125,16829.922961123033
uf175,0.3,59,488,0,200,0.0,inf
uf175,0.3,60,488,18,200,0.09,23828.934998262608
uf175,0.3,61,488,16,200,0.08,26952.262967303755
uf175,0.3,62,488,8,200,0.04,55051.76993855863
uf175,0.3,63,488,9,200,0.045,48808.228051419246
uf175,0.3,64,488,0,200,0.0,inf
uf175,0.3,65,488,1,200,0.005,448340.0098940507
uf175,0.3,66,488,1,200,0.005,448340.0098940507
uf175,0.3,67,488,1,200,0.005,448340.0098940507
uf175,0.3,68,488,0,200,0.0,inf
uf175,0.3,69,488,1,200,0.005,448340.0098940507
uf175,0.3,70,488,36,200,0.18,11324.32562533521
uf175,0.3,71,488,3,200,0.015,148695.04476732088
uf175,0.3,72,488,3,200,0.015,148695.04476732088
uf175,0.3,73,488,0,200,0.0,inf
uf175,0.3,74,488,1,200,0.005,448340.0098940507
uf175,0.3,75,488,6,200,0.03,73781.40261496992
uf175,0.3,76,488,0,200,0.0,inf
uf175,0.3,77,488,5,200,0.025,88764.51911463615
uf175,0.3,78,488,5,200,0.025,88764.51911463615
uf175,0.3,79,488,0,200,0.0,inf
uf175,0.3,80,488,2,200,0.01,223606.76135805357
uf175,0.3,81,488,0,199,0.0,inf
uf175,0.3,82,488,1,200,0.005,448340.0098940507
uf175,0.3,83,488,6,195,0.03076923076923077,71908.4848395474
uf175,0.3,84,488,2,197,0.01015228426395939,220235.74797243963
uf175,0.3,85,488,1,196,0.00510204081632653,439350.69848412694
uf175,0.3,86,488,3,190,0.015789473684210527,141203.81777134247
uf175,0.3,87,488,1,190,0.005263157894736842,425866.7298488868
uf175,0.3,88,488,0,188,0.0,inf
uf175,0.3,89,488,2,196,0.01020408163265306,219112.07664691028
uf175,0.3,90,488,18,198,0.09090909090909091,23579.04533782247
uf175,0.3,91,488,0,186,0.0,inf
uf175,0.3,92,488,0,186,0.0,inf
uf175,0.3,93,488,0,190,0.0,inf
uf175,0.3,94,488,0,193,0.0,inf
uf175,0.3,95,488,10,196,0.05102040816326531,42914.06340270797
uf175,0.3,96,488,10,196,0.05102040816326531,42914.06340270797
uf175,0.3,97,488,0,200,0.0,inf
uf175,0.3,98,488,3,196,0.015306122448979591,145698.55582189397
uf175,0.3,99,488,31,193,0.16062176165803108,12834.962527957261
uf175,0.03,1,3084,4,200,0.02,702992.159930527
uf175,0.03,2,3084,21,200,0.105,128027.99097962222
uf175,0.03,3,3084,53,200,0.265,46128.76565132307
uf175,0.03,4,3084,31,200,0.155,84327.62474083471
uf175,0.03,5,3084,0,200,0.0,inf
uf175,0.03,6,3084,7,200,0.035,398637.9442076709
uf175,0.03,7,3084,33,197,0.16751269035532995,77465.65910373899
uf175,0.03,8,3084,40,200,0.2,63646.67394572774
uf175,0.03,9,3084,0,200,0.0,inf
uf175,0.03,10,3084,58,200,0.29,41467.87363783294
uf175,0.03,100,3084,24,200,0.12,111100.44807422652
uf175,0.03,11,3084,118,200,0.59,15929.08794490947
uf175,0.03,12,3084,21,200,0.105,128027.99097962222
uf175,0.03,13,3084,11,200,0.055,251056.33039068079
uf175,0.03,14,3084,18,200,0.09,150591.05642344648
uf175,0.03,15,3084,42,200,0.21,60250.31502718349
uf175,0.03,16,3084,72,200,0.36,31823.336972863865
uf175,0.03,17,3084,1,200,0.005,2833361.8658058452
uf175,0.03,18,3084,30,200,0.15,87388.86539233399
uf175,0.03,19,3084,22,200,0.11,121873.1636008011
uf175,0.03,20,3084,1,200,0.005,2833361.8658058452
uf175,0.03,21,3084,17,200,0.085,159880.11714546182
uf175,0.03,22,3084,44,200,0.22,57161.18149593105
uf175,0.03,23,3084,25,200,0.125,106359.59510676934
uf175,0.03,24,3084,2,200,0.01,1413121.4180906499
uf175,0.03,25,3084,14,200,0.07,195703.58637626015
uf175,0.03,26,3084,44,200,0.22,57161.18149593105
uf175,0.03,27,3084,60,200,0.3,39818.73438249385
uf175,0.03,28,3084,97,200,0.485,21402.34114644598
uf175,0.03,29,3084,22,200,0.11,121873.1636008011
uf175,0.03,30,3084,2,200,0.01,1413121.4180906499
uf175,0.03,31,3084,18,200,0.09,150591.05642344648
uf175,0.03,32,3084,6,200,0.03,466274.2739028017
uf175,0.03,33,3084,2,200,0.01,1413121.4180906499
uf175,0.03,34,3084,42,200,0.21,60250.31502718349
uf175,0.03,35,3084,146,200,0.73,10847.004835837679
uf175,0.03,36,3084,2,200,0.01,1413121.4180906499
uf175,0.03,37,3084,7,200,0.035,398637.9442076709
uf175,0.03,38,3084,41,200,0.205,61907.279362982634
uf175,0.03,39,3084,115,200,0.575,16597.998549491735
uf175,0.03,40,3084,13,200,0.065,211316.90320630083
uf175,0.03,41,3084,53,200,0.265,46128.76565132307
uf175,0.03,42,3084,10,200,0.05,276885.02021882863
uf175,0.03,43,3084,30,200,0.15,87388.86539233399
uf175,0.03,44,3084,9,200,0.045,308451.99858724786
uf175,0.03,45,3084,4,200,0.02,702992.159930527
uf175,0.03,46,3084,0,200,0.0,inf
uf175,0.03,47,3084,6,200,0.03,466274.2739028017
uf175,0.03,48,3084,57,200,0.285,42335.31764974554
uf175,0.03,49,3084,39,200,0.195,65474.843606480594
uf175,0.03,50,3084,23,200,0.115,116252.92552187531
uf175,0.03,51,3084,8,200,0.04,347909.13625105494
uf175,0.03,52,3084,16,200,0.08,170329.46514582945
uf175,0.03,53,3084,9,200,0.045,308451.99858724786
uf175,0.03,54,3084,25,200,0.125,106359.59510676934
uf175,0.03,55,3084,1,200,0.005,2833361.8658058452
uf175,0.03,56,3084,22,200,0.11,121873.1636008011
uf175,0.03,57,3084,20,200,0.1,134797.6019755965
uf175,0.03,58,3084,136,200,0.68,12464.382600325374
uf175,0.03,59,3084,0,200,0.0,inf
uf175,0.03,60,3084,115,200,0.575,16597.998549491735
uf175,0.03,61,3084,92,200,0.46,23048.789878440944
uf175,0.03,62,3084,44,199,0.22110552763819097,56836.727473110615
uf175,0.03,63,3084,75,200,0.375,30217.521673990632
uf175,0.03,64,3084,15,200,0.075,182171.16524183797
uf175,0.03,65,3084,7,200,0.035,398637.9442076709
uf175,0.03,66,3084,34,200,0.17,76221.6336849715
uf175,0.03,67,3084,6,200,0.03,466274.2739028017
uf175,0.03,68,3084,2,200,0.01,1413121.4180906499
uf175,0.03,69,3084,9,200,0.045,308451.99858724786
uf175,0.03,70,3084,146,200,0.73,10847.004835837679
uf175,0.03,71,3084,62,200,0.31,38274.68320357739
uf175,0.03,72,3084,49,200,0.245,50535.40310817045
uf175,0.03,73,3084,6,200,0.03,466274.2739028017
uf175,0.03,74,3084,6,200,0.03,466274.2739028017
uf175,0.03,75,3084,52,200,0.26,47167.401661250304
uf175,0.03,76,3084,34,200,0.17,76221.6336849715
uf175,0.03,77,3084,69,200,0.345,33565.75770139968
uf175,0.03,78,3084,78,200,0.39,28732.4510153023
uf175,0.03,79,3084,0,200,0.0,inf
uf175,0.03,80,3084,10,200,0.05,276885.02021882863
uf175,0.03,81,3084,3,200,0.015,939703.9304557738
uf175,0.03,82,3084,2,196,0.01020408163265306,1384716.4843833428
uf175,0.03,83,3084,71,200,0.355,32388.105217270673
uf175,0.03,84,3084,2,200,0.01,1413121.4180906499
uf175,0.03,85,3084,4,200,0.02,702992.159930527
uf175,0.03,86,3084,13,200,0.065,211316.90320630083
uf175,0.03,87,3084,10,200,0.05,276885.02021882863
uf175,0.03,88,3084,13,200,0.065,211316.90320630083
uf175,0.03,89,3084,38,200,0.19,67398.80098779827
uf175,0.03,90,3084,77,200,0.385,29214.93609175323
uf175,0.03,91,3084,1,200,0.005,2833361.8658058452
uf175,0.03,92,3084,0,200,0.0,inf
uf175,0.03,93,3084,1,200,0.005,2833361.8658058452
uf175,0.03,94,3084,3,200,0.015,939703.9304557738
uf175,0.03,95,3084,82,200,0.41,26917.102978742103
uf175,0.03,96,3084,71,200,0.355,32388.105217270673
uf175,0.03,97,3084,1,200,0.005,2833361.8658058452
uf175,0.03,98,3084,52,200,0.26,47167.401661250304
uf175,0.03,99,3084,135,200,0.675,12636.32399905353
uf175,0.04,1,2219,3,200,0.015,676135.8695464858
uf175,0.04,2,2219,18,200,0.09,108353.29254332936
uf175,0.04,3,2219,34,200,0.17,54842.99777787023
uf175,0.04,4,2219,19,200,0.095,102372.65396691862
uf175,0.04,5,2219,1,200,0.005,2038660.823678071
uf175,0.04,6,2219,5,200,0.025,403623.9096626591
uf175,0.04,7,2219,15,200,0.075,131075.81571713308
uf175,0.04,8,2219,32,200,0.16,58610.11827789804
uf175,0.04,9,2219,0,200,0.0,inf
uf175,0.04,10,2219,35,200,0.175,53120.4039325789
uf175,0.04,100,2219,16,200,0.08,122555.47443534229
uf175,0.04,11,2219,95,200,0.475,15859.022844122203
uf175,0.04,12,2219,20,200,0.1,96989.58456026223
uf175,0.04,13,2219,6,200,0.03,335493.7139397915
uf175,0.04,14,2219,7,200,0.035,286828.0149795142
uf175,0.04,15,2219,35,200,0.175,53120.4039325789
uf175,0.04,16,2219,58,200,0.29,29836.968742656063
uf175,0.04,17,2219,2,200,0.01,1016769.269371969
uf175,0.04,18,2219,28,199,0.1407035175879397,67388.4672855586
uf175,0.04,19,2219,19,200,0.095,102372.65396691862
uf175,0.04,20,2219,1,200,0.005,2038660.823678071
uf175,0.04,21,2219,15,200,0.075,131075.81571713308
uf175,0.04,22,2219,35,200,0.175,53120.4039325789
uf175,0.04,23,2219,18,200,0.09,108353.29254332936
uf175,0.04,24,2219,0,200,0.0,inf
uf175,0.04,25,2219,10,200,0.05,199224.3384778148
uf175,0.04,26,2219,42,200,0.21,43351.31292001303
uf175,0.04,27,2219,45,200,0.225,40090.95081388208
uf175,0.04,28,2219,81,200,0.405,19682.190344561623
uf175,0.04,29,2219,18,200,0.09,108353.29254332936
uf175,0.04,30,2219,1,200,0.005,2038660.823678071
uf175,0.04,31,2219,10,200,0.05,199224.3384778148
uf175,0.04,32,2219,2,200,0.01,1016769.269371969
uf175,0.04,33,2219,0,200,0.0,inf
uf175,0.04,34,2219,26,200,0.13,73378.7228523271
uf175,0.04,35,2219,122,200,0.61,10852.570054477002
uf175,0.04,36,2219,1,200,0.005,2038660.823678071
uf175,0.04,37,2219,3,200,0.015,676135.8695464858
uf175,0.04,38,2219,34,200,0.17,54842.99777787023
uf175,0.04,39,2219,82,200,0.41,19367.39672821943
uf175,0.04,40,2219,13,200,0.065,152046.7601215245
uf175,0.04,41,2219,52,200,0.26,33937.89373745604
uf175,0.04,42,2219,9,200,0.045,221937.41402889206
uf175,0.04,43,2219,22,198,0.1111111111111111,86760.13982624619
uf175,0.04,44,2219,2,200,0.01,1016769.269371969
uf175,0.04,45,2219,1,200,0.005,2038660.823678071
uf175,0.04,46,2219,0,200,0.0,inf
uf175,0.04,47,2219,1,200,0.005,2038660.823678071
uf175,0.04,48,2219,37,200,0.185,49953.63066051302
uf175,0.04,49,2219,29,200,0.145,65232.19984083083
uf175,0.04,50,2219,13,200,0.065,152046.7601215245
uf175,0.04,51,2219,5,200,0.025,403623.9096626591
uf175,0.04,52,2219,18,200,0.09,108353.29254332936
uf175,0.04,53,2219,1,198,0.005050505050505051,2018223.0351667549
uf175,0.04,54,2219,8,200,0.04,250327.61781488033
uf175,0.04,55,2219,0,200,0.0,inf
uf175,0.04,56,2219,15,200,0.075,131075.81571713308
uf175,0.04,57,2219,13,200,0.065,152046.7601215245
uf175,0.04,58,2219,117,199,0.5879396984924623,11526.09844159783
uf175,0.04,59,2219,0,200,0.0,inf
uf175,0.04,60,2219,88,200,0.44,17624.26125825748
uf175,0.04,61,2219,91,200,0.455,16835.89192984655
uf175,0.04,62,2219,32,200,0.16,58610.11827789804
uf175,0.04,63,2219,63,200,0.315,27010.014217141626
uf175,0.04,64,2219,7,200,0.035,286828.0149795142
uf175,0.04,65,2219,8,200,0.04,250327.61781488033
uf175,0.04,66,2219,28,200,0.14,67754.12313535847
uf175,0.04,67,2219,8,200,0.04,250327.61781488033
uf175,0.04,68,2219,1,198,0.005050505050505051,2018223.0351667549
uf175,0.04,69,2219,7,200,0.035,286828.0149795142
uf175,0.04,70,2219,125,200,0.625,10418.605084758217
uf175,0.04,71,2219,36,200,0.18,51493.193775858264
uf175,0.04,72,2219,23,200,0.115,83646.31703406009
uf175,0.04,73,2219,7,200,0.035,286828.0149795142
uf175,0.04,74,2219,4,200,0.02,505816.9918566276
uf175,0.04,75,2219,34,200,0.17,54842.99777787023
uf175,0.04,76,2219,18,200,0.09,108353.29254332936
uf175,0.04,77,2219,64,200,0.32,26496.93229476839
uf175,0.04,78,2219,57,200,0.285,30461.112148114582
uf175,0.04,79,2219,1,200,0.005,2038660.823678071
uf175,0.04,80,2219,8,200,0.04,250327.61781488033
uf175,0.04,81,2219,2,200,0.01,1016769.269371969
uf175,0.04,82,2219,3,200,0.015,676135.8695464858
uf175,0.04,83,2219,56,198,0.2828282828282828,30739.00093187773
uf175,0.04,84,2219,3,200,0.015,676135.8695464858
uf175,0.04,85,2219,3,200,0.015,676135.8695464858
uf175,0.04,86,2219,4,200,0.02,505816.9918566276
uf175,0.04,87,2219,8,200,0.04,250327.61781488033
uf175,0.04,88,2219,15,200,0.075,131075.81571713308
uf175,0.04,89,2219,32,200,0.16,58610.11827789804
uf175,0.04,90,2219,60,200,0.3,28650.379894537567
uf175,0.04,91,2219,2,200,0.01,1016769.269371969
uf175,0.04,92,2219,0,200,0.0,inf
uf175,0.04,93,2219,3,199,0.01507537688442211,672729.5134974461
uf175,0.04,94,2219,1,200,0.005,2038660.823678071
uf175,0.04,95,2219,64,200,0.32,26496.93229476839
uf175,0.04,96,2219,60,200,0.3,28650.379894537567
uf175,0.04,97,2219,0,200,0.0,inf
uf175,0.04,98,2219,32,200,0.16,58610.11827789804
uf175,0.04,99,2219,107,200,0.535,13345.48010144075
uf175,0.05,1,2433,3,200,0.015,741342.3031124831
uf175,0.05,2,2433,17,200,0.085,126131.10409043731
uf175,0.05,3,2433,45,200,0.225,43957.3156062078
uf175,0.05,4,2433,32,200,0.16,64262.46857599186
uf175,0.05,5,2433,2,200,0.01,1114826.332754394
uf175,0.05,6,2433,4,200,0.02,554597.9004899391
uf175,0.05,7,2433,28,200,0.14,74288.31977842594
uf175,0.05,8,2433,31,200,0.155,66526.94909028886
uf175,0.05,9,2433,0,199,0.0,inf
uf175,0.05,10,2433,41,200,0.205,48839.30307721685
uf175,0.05,100,2433,22,200,0.11,96147.01914421176
uf175,0.05,11,2433,107,200,0.535,14632.516037316513
uf175,0.05,12,2433,19,200,0.095,112245.45610703605
uf175,0.05,13,2433,21,200,0.105,101002.62712497436
uf175,0.05,14,2433,22,200,0.11,96147.01914421176
uf175,0.05,15,2433,41,200,0.205,48839.30307721685
uf175,0.05,16,2433,65,200,0.325,28506.781202510498
uf175,0.05,17,2433,0,200,0.0,inf
uf175,0.05,18,2433,29,200,0.145,71523.18261051888
uf175,0.05,19,2433,22,199,0.11055276381909548,95637.14949837621
uf175,0.05,20,2433,5,200,0.025,442549.3340285036
uf175,0.05,21,2433,12,200,0.06,181079.6922401937
uf175,0.05,22,2433,42,200,0.21,47532.10650490838
uf175,0.05,23,2433,19,200,0.095,112245.45610703605
uf175,0.05,24,2433,2,200,0.01,1114826.332754394
uf175,0.05,25,2433,15,200,0.075,143716.74611977686
uf175,0.05,26,2433,34,200,0.17,60132.04758610107
uf175,0.05,27,2433,48,200,0.24,40826.803098754455
uf175,0.05,28,2433,98,200,0.49,16639.889649660527
uf175,0.05,29,2433,13,200,0.065,166710.12500030154
uf175,0.05,30,2433,4,200,0.02,554597.9004899391
uf175,0.05,31,2433,12,200,0.06,181079.6922401937
uf175,0.05,32,2433,3,200,0.015,741342.3031124831
uf175,0.05,33,2433,1,200,0.005,2235268.9427709538
uf175,0.05,34,2433,36,200,0.18,56459.18902959133
uf175,0.05,35,2433,127,200,0.635,11117.022330370779
uf175,0.05,36,2433,3,200,0.015,741342.3031124831
uf175,0.05,37,2433,4,200,0.02,554597.9004899391
uf175,0.05,38,2433,27,200,0.135,77257.84806459241
uf175,0.05,39,2433,71,197,0.3604060913705584,25070.10961720555
uf175,0.05,40,2433,13,200,0.065,166710.12500030154
uf175,0.05,41,2433,57,200,0.285,33398.776861812876
uf175,0.05,42,2433,6,200,0.03,367848.6732832414
uf175,0.05,43,2433,21,200,0.105,101002.62712497436
uf175,0.05,44,2433,8,200,0.04,274469.172664986
uf175,0.05,45,2433,0,200,0.0,inf
uf175,0.05,46,2433,1,200,0.005,2235268.9427709538
uf175,0.05,47,2433,2,200,0.01,1114826.332754394
uf175,0.05,48,2433,52,200,0.26,37210.85870357393
uf175,0.05,49,2433,32,200,0.16,64262.46857599186
uf175,0.05,50,2433,22,200,0.11,96147.01914421176
uf175,0.05,51,2433,5,200,0.025,442549.3340285036
uf175,0.05,52,2433,11,200,0.055,198060.9766019865
uf175,0.05,53,2433,5,200,0.025,442549.3340285036
uf175,0.05,54,2433,10,200,0.05,218437.50135940668
uf175,0.05,55,2433,0,200,0.0,inf
uf175,0.05,56,2433,13,200,0.065,166710.12500030154
uf175,0.05,57,2433,16,200,0.08,134374.70450706975
uf175,0.05,58,2433,116,200,0.58,12915.702282655724
uf175,0.05,59,2433,0,200,0.0,inf
uf175,0.05,60,2433,98,200,0.49,16639.889649660527
uf175,0.05,61,2433,76,200,0.38,23438.368089600506
uf175,0.05,62,2433,38,200,0.19,53171.622180062644
uf175,0.05,63,2433,66,200,0.33,27977.54480410252
uf175,0.05,64,2433,11,200,0.055,198060.9766019865
uf175,0.05,65,2433,6,200,0.03,367848.6732832414
uf175,0.05,66,2433,32,200,0.16,64262.46857599186
uf175,0.05,67,2433,9,200,0.045,243341.02223176853
uf175,0.05,68,2433,3,200,0.015,741342.3031124831
uf175,0.05,69,2433,5,199,0.02512562814070352,440308.3379056897
uf175,0.05,70,2433,113,200,0.565,13460.180903640285
uf175,0.05,71,2433,56,200,0.28,34107.2765575922
uf175,0.05,72,2433,37,200,0.185,54771.15069717359
uf175,0.05,73,2433,9,200,0.045,243341.02223176853
uf175,0.05,74,2433,7,199,0.035175879396984924,312888.8664511243
uf175,0.05,75,2433,39,200,0.195,51653.791989159305
uf175,0.05,76,2433,24,200,0.12,87648.31068890827
uf175,0.05,77,2433,62,200,0.31,30195.299686868937
uf175,0.05,78,2433,68,200,0.34,26965.012312617444
uf175,0.05,79,2433,1,200,0.005,2235268.9427709538
uf175,0.05,80,2433,14,200,0.07,154392.6153221274
uf175,0.05,81,2433,2,200,0.01,1114826.332754394
uf175,0.05,82,2433,1,200,0.005,2235268.9427709538
uf175,0.05,83,2433,55,200,0.275,34841.26125174856
uf175,0.05,84,2433,2,200,0.01,1114826.332754394
uf175,0.05,85,2433,4,200,0.02,554597.9004899391
uf175,0.05,86,2433,10,200,0.05,218437.50135940668
uf175,0.05,87,2433,9,200,0.045,243341.02223176853
uf175,0.05,88,2433,19,200,0.095,112245.45610703605
uf175,0.05,89,2433,29,200,0.145,71523.18261051888
uf175,0.05,90,2433,60,200,0.3,31413.41788346548
uf175,0.05,91,2433,3,200,0.015,741342.3031124831
uf175,0.05,92,2433,0,200,0.0,inf
uf175,0.05,93,2433,2,200,0.01,1114826.332754394
uf175,0.05,94,2433,3,199,0.01507537688442211,737607.438638705
uf175,0.05,95,2433,70,200,0.35,26009.339377108336
uf175,0.05,96,2433,67,200,0.335,27463.851373518057
uf175,0.05,97,2433,0,200,0.0,inf
uf175,0.05,98,2433,37,200,0.185,54771.15069717359
uf175,0.05,99,2433,114,200,0.57,13275.80142575307
uf175,0.06,1,1477,1,200,0.005,1356963.5135522806
uf175,0.06,2,1477,3,200,0.015,450046.2727896167
uf175,0.06,3,1477,19,200,0.095,68140.78860258621
uf175,0.06,4,1477,14,200,0.07,93727.04185400008
uf175,0.06,5,1477,0,200,0.0,inf
uf175,0.06,6,1477,6,200,0.03,223309.69602932493
uf175,0.06,7,1477,10,200,0.05,132606.7363369682
uf175,0.06,8,1477,19,200,0.095,68140.78860258621
uf175,0.06,9,1477,0,200,0.0,inf
uf175,0.06,10,1477,25,200,0.125,50938.10699503837
uf175,0.06,100,1477,13,200,0.065,101204.62582221348
uf175,0.06,11,1477,69,200,0.345,16075.429353102245
uf175,0.06,12,1477,7,200,0.035,190917.0699075
uf175,0.06,13,1477,3,200,0.015,450046.2727896167
uf175,0.06,14,1477,8,200,0.04,166621.85286731782
uf175,0.06,15,1477,24,200,0.12,53208.61277744247
uf175,0.06,16,1477,55,200,0.275,21151.065708521422
uf175,0.06,17,1477,0,200,0.0,inf
uf175,0.06,18,1477,14,200,0.07,93727.04185400008
uf175,0.06,19,1477,5,200,0.025,268658.18592688034
uf175,0.06,20,1477,1,200,0.005,1356963.5135522806
uf175,0.06,21,1477,6,200,0.03,223309.69602932493
uf175,0.06,22,1477,21,200,0.105,61315.61046592154
uf175,0.06,23,1477,12,200,0.06,109927.95126952983
uf175,0.06,24,1477,0,200,0.0,inf
uf175,0.06,25,1477,11,200,0.055,120236.77042381179
uf175,0.06,26,1477,19,200,0.095,68140.78860258621
uf175,0.06,27,1477,26,200,0.13,48841.98902788965
uf175,0.06,28,1477,56,200,0.28,20705.486015439245
uf175,0.06,29,1477,15,200,0.075,87246.04768553654
uf175,0.06,30,1477,3,200,0.015,450046.2727896167
uf175,0.06,31,1477,5,200,0.025,268658.18592688034
uf175,0.06,32,1477,0,200,0.0,inf
uf175,0.06,33,1477,0,200,0.0,inf
uf175,0.06,34,1477,12,200,0.06,109927.95126952983
uf175,0.06,35,1477,105,200,0.525,9136.84383588108
uf175,0.06,36,1477,0,200,0.0,inf
uf175,0.06,37,1477,6,200,0.03,223309.69602932493
uf175,0.06,38,1477,16,200,0.08,81574.77951374518
uf175,0.06,39,1477,69,200,0.345,16075.429353102245
uf175,0.06,40,1477,12,200,0.06,109927.95126952983
uf175,0.06,41,1477,49,200,0.245,24202.59091788838
uf175,0.06,42,1477,5,177,0.02824858757062147,237367.84698707383
uf175,0.06,43,1477,13,178,0.07303370786516854,89688.93580041232
uf175,0.06,44,1477,5,200,0.025,268658.18592688034
uf175,0.06,45,1477,3,200,0.015,450046.2727896167
uf175,0.06,46,1477,1,200,0.005,1356963.5135522806
uf175,0.06,47,1477,0,200,0.0,inf
uf175,0.06,48,1477,30,200,0.15,41852.579177846084
uf175,0.06,49,1477,20,200,0.1,64557.7360953165
uf175,0.06,50,1477,10,195,0.05128205128205128,129205.05280249468
uf175,0.06,51,1477,2,197,0.01015228426395939,666574.1798264208
uf175,0.06,52,1477,13,194,0.06701030927835051,98064.09700491259
uf175,0.06,53,1477,5,192,0.026041666666666668,257774.6418632818
uf175,0.06,54,1477,4,194,0.020618556701030927,326476.3364204148
uf175,0.06,55,1477,0,197,0.0,inf
uf175,0.06,56,1477,6,192,0.03125,214239.8500029442
uf175,0.06,57,1477,10,195,0.05128205128205128,129205.05280249468
uf175,0.06,58,1477,95,200,0.475,10556.005741671246
uf175,0.06,59,1477,2,200,0.01,676777.0215693548
uf175,0.06,60,1477,66,200,0.33,16984.31306027925
uf175,0.06,61,1477,54,199,0.271356783919598,21485.968696832635
uf175,0.06,62,1477,27,200,0.135,46900.88022663502
uf175,0.06,63,1477,49,200,0.245,24202.59091788838
uf175,0.06,64,1477,4,174,0.022988505747126436,292465.7813535577
uf175,0.06,65,1477,3,200,0.015,450046.2727896167
uf175,0.06,66,1477,12,200,0.06,109927.95126952983
uf175,0.06,67,1477,4,200,0.02,336679.4488383231
uf175,0.06,68,1477,1,200,0.005,1356963.5135522806
uf175,0.06,69,1477,2,200,0.01,676777.0215693548
uf175,0.06,70,1477,85,200,0.425,12291.322383328805
uf175,0.06,71,1477,24,200,0.12,53208.61277744247
uf175,0.06,72,1477,22,200,0.11,58367.919143444626
uf175,0.06,73,1477,7,200,0.035,190917.0699075
uf175,0.06,74,1477,5,200,0.025,268658.18592688034
uf175,0.06,75,1477,18,200,0.09,72121.5921976104
uf175,0.06,76,1477,12,200,0.06,109927.95126952983
uf175,0.06,77,1477,37,200,0.185,33249.892963306775
uf175,0.06,78,1477,43,200,0.215,28098.45291612899
uf175,0.06,79,1477,0,200,0.0,inf
uf175,0.06,80,1477,12,200,0.06,109927.95126952983
uf175,0.06,81,1477,1,200,0.005,1356963.5135522806
uf175,0.06,82,1477,2,200,0.01,676777.0215693548
uf175,0.06,83,1477,29,200,0.145,43419.53995714607
uf175,0.06,84,1477,0,200,0.0,inf
uf175,0.06,85,1477,5,200,0.025,268658.18592688034
uf175,0.06,86,1477,3,200,0.015,450046.2727896167
uf175,0.06,87,1477,2,200,0.01,676777.0215693548
uf175,0.06,88,1477,11,200,0.055,120236.77042381179
uf175,0.06,89,1477,17,200,0.085,76570.34144742125
uf175,0.06,90,1477,48,200,0.24,24784.705374788464
uf175,0.06,91,1477,0,200,0.0,inf
uf175,0.06,92,1477,0,200,0.0,inf
uf175,0.06,93,1477,1,200,0.005,1356963.5135522806
uf175,0.06,94,1477,1,200,0.005,1356963.5135522806
uf175,0.06,95,1477,42,200,0.21,28855.290303226335
uf175,0.06,96,1477,45,200,0.225,26685.14391712656
uf175,0.06,97,1477,0,200,0.0,inf
uf175,0.06,98,1477,20,200,0.1,64557.7360953165
uf175,0.06,99,1477,80,200,0.4,13315.378180442125
uf175,0.006,1,15092,15,200,0.075,891480.9422275675
uf175,0.006,2,15092,71,200,0.355,158495.87676363456
uf175,0.006,3,15092,167,200,0.835,38573.010453667936
uf175,0.006,4,15092,112,200,0.56,84656.36399267675
uf175,0.006,5,15092,6,200,0.03,2281780.5907072253
uf175,0.006,6,15092,27,200,0.135,479233.638713863
uf175,0.006,7,15092,89,200,0.445,118041.34422514052
uf175,0.006,8,15092,115,200,0.575,81224.7062610017
uf175,0.006,9,15092,0,200,0.0,inf
uf175,0.006,10,15092,137,200,0.685,60164.70991765963
uf175,0.006,100,15092,118,200,0.59,77951.29548137929
uf175,0.006,11,15092,199,200,0.995,13117.60388038321
uf175,0.006,12,15092,63,200,0.315,183702.17871343007
uf175,0.006,13,15092,75,200,0.375,147873.8122904885
uf175,0.006,14,15092,74,200,0.37,150424.01400883717
uf175,0.006,15,15092,123,200,0.615,72813.36690782582
uf175,0.006,16,15092,166,200,0.83,39222.86751135461
uf175,0.006,17,15092,11,200,0.055,1228580.4598755364
uf175,0.006,18,15092,112,200,0.56,84656.36399267675
uf175,0.006,19,15092,85,200,0.425,125592.84861827914
uf175,0.006,20,15092,5,200,0.025,2745151.8903239523
uf175,0.006,21,15092,84,200,0.42,127589.06032286669
uf175,0.006,22,15092,139,200,0.695,58530.13495626468
uf175,0.006,23,15092,75,200,0.375,147873.8122904885
uf175,0.006,24,15092,11,200,0.055,1228580.4598755364
uf175,0.006,25,15092,56,200,0.28,211568.85236628912
uf175,0.006,26,15092,163,200,0.815,41188.36727494525
uf175,0.006,27,15092,131,200,0.655,65307.76083184432
uf175,0.006,28,15092,183,200,0.915,28194.03473962846
uf175,0.006,29,15092,88,200,0.44,119867.21537161867
uf175,0.006,30,15092,13,200,0.065,1034109.8259369299
uf175,0.006,31,15092,56,200,0.28,211568.85236628912
uf175,0.006,32,15092,18,200,0.09,736939.1126921705
uf175,0.006,33,15092,13,200,0.065,1034109.8259369299
uf175,0.006,34,15092,161,200,0.805,42514.74858221906
uf175,0.006,35,15092,196,200,0.98,17766.05821348584
uf175,0.006,36,15092,7,200,0.035,1950792.4299553076
uf175,0.006,37,15092,22,200,0.11,596403.9510581355
uf175,0.006,38,15092,124,200,0.62,71829.65671255722
uf175,0.006,39,15092,193,200,0.965,20731.738102781106
uf175,0.006,40,15092,60,200,0.3,194858.735181776
uf175,0.006,41,15092,161,200,0.805,42514.74858221906
uf175,0.006,42,15092,37,200,0.185,339747.7214639308
uf175,0.006,43,15092,112,200,0.56,84656.36399267675
uf175,0.006,44,15092,37,200,0.185,339747.7214639308
uf175,0.006,45,15092,12,200,0.06,1123244.8480431577
uf175,0.006,46,15092,6,200,0.03,2281780.5907072253
uf175,0.006,47,15092,13,200,0.065,1034109.8259369299
uf175,0.006,48,15092,162,200,0.81,41849.77566595226
uf175,0.006,49,15092,100,200,0.5,100269.07761608013
uf175,0.006,50,15092,65,200,0.325,176828.74718795248
uf175,0.006,51,15092,49,200,0.245,247302.30340742815
uf175,0.006,52,15092,36,200,0.18,350218.69331467006
uf175,0.006,53,15092,13,200,0.065,1034109.8259369299
uf175,0.006,54,15092,87,200,0.435,121733.45855088504
uf175,0.006,55,15092,2,200,0.01,6915314.021343738
uf175,0.006,56,15092,82,200,0.41,131722.73610738514
uf175,0.006,57,15092,46,200,0.23,265916.59620648436
uf175,0.006,58,15092,200,200,1.0,15092.0
uf175,0.006,59,15092,4,200,0.02,3440193.7995043816
uf175,0.006,60,15092,187,200,0.935,25426.956127345533
uf175,0.006,61,15092,185,200,0.925,26831.683377714427
uf175,0.006,62,15092,125,200,0.625,70859.66108119467
uf175,0.006,63,15092,154,200,0.77,47290.17134582727
uf175,0.006,64,15092,46,200,0.23,265916.59620648436
uf175,0.006,65,15092,19,200,0.095,696263.2238254779
uf175,0.006,66,15092,114,200,0.57,82350.34735613043
uf175,0.006,67,15092,23,200,0.115,568900.5032348061
uf175,0.006,68,15092,6,200,0.03,2281780.5907072253
uf175,0.006,69,15092,21,200,0.105,626523.4889314068
uf175,0.006,70,15092,195,200,0.975,18840.742645960596
uf175,0.006,71,15092,154,200,0.77,47290.17134582727
uf175,0.006,72,15092,141,200,0.705,56931.8246129903
uf175,0.006,73,15092,43,200,0.215,287110.25823305256
uf175,0.006,74,15092,39,200,0.195,320410.61598865275
uf175,0.006,75,15092,136,200,0.68,60996.258821047515
uf175,0.006,76,15092,114,200,0.57,82350.34735613043
uf175,0.006,77,15092,174,200,0.87,34065.54206052586
uf175,0.006,78,15092,172,200,0.86,35349.56206692582
uf175,0.006,79,15092,2,200,0.01,6915314.021343738
uf175,0.006,80,15092,54,200,0.27,220841.6127715408
uf175,0.006,81,15092,12,200,0.06,1123244.8480431577
uf175,0.006,82,15092,13,200,0.065,1034109.8259369299
uf175,0.006,83,15092,175,200,0.875,33423.02587202671
uf175,0.006,84,15092,6,200,0.03,2281780.5907072253
uf175,0.006,85,15092,22,200,0.11,596403.9510581355
uf175,0.006,86,15092,35,197,0.17766497461928935,355309.8234241384
uf175,0.006,87,15092,46,200,0.23,265916.59620648436
uf175,0.006,88,15092,52,200,0.26,230820.50125537923
uf175,0.006,89,15092,131,200,0.655,65307.76083184432
uf175,0.006,90,15092,184,200,0.92,27517.298266998587
uf175,0.006,91,15092,11,199,0.05527638190954774,1222260.472500099
uf175,0.006,92,15092,2,200,0.01,6915314.021343738
uf175,0.006,93,15092,5,200,0.025,2745151.8903239523
uf175,0.006,94,15092,7,200,0.035,1950792.4299553076
uf175,0.006,95,15092,171,200,0.855,35991.948888715306
uf175,0.006,96,15092,167,200,0.835,38573.010453667936
uf175,0.006,97,15092,3,200,0.015,4598577.081205752
uf175,0.006,98,15092,162,200,0.81,41849.77566595226
uf175,0.006,99,15092,193,200,0.965,20731.738102781106
uf175,0.07,1,1641,2,200,0.01,751923.5561241105
uf175,0.07,2,1641,11,200,0.055,133587.3664627455
uf175,0.07,3,1641,25,200,0.125,56594.064711481355
uf175,0.07,4,1641,19,200,0.095,75706.86127071358
uf175,0.07,5,1641,2,200,0.01,751923.5561241105
uf175,0.07,6,1641,3,200,0.015,500017.5583261754
uf175,0.07,7,1641,15,200,0.075,96933.48967634763
uf175,0.07,8,1641,35,197,0.17766497461928935,38633.93985151147
uf175,0.07,9,1641,0,200,0.0,inf
uf175,0.07,10,1641,38,200,0.19,35862.980681250636
uf175,0.07,100,1641,13,200,0.065,112441.97086950054
uf175,0.07,11,1641,84,200,0.42,13873.15451827619
uf175,0.07,12,1641,11,200,0.055,133587.3664627455
uf175,0.07,13,1641,3,200,0.015,500017.5583261754
uf175,0.07,14,1641,15,200,0.075,96933.48967634763
uf175,0.07,15,1641,29,200,0.145,48240.666939523835
uf175,0.07,16,1641,40,200,0.2,33866.469502250075
uf175,0.07,17,1641,0,200,0.0,inf
uf175,0.07,18,1641,18,200,0.09,80129.67691014126
uf175,0.07,19,1641,16,200,0.08,90632.50723226528
uf175,0.07,20,1641,2,200,0.01,751923.5561241105
uf175,0.07,21,1641,7,200,0.035,212115.71544902332
uf175,0.07,22,1641,19,200,0.095,75706.86127071358
uf175,0.07,23,1641,12,200,0.06,122133.89846533409
uf175,0.07,24,1641,1,200,0.005,1507635.1562215928
uf175,0.07,25,1641,9,200,0.045,164127.66850897332
uf175,0.07,26,1641,23,200,0.115,61858.31737399397
uf175,0.07,27,1641,38,200,0.19,35862.980681250636
uf175,0.07,28,1641,63,200,0.315,19974.508035299415
uf175,0.07,29,1641,13,200,0.065,112441.97086950054
uf175,0.07,30,1641,2,200,0.01,751923.5561241105
uf175,0.07,31,1641,9,200,0.045,164127.66850897332
uf175,0.07,32,1641,2,200,0.01,751923.5561241105
uf175,0.07,33,1641,0,200,0.0,inf
uf175,0.07,34,1641,18,200,0.09,80129.67691014126
uf175,0.07,35,1641,97,200,0.485,11388.210707301509
uf175,0.07,36,1641,1,200,0.005,1507635.1562215928
uf175,0.07,37,1641,3,200,0.015,500017.5583261754
uf175,0.07,38,1641,16,200,0.08,90632.50723226528
uf175,0.07,39,1641,68,200,0.34,18187.252447597708
uf175,0.07,40,1641,7,200,0.035,212115.71544902332
uf175,0.07,41,1641,44,200,0.22,30415.5313990995
uf175,0.07,42,1641,3,183,0.01639344262295082,457193.18925340264
uf175,0.07,43,1641,7,200,0.035,212115.71544902332
uf175,0.07,44,1641,4,200,0.02,374062.9489124497
uf175,0.07,45,1641,1,200,0.005,1507635.1562215928
uf175,0.07,46,1641,0,200,0.0,inf
uf175,0.07,47,1641,2,200,0.01,751923.5561241105
uf175,0.07,48,1641,35,200,0.175,39283.723683353746
uf175,0.07,49,1641,21,200,0.105,68123.8434492737
uf175,0.07,50,1641,5,200,0.025,298488.8849736023
uf175,0.07,51,1641,2,197,0.01015228426395939,740587.8328335522
uf175,0.07,52,1641,10,197,0.050761421319796954,145063.21230522642
uf175,0.07,53,1641,2,194,0.010309278350515464,729252.1065311931
uf175,0.07,54,1641,12,200,0.06,122133.89846533409
uf175,0.07,55,1641,0,200,0.0,inf
uf175,0.07,56,1641,8,200,0.04,185122.85751880062
uf175,0.07,57,1641,18,190,0.09473684210526316,75928.01165177983
uf175,0.07,58,1641,89,200,0.445,12835.001714382164
uf175,0.07,59,1641,0,200,0.0,inf
uf175,0.07,60,1641,69,200,0.345,17860.378854733095
uf175,0.07,61,1641,84,200,0.42,13873.15451827619
uf175,0.07,62,1641,28,200,0.14,50105.68547324166
uf175,0.07,63,1641,41,174,0.23563218390804597,28123.969938188155
uf175,0.07,64,1641,2,199,0.010050251256281407,748144.9820201166
uf175,0.07,65,1641,1,200,0.005,1507635.1562215928
uf175,0.07,66,1641,22,200,0.11,64848.85261637957
uf175,0.07,67,1641,2,200,0.01,751923.5561241105
uf175,0.07,68,1641,2,200,0.01,751923.5561241105
uf175,0.07,69,1641,2,200,0.01,751923.5561241105
uf175,0.07,70,1641,93,200,0.465,12081.891014055933
uf175,0.07,71,1641,26,200,0.13,54265.20243383
uf175,0.07,72,1641,27,200,0.135,52108.560901765784
uf175,0.07,73,1641,11,200,0.055,133587.3664627455
uf175,0.07,74,1641,3,200,0.015,500017.5583261754
uf175,0.07,75,1641,33,200,0.165,41908.470092069314
uf175,0.07,76,1641,20,200,0.1,71725.96136250126
uf175,0.07,77,1641,39,200,0.195,34839.24071278685
uf175,0.07,78,1641,44,200,0.22,30415.5313990995
uf175,0.07,79,1641,0,200,0.0,inf
uf175,0.07,80,1641,8,200,0.04,185122.85751880062
uf175,0.07,81,1641,0,200,0.0,inf
uf175,0.07,82,1641,3,200,0.015,500017.5583261754
uf175,0.07,83,1641,34,200,0.17,40557.620258443014
uf175,0.07,84,1641,1,200,0.005,1507635.1562215928
uf175,0.07,85,1641,4,200,0.02,374062.9489124497
uf175,0.07,86,1641,2,200,0.01,751923.5561241105
uf175,0.07,87,1641,9,200,0.045,164127.66850897332
uf175,0.07,88,1641,15,200,0.075,96933.48967634763
uf175,0.07,89,1641,17,200,0.085,85072.39696358718
uf175,0.07,90,1641,58,200,0.29,22065.103968769083
uf175,0.07,91,1641,3,200,0.015,500017.5583261754
uf175,0.07,92,1641,0,200,0.0,inf
uf175,0.07,93,1641,0,200,0.0,inf
uf175,0.07,94,1641,0,200,0.0,inf
uf175,0.07,95,1641,49,200,0.245,26889.946984600425
uf175,0.07,96,1641,39,200,0.195,34839.24071278685
uf175,0.07,97,1641,1,200,0.005,1507635.1562215928
uf175,0.07,98,1641,27,200,0.135,52108.560901765784
uf175,0.07,99,1641,99,200,0.495,11061.357028285332
uf175,0.007,1,11942,9,200,0.045,1194401.3512091162
uf175,0.007,2,11942,62,200,0.31,148208.90623123257
uf175,0.007,3,11942,143,200,0.715,43811.38183962247
uf175,0.007,4,11942,103,200,0.515,76001.1841654389
uf175,0.007,5,11942,5,200,0.025,2172184.1952192313
uf175,0.007,6,11942,24,200,0.12,430208.02558444004
uf175,0.007,7,11942,63,200,0.315,145359.88723799246
uf175,0.007,8,11942,107,200,0.535,71821.41657116063
uf175,0.007,9,11942,3,200,0.015,3638762.755351119
uf175,0.007,10,11942,128,200,0.64,53829.467241313425
uf175,0.007,100,11942,92,200,0.46,89250.5346071147
uf175,0.007,11,11942,189,200,0.945,18961.013460620943
uf175,0.007,12,11942,39,200,0.195,253534.5597758078
uf175,0.007,13,11942,57,200,0.285,163932.6729485283
uf175,0.007,14,11942,62,200,0.31,148208.90623123257
uf175,0.007,15,11942,104,200,0.52,74928.13626002824
uf175,0.007,16,11942,158,200,0.79,35238.53632071704
uf175,0.007,17,11942,5,199,0.02512562814070352,2161184.616222666
uf175,0.007,18,11942,83,200,0.415,102575.0556740659
uf175,0.007,19,11942,75,200,0.375,117009.61213709344
uf175,0.007,20,11942,5,200,0.025,2172184.1952192313
uf175,0.007,21,11942,63,200,0.315,145359.88723799246
uf175,0.007,22,11942,130,200,0.65,52385.00987710804
uf175,0.007,23,11942,82,200,0.41,104229.58617773613
uf175,0.007,24,11942,11,200,0.055,972151.3286399189
uf175,0.007,25,11942,45,200,0.225,215757.6091119332
uf175,0.007,26,11942,137,200,0.685,47607.140593472795
uf175,0.007,27,11942,132,200,0.66,50977.428484587654
uf175,0.007,28,11942,181,200,0.905,23363.544461719186
uf175,0.007,29,11942,72,200,0.36,123227.7205350001
uf175,0.007,30,11942,8,200,0.04,1347189.009439072
uf175,0.007,31,11942,51,200,0.255,186821.8372026623
uf175,0.007,32,11942,12,200,0.06,888801.3500749663
uf175,0.007,33,11942,3,200,0.015,3638762.755351119
uf175,0.007,34,11942,129,200,0.645,53102.502485946236
uf175,0.007,35,11942,194,200,0.97,15683.454821351088
uf175,0.007,36,11942,4,200,0.02,2722157.0602757307
uf175,0.007,37,11942,18,200,0.09,583125.2904697788
uf175,0.007,38,11942,122,200,0.61,58405.31392093933
uf175,0.007,39,11942,175,200,0.875,26446.976872763255
uf175,0.007,40,11942,51,200,0.255,186821.8372026623
uf175,0.007,41,11942,147,200,0.735,41411.06048608163
uf175,0.007,42,11942,30,199,0.1507537688442211,336553.77040615556
uf175,0.007,43,11942,75,200,0.375,117009.61213709344
uf175,0.007,44,11942,14,200,0.07,757812.0066489296
uf175,0.007,45,11942,12,200,0.06,888801.3500749663
uf175,0.007,46,11942,6,200,0.03,1805527.6844835468
uf175,0.007,47,11942,9,199,0.04522613065326633,1188289.716875538
uf175,0.007,48,11942,141,200,0.705,45049.02262975949
uf175,0.007,49,11942,90,200,0.45,91989.86060006384
uf175,0.007,50,11942,62,200,0.31,148208.90623123257
uf175,0.007,51,11942,37,200,0.185,268835.62746635714
uf175,0.007,52,11942,36,200,0.18,277121.09962654323
uf175,0.007,53,11942,14,200,0.07,757812.0066489296
uf175,0.007,54,11942,68,200,0.34,132353.54584351726
uf175,0.007,55,11942,1,200,0.005,10971468.029005643
uf175,0.007,56,11942,66,200,0.33,137323.4032267128
uf175,0.007,57,11942,47,200,0.235,205297.35803030827
uf175,0.007,58,11942,195,200,0.975,14908.305637295352
uf175,0.007,59,11942,2,200,0.01,5471950.705200565
uf175,0.007,60,11942,185,200,0.925,21231.378405556967
uf175,0.007,61,11942,179,200,0.895,24401.0409544006
uf175,0.007,62,11942,117,200,0.585,62531.43339358292
uf175,0.007,63,11942,135,200,0.675,48930.927755089906
uf175,0.007,64,11942,56,200,0.28,167410.23290208224
uf175,0.007,65,11942,13,200,0.065,818270.5765530625
uf175,0.007,66,11942,94,200,0.47,86622.81377193655
uf175,0.007,67,11942,17,200,0.085,619094.7986222779
uf175,0.007,68,11942,4,200,0.02,2722157.0602757307
uf175,0.007,69,11942,12,200,0.06,888801.3500749663
uf175,0.007,70,11942,193,200,0.965,16404.612803035518
uf175,0.007,71,11942,144,200,0.72,43202.219357526075
uf175,0.007,72,11942,133,200,0.665,50286.84885197755
uf175,0.007,73,11942,24,200,0.12,430208.02558444004
uf175,0.007,74,11942,42,200,0.21,233303.91117205747
uf175,0.007,75,11942,131,200,0.655,51676.73468419594
uf175,0.007,76,11942,105,200,0.525,73874.19708063091
uf175,0.007,77,11942,158,200,0.79,35238.53632071704
uf175,0.007,78,11942,156,200,0.78,36321.204067475315
uf175,0.007,79,11942,0,200,0.0,inf
uf175,0.007,80,11942,41,200,0.205,239720.08111308
uf175,0.007,81,11942,8,200,0.04,1347189.009439072
uf175,0.007,82,11942,13,200,0.065,818270.5765530625
uf175,0.007,83,11942,169,200,0.845,29498.499504088704
uf175,0.007,84,11942,5,200,0.025,2172184.1952192313
uf175,0.007,85,11942,22,200,0.11,471922.6069133485
uf175,0.007,86,11942,27,200,0.135,379208.06477080256
uf175,0.007,87,11942,44,200,0.22,221342.03288729204
uf175,0.007,88,11942,38,200,0.19,260984.59189244066
uf175,0.007,89,11942,117,200,0.585,62531.43339358292
uf175,0.007,90,11942,166,200,0.83,31036.276425960565
uf175,0.007,91,11942,7,200,0.035,1543623.3235175118
uf175,0.007,92,11942,1,200,0.005,10971468.029005643
uf175,0.007,93,11942,6,200,0.03,1805527.6844835468
uf175,0.007,94,11942,7,200,0.035,1543623.3235175118
uf175,0.007,95,11942,168,200,0.84,30009.54852429026
uf175,0.007,96,11942,151,200,0.755,39100.64485393351
uf175,0.007,97,11942,2,198,0.010101010101010102,5416955.2952217
uf175,0.007,98,11942,143,200,0.715,43811.38183962247
uf175,0.007,99,11942,197,200,0.985,13094.953417260445
uf175,0.08,1,1374,3,200,0.015,418661.8678489732
uf175,0.08,2,1374,7,200,0.035,177603.286427153
uf175,0.08,3,1374,23,200,0.115,51793.61856908453
uf175,0.08,4,1374,21,200,0.105,57039.70804345037
uf175,0.08,5,1374,0,200,0.0,inf
uf175,0.08,6,1374,7,200,0.035,177603.286427153
uf175,0.08,7,1374,12,200,0.06,102262.02101850642
uf175,0.08,8,1374,20,200,0.1,60055.74095799923
uf175,0.08,9,1374,0,200,0.0,inf
uf175,0.08,10,1374,31,200,0.155,37570.0896218894
uf175,0.08,100,1374,13,188,0.06914893617021277,88303.90776979964
uf175,0.08,11,1374,72,199,0.36180904522613067,14088.74176285913
uf175,0.08,12,1374,12,200,0.06,102262.02101850642
uf175,0.08,13,1374,4,200,0.02,313200.7872064021
uf175,0.08,14,1374,12,200,0.06,102262.02101850642
uf175,0.08,15,1374,14,200,0.07,87190.89743222485
uf175,0.08,16,1374,36,200,0.18,31884.47419920201
uf175,0.08,17,1374,2,200,0.01,629581.3321843557
uf175,0.08,18,1374,21,200,0.105,57039.70804345037
uf175,0.08,19,1374,10,200,0.05,123359.2794360151
uf175,0.08,20,1374,0,200,0.0,inf
uf175,0.08,21,1374,7,200,0.035,177603.286427153
uf175,0.08,22,1374,17,200,0.085,71230.63584885362
uf175,0.08,23,1374,7,200,0.035,177603.286427153
uf175,0.08,24,1374,1,200,0.005,1262334.3721197248
uf175,0.08,25,1374,7,200,0.035,177603.286427153
uf175,0.08,26,1374,25,200,0.125,47385.889648735756
uf175,0.08,27,1374,34,200,0.17,33958.665591164354
uf175,0.08,28,1374,70,200,0.35,14688.3815471216
uf175,0.08,29,1374,12,200,0.06,102262.02101850642
uf175,0.08,30,1374,0,200,0.0,inf
uf175,0.08,31,1374,8,200,0.04,155002.31945815485
uf175,0.08,32,1374,0,200,0.0,inf
uf175,0.08,33,1374,1,200,0.005,1262334.3721197248
uf175,0.08,34,1374,17,200,0.085,71230.63584885362
uf175,0.08,35,1374,92,200,0.46,10268.81883689295
uf175,0.08,36,1374,1,200,0.005,1262334.3721197248
uf175,0.08,37,1374,5,200,0.025,249923.05176948785
uf175,0.08,38,1374,20,200,0.1,60055.74095799923
uf175,0.08,39,1374,65,200,0.325,16098.774094636014
uf175,0.08,40,1374,7,200,0.035,177603.286427153
uf175,0.08,41,1374,39,200,0.195,29170.6988052219
uf175,0.08,42,1374,2,200,0.01,629581.3321843557
uf175,0.08,43,1374,10,200,0.05,123359.2794360151
uf175,0.08,44,1374,3,200,0.015,418661.8678489732
uf175,0.08,45,1374,2,200,0.01,629581.3321843557
uf175,0.08,46,1374,0,200,0.0,inf
uf175,0.08,47,1374,2,200,0.01,629581.3321843557
uf175,0.08,48,1374,30,200,0.15,38933.94975650678
uf175,0.08,49,1374,18,200,0.09,67092.12435986234
uf175,0.08,50,1374,6,200,0.03,207736.98195280464
uf175,0.08,51,1374,3,200,0.015,418661.8678489732
uf175,0.08,52,1374,9,200,0.045,137423.1666857583
uf175,0.08,53,1374,8,200,0.04,155002.31945815485
uf175,0.08,54,1374,5,200,0.025,249923.05176948785
uf175,0.08,55,1374,0,200,0.0,inf
uf175,0.08,56,1374,11,200,0.055,111851.94486277412
uf175,0.08,57,1374,15,200,0.075,81161.86155716128
uf175,0.08,58,1374,79,200,0.395,12591.375368919646
uf175,0.08,59,1374,0,200,0.0,inf
uf175,0.08,60,1374,69,200,0.345,14954.393995370674
uf175,0.08,61,1374,59,200,0.295,18101.46904846278
uf175,0.08,62,1374,29,200,0.145,40391.63703528687
uf175,0.08,63,1374,37,200,0.185,30931.180048465478
uf175,0.08,64,1374,2,200,0.01,629581.3321843557
uf175,0.08,65,1374,1,200,0.005,1262334.3721197248
uf175,0.08,66,1374,9,200,0.045,137423.1666857583
uf175,0.08,67,1374,1,200,0.005,1262334.3721197248
uf175,0.08,68,1374,0,200,0.0,inf
uf175,0.08,69,1374,4,200,0.02,313200.7872064021
uf175,0.08,70,1374,84,200,0.42,11615.913655156297
uf175,0.08,71,1374,22,200,0.11,54297.57677934524
uf175,0.08,72,1374,20,200,0.1,60055.74095799923
uf175,0.08,73,1374,5,200,0.025,249923.05176948785
uf175,0.08,74,1374,2,200,0.01,629581.3321843557
uf175,0.08,75,1374,23,200,0.115,51793.61856908453
uf175,0.08,76,1374,15,200,0.075,81161.86155716128
uf175,0.08,77,1374,40,200,0.2,28356.202983602438
uf175,0.08,78,1374,41,200,0.205,27581.258704519503
uf175,0.08,79,1374,2,200,0.01,629581.3321843557
uf175,0.08,80,1374,9,200,0.045,137423.1666857583
uf175,0.08,81,1374,0,200,0.0,inf
uf175,0.08,82,1374,1,195,0.005128205128205128,1230696.7849964593
uf175,0.08,83,1374,35,200,0.175,32892.03920836566
uf175,0.08,84,1374,2,196,0.01020408163265306,616926.2158050302
uf175,0.08,85,1374,1,189,0.005291005291005291,1192731.6756905017
uf175,0.08,86,1374,3,200,0.015,418661.8678489732
uf175,0.08,87,1374,2,192,0.010416666666666666,604271.0948723856
uf175,0.08,88,1374,14,182,0.07692307692307693,79051.59657210883
uf175,0.08,89,1374,12,193,0.06217616580310881,98569.7552241537
uf175,0.08,90,1374,54,196,0.2755102040816326,19633.097281931685
uf175,0.08,91,1374,0,194,0.0,inf
uf175,0.08,92,1374,0,192,0.0,inf
uf175,0.08,93,1374,0,187,0.0,inf
uf175,0.08,94,1374,2,191,0.010471204188481676,601107.3138940628
uf175,0.08,95,1374,37,195,0.18974358974358974,30073.040584108305
uf175,0.08,96,1374,44,192,0.22916666666666666,24310.08343514447
uf175,0.08,97,1374,0,189,0.0,inf
uf175,0.08,98,1374,19,199,0.09547738693467336,63055.621292335105
uf175,0.08,99,1374,69,194,0.3556701030927835,14395.595808488713
uf175,0.008,1,12215,8,200,0.04,1377986.4135235525
uf175,0.008,2,12215,63,200,0.315,148682.8858325304
uf175,0.008,3,12215,150,200,0.75,40577.35167904913
uf175,0.008,4,12215,94,200,0.47,88603.05394608984
uf175,0.008,5,12215,2,200,0.01,5597042.192599639
uf175,0.008,6,12215,15,200,0.075,721537.2190107168
uf175,0.008,7,12215,78,200,0.39,113802.4932399214
uf175,0.008,8,12215,100,200,0.5,81154.70335809825
uf175,0.008,9,12215,0,200,0.0,inf
uf175,0.008,10,12215,121,200,0.605,60559.801962601894
uf175,0.008,100,12215,102,200,0.51,78856.32952045435
uf175,0.008,11,12215,190,200,0.95,18777.430252507085
uf175,0.008,12,12215,45,200,0.225,220689.93429092815
uf175,0.008,13,12215,62,200,0.31,151597.03480275546
uf175,0.008,14,12215,63,200,0.315,148682.8858325304
uf175,0.008,15,12215,101,200,0.505,79994.81299187486
uf175,0.008,16,12215,150,200,0.75,40577.35167904913
uf175,0.008,17,12215,10,200,0.05,1096676.5635450687
uf175,0.008,18,12215,91,200,0.455,92677.070717925
uf175,0.008,19,12215,79,200,0.395,111938.60999370704
uf175,0.008,20,12215,6,200,0.03,1846802.9363562653
uf175,0.008,21,12215,57,200,0.285,167680.25456927426
uf175,0.008,22,12215,128,200,0.64,55060.03536699409
uf175,0.008,23,12215,76,200,0.38,117673.51673426639
uf175,0.008,24,12215,6,200,0.03,1846802.9363562653
uf175,0.008,25,12215,54,200,0.27,178742.3999472814
uf175,0.008,26,12215,147,200,0.735,42357.73771876462
uf175,0.008,27,12215,128,200,0.64,55060.03536699409
uf175,0.008,28,12215,173,200,0.865,28091.2367469102
uf175,0.008,29,12215,71,200,0.355,128281.681332348
uf175,0.008,30,12215,5,200,0.025,2221841.3954616403
uf175,0.008,31,12215,59,200,0.295,160923.9042408827
uf175,0.008,32,12215,18,200,0.09,596455.8217290527
uf175,0.008,33,12215,4,200,0.02,2784386.9110088805
uf175,0.008,34,12215,131,200,0.655,52858.09028365879
uf175,0.008,35,12215,197,200,0.985,13394.310500070033
uf175,0.008,36,12215,4,200,0.02,2784386.9110088805
uf175,0.008,37,12215,21,200,0.105,507088.8164124791
uf175,0.008,38,12215,119,200,0.595,62234.90668525323
uf175,0.008,39,12215,170,200,0.85,29651.342176561546
uf175,0.008,40,12215,47,200,0.235,209990.55671916055
uf175,0.008,41,12215,144,200,0.72,44189.843363940796
uf175,0.008,42,12215,19,200,0.095,563534.0100071703
uf175,0.008,43,12215,86,199,0.4321608040201005,99400.0060507753
uf175,0.008,44,12215,24,200,0.12,440042.7928750573
uf175,0.008,45,12215,3,200,0.015,3721946.663591854
uf175,0.008,46,12215,1,200,0.005,11222281.190278338
uf175,0.008,47,12215,2,200,0.01,5597042.192599639
uf175,0.008,48,12215,152,200,0.76,39416.655551265205
uf175,0.008,49,12215,89,200,0.445,95539.02860522737
uf175,0.008,50,12215,48,200,0.24,204973.03734126
uf175,0.008,51,12215,35,200,0.175,292413.58000741375
uf175,0.008,52,12215,37,200,0.185,274981.3422794802
uf175,0.008,53,12215,17,200,0.085,633247.6105485784
uf175,0.008,54,12215,80,200,0.4,110120.07073398818
uf175,0.008,55,12215,6,200,0.03,1846802.9363562653
uf175,0.008,56,12215,65,200,0.325,143119.74204219715
uf175,0.008,57,12215,51,200,0.255,191092.6763884207
uf175,0.008,58,12215,193,200,0.965,16779.630329013467
uf175,0.008,59,12215,1,200,0.005,11222281.190278338
uf175,0.008,60,12215,176,200,0.88,26530.736798246748
uf175,0.008,61,12215,181,200,0.905,23897.64659185227
uf175,0.008,62,12215,113,200,0.565,67577.52147059847
uf175,0.008,63,12215,133,200,0.665,51436.43097696413
uf175,0.008,64,12215,49,200,0.245,200158.86801760766
uf175,0.008,65,12215,14,200,0.07,775135.9622522754
uf175,0.008,66,12215,92,200,0.46,91290.84577339693
uf175,0.008,67,12215,17,200,0.085,633247.6105485784
uf175,0.008,68,12215,9,200,0.045,1221705.9541968978
uf175,0.008,69,12215,11,200,0.055,994375.186680339
uf175,0.008,70,12215,193,200,0.965,16779.630329013467
uf175,0.008,71,12215,144,200,0.72,44189.843363940796
uf175,0.008,72,12215,130,200,0.65,53582.55699622129
uf175,0.008,73,12215,34,200,0.17,301895.9972314938
uf175,0.008,74,12215,39,200,0.195,259330.48464758767
uf175,0.008,75,12215,115,200,0.575,65740.77570753616
uf175,0.008,76,12215,105,200,0.525,75562.99760005916
uf175,0.008,77,12215,162,200,0.81,33871.91954410329
uf175,0.008,78,12215,156,200,0.78,37151.524676286295
uf175,0.008,79,12215,0,200,0.0,inf
uf175,0.008,80,12215,50,200,0.25,195535.8335068762
uf175,0.008,81,12215,15,200,0.075,721537.2190107168
uf175,0.008,82,12215,10,200,0.05,1096676.5635450687
uf175,0.008,83,12215,172,200,0.86,28610.84684915842
uf175,0.008,84,12215,3,200,0.015,3721946.663591854
uf175,0.008,85,12215,20,200,0.1,533901.6563333046
uf175,0.008,86,12215,26,200,0.13,403930.1936192769
uf175,0.008,87,12215,44,200,0.22,226402.02074344933
uf175,0.008,88,12215,41,200,0.205,245200.20020065916
uf175,0.008,89,12215,122,200,0.61,59740.48815477087
uf175,0.008,90,12215,169,200,0.845,30172.849727218516
uf175,0.008,91,12215,8,200,0.04,1377986.4135235525
uf175,0.008,92,12215,0,200,0.0,inf
uf175,0.008,93,12215,8,200,0.04,1377986.4135235525
uf175,0.008,94,12215,7,200,0.035,1578911.3127421206
uf175,0.008,95,12215,166,200,0.83,31745.780986694714
uf175,0.008,96,12215,152,200,0.76,39416.655551265205
uf175,0.008,97,12215,0,200,0.0,inf
uf175,0.008,98,12215,156,197,0.7918781725888325,35837.80525232389
uf175,0.008,99,12215,193,200,0.965,16779.630329013467
uf175,0.09,1,1648,1,200,0.005,1514066.2629208926
uf175,0.09,2,1648,12,200,0.06,122654.8840163745
uf175,0.09,3,1648,26,200,0.13,54496.681054815264
uf175,0.09,4,1648,15,200,0.075,97346.97805400421
uf175,0.09,5,1648,1,200,0.005,1514066.2629208926
uf175,0.09,6,1648,4,199,0.020100502512562814,373761.191132779
uf175,0.09,7,1648,17,200,0.085,85435.28957708206
uf175,0.09,8,1648,24,200,0.12,59368.85162980716
uf175,0.09,9,1648,0,200,0.0,inf
uf175,0.09,10,1648,30,200,0.15,46698.070741428804
uf175,0.09,100,1648,18,200,0.09,80471.4854039688
uf175,0.09,11,1648,73,200,0.365,16711.769285707138
uf175,0.09,12,1648,13,200,0.065,112921.61364590914
uf175,0.09,13,1648,6,200,0.03,249163.42522432463
uf175,0.09,14,1648,12,200,0.06,122654.8840163745
uf175,0.09,15,1648,28,200,0.14,50319.42087745415
uf175,0.09,16,1648,33,200,0.165,42087.23870306534
uf175,0.09,17,1648,1,200,0.005,1514066.2629208926
uf175,0.09,18,1648,20,200,0.1,72031.92219707623
uf175,0.09,19,1648,7,200,0.035,213020.53568555176
uf175,0.09,20,1648,0,200,0.0,inf
uf175,0.09,21,1648,12,200,0.06,122654.8840163745
uf175,0.09,22,1648,17,200,0.085,85435.28957708206
uf175,0.09,23,1648,9,200,0.045,164827.78653430106
uf175,0.09,24,1648,0,200,0.0,inf
uf175,0.09,25,1648,6,200,0.03,249163.42522432463
uf175,0.09,26,1648,29,200,0.145,48446.44674974727
uf175,0.09,27,1648,24,200,0.12,59368.85162980716
uf175,0.09,28,1648,60,200,0.3,21277.974793239257
uf175,0.09,29,1648,15,200,0.075,97346.97805400421
uf175,0.09,30,1648,3,200,0.015,502150.47905029677
uf175,0.09,31,1648,6,200,0.03,249163.42522432463
uf175,0.09,32,1648,2,200,0.01,755131.0301599841
uf175,0.09,33,1648,0,200,0.0,inf
uf175,0.09,34,1648,18,200,0.09,80471.4854039688
uf175,0.09,35,1648,99,200,0.495,11108.541366614398
uf175,0.09,36,1648,1,200,0.005,1514066.2629208926
uf175,0.09,37,1648,5,200,0.025,299762.14651827945
uf175,0.09,38,1648,15,200,0.075,97346.97805400421
uf175,0.09,39,1648,61,200,0.305,20858.75343475852
uf175,0.09,40,1648,6,200,0.03,249163.42522432463
uf175,0.09,41,1648,37,200,0.185,37099.40663746078
uf175,0.09,42,1648,6,200,0.03,249163.42522432463
uf175,0.09,43,1648,17,200,0.085,85435.28957708206
uf175,0.09,44,1648,2,200,0.01,755131.0301599841
uf175,0.09,45,1648,3,200,0.015,502150.47905029677
uf175,0.09,46,1648,0,200,0.0,inf
uf175,0.09,47,1648,2,200,0.01,755131.0301599841
uf175,0.09,48,1648,33,200,0.165,42087.23870306534
uf175,0.09,49,1648,22,200,0.11,65125.47782559021
uf175,0.09,50,1648,16,200,0.08,91019.11756171432
uf175,0.09,51,1648,5,200,0.025,299762.14651827945
uf175,0.09,52,1648,12,200,0.06,122654.8840163745
uf175,0.09,53,1648,2,200,0.01,755131.0301599841
uf175,0.09,54,1648,6,200,0.03,249163.42522432463
uf175,0.09,55,1648,0,200,0.0,inf
uf175,0.09,56,1648,12,200,0.06,122654.8840163745
uf175,0.09,57,1648,11,200,0.055,134157.20897660244
uf175,0.09,58,1648,76,200,0.38,15876.050395257555
uf175,0.09,59,1648,2,200,0.01,755131.0301599841
uf175,0.09,60,1648,85,200,0.425,13714.35293684893
uf175,0.09,61,1648,56,200,0.28,23102.668214924764
uf175,0.09,62,1648,28,200,0.14,50319.42087745415
uf175,0.09,63,1648,50,196,0.25510204081632654,25769.485038033257
uf175,0.09,64,1648,7,200,0.035,213020.53568555176
uf175,0.09,65,1648,5,200,0.025,299762.14651827945
uf175,0.09,66,1648,13,200,0.065,112921.61364590914
uf175,0.09,67,1648,2,199,0.010050251256281407,751336.3378239806
uf175,0.09,68,1648,1,200,0.005,1514066.2629208926
uf175,0.09,69,1648,5,200,0.025,299762.14651827945
uf175,0.09,70,1648,91,200,0.455,12503.627715361476
uf175,0.09,71,1648,29,200,0.145,48446.44674974727
uf175,0.09,72,1648,22,200,0.11,65125.47782559021
uf175,0.09,73,1648,5,200,0.025,299762.14651827945
uf175,0.09,74,1648,9,200,0.045,164827.78653430106
uf175,0.09,75,1648,23,200,0.115,62122.18588198785
uf175,0.09,76,1648,12,200,0.06,122654.8840163745
uf175,0.09,77,1648,34,200,0.17,40730.626560581404
uf175,0.09,78,1648,40,200,0.2,34010.9334184693
uf175,0.09,79,1648,0,200,0.0,inf
uf175,0.09,80,1648,11,200,0.055,134157.20897660244
uf175,0.09,81,1648,1,200,0.005,1514066.2629208926
uf175,0.09,82,1648,3,200,0.015,502150.47905029677
uf175,0.09,83,1648,44,200,0.22,30545.27467746251
uf175,0.09,84,1648,4,200,0.02,375658.5861107356
uf175,0.09,85,1648,3,200,0.015,502150.47905029677
uf175,0.09,86,1648,2,200,0.01,755131.0301599841
uf175,0.09,87,1648,5,200,0.025,299762.14651827945
uf175,0.09,88,1648,15,200,0.075,97346.97805400421
uf175,0.09,89,1648,12,200,0.06,122654.8840163745
uf175,0.09,90,1648,53,200,0.265,24649.8721768419
uf175,0.09,91,1648,2,200,0.01,755131.0301599841
uf175,0.09,92,1648,0,200,0.0,inf
uf175,0.09,93,1648,1,200,0.005,1514066.2629208926
uf175,0.09,94,1648,0,200,0.0,inf
uf175,0.09,95,1648,45,200,0.225,29774.622325947574
uf175,0.09,96,1648,43,200,0.215,31351.557485294903
uf175,0.09,97,1648,0,200,0.0,inf
uf175,0.09,98,1648,17,200,0.085,85435.28957708206
uf175,0.09,99,1648,75,200,0.375,16147.36566755401
uf175,0.009,1,8795,12,200,0.06,654581.1316286491
uf175,0.009,2,8795,46,200,0.23,154965.3103389895
uf175,0.009,3,8795,122,200,0.61,43014.12962105688
uf175,0.009,4,8795,91,200,0.455,66729.00834745399
uf175,0.009,5,8795,3,200,0.015,2679862.538378252
uf175,0.009,6,8795,16,200,0.08,485748.2639291732
uf175,0.009,7,8795,55,200,0.275,125946.93494004461
uf175,0.009,8,8795,92,200,0.46,65730.90369030094
uf175,0.009,9,8795,0,200,0.0,inf
uf175,0.009,10,8795,98,200,0.49,60151.18350545184
uf175,0.009,100,8795,87,200,0.435,70941.2780251149
uf175,0.009,11,8795,181,200,0.905,17206.696829745455
uf175,0.009,12,8795,41,200,0.205,176548.1588837329
uf175,0.009,13,8795,31,200,0.155,240486.8546029965
uf175,0.009,14,8795,46,199,0.23115577889447236,154079.76916212233
uf175,0.009,15,8795,78,200,0.39,81939.65845641495
uf175,0.009,16,8795,146,200,0.73,30933.660029569513
uf175,0.009,17,8795,5,200,0.025,1599762.1836336576
uf175,0.009,18,8795,64,200,0.32,105020.51353424424
uf175,0.009,19,8795,62,200,0.31,109152.34720345757
uf175,0.009,20,8795,1,200,0.005,8080226.202906098
uf175,0.009,21,8795,46,200,0.23,154965.3103389895
uf175,0.009,22,8795,106,200,0.53,53644.05334245002
uf175,0.009,23,8795,61,200,0.305,111318.40804532838
uf175,0.009,24,8795,10,200,0.05,789625.0819794416
uf175,0.009,25,8795,42,200,0.21,171822.8017717506
uf175,0.009,26,8795,123,200,0.615,42432.65054030799
uf175,0.009,27,8795,114,200,0.57,47990.41246999517
uf175,0.009,28,8795,166,200,0.83,22857.482093981173
uf175,0.009,29,8795,56,200,0.28,123293.66926593645
uf175,0.009,30,8795,8,200,0.04,992172.7799377523
uf175,0.009,31,8795,34,200,0.17,217370.0610438795
uf175,0.009,32,8795,7,200,0.035,1136841.9971810847
uf175,0.009,33,8795,2,200,0.01,4029962.020787051
uf175,0.009,34,8795,112,200,0.56,49334.26459817069
uf175,0.009,35,8795,186,200,0.93,15230.730061465247
uf175,0.009,36,8795,3,200,0.015,2679862.538378252
uf175,0.009,37,8795,12,200,0.06,654581.1316286491
uf175,0.009,38,8795,87,200,0.435,70941.2780251149
uf175,0.009,39,8795,173,200,0.865,20226.150404345084
uf175,0.009,40,8795,43,200,0.215,167316.1092737674
uf175,0.009,41,8795,126,200,0.63,40736.614712026196
uf175,0.009,42,8795,25,200,0.125,303317.9763177809
uf175,0.009,43,8795,65,200,0.325,103048.55761450053
uf175,0.009,44,8795,13,199,0.06532663316582915,599520.1345725999
uf175,0.009,45,8795,8,200,0.04,992172.7799377523
uf175,0.009,46,8795,1,200,0.005,8080226.202906098
uf175,0.009,47,8795,9,200,0.045,879648.2903939186
uf175,0.009,48,8795,123,200,0.615,42432.65054030799
uf175,0.009,49,8795,82,200,0.41,76762.62020040103
uf175,0.009,50,8795,47,200,0.235,151196.6390785933
uf175,0.009,51,8795,27,200,0.135,279277.7532791164
uf175,0.009,52,8795,28,200,0.14,268543.26857840363
uf175,0.009,53,8795,20,200,0.1,384417.93429811
uf175,0.009,54,8795,46,200,0.23,154965.3103389895
uf175,0.009,55,8795,1,200,0.005,8080226.202906098
uf175,0.009,56,8795,53,200,0.265,131550.74380784255
uf175,0.009,57,8795,34,200,0.17,217370.0610438795
uf175,0.009,58,8795,193,200,0.965,12081.608575003966
uf175,0.009,59,8795,1,200,0.005,8080226.202906098
uf175,0.009,60,8795,177,200,0.885,18726.668324303613
uf175,0.009,61,8795,170,200,0.85,21349.45185778623
uf175,0.009,62,8795,90,200,0.45,67748.35236790834
uf175,0.009,63,8795,126,200,0.63,40736.614712026196
uf175,0.009,64,8795,29,200,0.145,258547.6329878806
uf175,0.009,65,8795,21,200,0.105,365112.25054013537
uf175,0.009,66,8795,83,200,0.415,75544.09769330174
uf175,0.009,67,8795,9,200,0.045,879648.2903939186
uf175,0.009,68,8795,2,200,0.01,4029962.020787051
uf175,0.009,69,8795,11,199,0.05527638190954774,712283.3856108118
uf175,0.009,70,8795,184,200,0.92,16035.955357689674
uf175,0.009,71,8795,119,200,0.595,44810.151804895795
uf175,0.009,72,8795,95,200,0.475,62857.19058767678
uf175,0.009,73,8795,31,200,0.155,240486.8546029965
uf175,0.009,74,8795,24,199,0.12060301507537688,315148.10110219993
uf175,0.009,75,8795,117,200,0.585,46052.918832403426
uf175,0.009,76,8795,86,200,0.43,72053.20880999442
uf175,0.009,77,8795,145,200,0.725,31373.329256824498
uf175,0.009,78,8795,137,200,0.685,35061.5308591185
uf175,0.009,79,8795,3,200,0.015,2679862.538378252
uf175,0.009,80,8795,28,200,0.14,268543.26857840363
uf175,0.009,81,8795,9,200,0.045,879648.2903939186
uf175,0.009,82,8795,12,200,0.06,654581.1316286491
uf175,0.009,83,8795,153,200,0.765,27968.04129541863
uf175,0.009,84,8795,4,198,0.020202020202020204,1984552.2338350685
uf175,0.009,85,8795,17,200,0.085,455948.6479553621
uf175,0.009,86,8795,25,200,0.125,303317.9763177809
uf175,0.009,87,8795,27,200,0.135,279277.7532791164
uf175,0.009,88,8795,35,200,0.175,210542.56538397088
uf175,0.009,89,8795,94,200,0.47,63795.649566586995
uf175,0.009,90,8795,145,200,0.725,31373.329256824498
uf175,0.009,91,8795,8,200,0.04,992172.7799377523
uf175,0.009,92,8795,0,200,0.0,inf
uf175,0.009,93,8795,5,200,0.025,1599762.1836336576
uf175,0.009,94,8795,6,200,0.03,1329728.3524562712
uf175,0.009,95,8795,154,200,0.77,27558.776635737533
uf175,0.009,96,8795,147,200,0.735,30498.264693944726
uf175,0.009,97,8795,1,200,0.005,8080226.202906098
uf175,0.009,98,8795,125,200,0.625,41294.110734767244
uf175,0.009,99,8795,190,200,0.95,13520.057230519838
uf20,1.0,1,77,100,200,0.5,511.5769266126537
uf20,1.0,2,77,172,200,0.86,180.3549085047236
uf20,1.0,3,77,40,200,0.2,1589.1030784114903
uf20,1.0,4,77,31,200,0.155,2105.4562597419817
uf20,1.0,5,77,110,200,0.55,444.0760007707875
uf20,1.0,6,77,66,200,0.33,885.4381216259325
uf20,1.0,7,77,154,200,0.77,241.2763844174861
uf20,1.0,8,77,67,200,0.335,869.1806641022977
uf20,1.0,9,77,32,200,0.16,2033.789593239364
uf20,1.0,10,77,123,200,0.615,371.4967699378869
uf20,1.0,100,77,78,200,0.39,717.3796135467825
uf20,1.0,11,77,177,200,0.885,163.95150210021356
uf20,1.0,12,77,186,200,0.93,133.34465204466449
uf20,1.0,13,77,73,200,0.365,780.8290260918991
uf20,1.0,14,77,100,200,0.5,511.5769266126537
uf20,1.0,15,77,125,200,0.625,361.5288830673198
uf20,1.0,16,77,97,200,0.485,534.3645487277369
uf20,1.0,17,77,97,200,0.485,534.3645487277369
uf20,1.0,18,77,60,200,0.3,994.1772203151836
uf20,1.0,19,77,96,200,0.48,542.2599053489074
uf20,1.0,20,77,98,200,0.49,526.6220727594988
uf20,1.0,21,77,76,200,0.38,741.7814808463785
uf20,1.0,22,77,66,200,0.33,885.4381216259325
uf20,1.0,23,77,88,200,0.44,611.5674253654014
uf20,1.0,24,77,57,200,0.285,1057.0102007232188
uf20,1.0,25,77,37,200,0.185,1733.4067421629125
uf20,1.0,26,77,62,200,0.31,955.6260073526131
uf20,1.0,27,77,122,200,0.61,376.5876044140284
uf20,1.0,28,77,110,200,0.55,444.0760007707875
uf20,1.0,29,77,49,200,0.245,1261.7464459562661
uf20,1.0,30,77,144,200,0.72,278.5606171938961
uf20,1.0,31,77,19,200,0.095,3552.3633868646834
uf20,1.0,32,77,27,200,0.135,2445.0695852748113
uf20,1.0,33,77,109,200,0.545,450.3074035060611
uf20,1.0,34,77,155,200,0.775,237.7212784548985
uf20,1.0,35,77,75,200,0.375,754.4582259718802
uf20,1.0,36,77,44,200,0.22,1427.1760619930903
uf20,1.0,37,77,35,200,0.175,1843.294773685703
uf20,1.0,38,77,191,200,0.955,114.34617679118489
uf20,1.0,39,77,88,200,0.44,611.5674253654014
uf20,1.0,40,77,63,200,0.315,937.256013844031
uf20,1.0,41,77,38,200,0.19,1682.7845901622784
uf20,1.0,42,77,76,200,0.38,741.7814808463785
uf20,1.0,43,77,40,200,0.2,1589.1030784114903
uf20,1.0,44,77,77,200,0.385,729.4260956760695
uf20,1.0,45,77,86,200,0.43,630.8239998146186
uf20,1.0,46,77,130,200,0.65,337.769700262713
uf20,1.0,47,77,107,200,0.535,463.0923694506253
uf20,1.0,48,77,62,200,0.31,955.6260073526131
uf20,1.0,49,77,60,200,0.3,994.1772203151836
uf20,1.0,50,77,18,200,0.09,3759.893432102911
uf20,1.0,51,77,76,200,0.38,741.7814808463785
uf20,1.0,52,77,107,200,0.535,463.0923694506253
uf20,1.0,53,77,54,200,0.27,1126.7429223037796
uf20,1.0,54,77,107,200,0.535,463.0923694506253
uf20,1.0,55,77,142,200,0.71,286.4572665245678
uf20,1.0,56,77,138,199,0.6934673366834171,299.8890558107425
uf20,1.0,57,77,97,200,0.485,534.3645487277369
uf20,1.0,58,77,154,200,0.77,241.2763844174861
uf20,1.0,59,77,26,200,0.13,2546.264830837849
uf20,1.0,60,77,102,200,0.51,497.0886101575919
uf20,1.0,61,77,59,199,0.2964824120603015,1008.3480695924189
uf20,1.0,62,77,140,200,0.7,294.52335056655255
uf20,1.0,63,77,149,200,0.745,259.49524284998654
uf20,1.0,64,77,96,200,0.48,542.2599053489074
uf20,1.0,65,77,103,200,0.515,490.0428052871206
uf20,1.0,66,77,108,200,0.54,456.6451484044318
uf20,1.0,67,77,168,200,0.84,193.4965027943686
uf20,1.0,68,77,110,200,0.55,444.0760007707875
uf20,1.0,69,77,96,200,0.48,542.2599053489074
uf20,1.0,70,77,146,200,0.73,270.8234021917968
uf20,1.0,71,77,116,200,0.58,408.75835419831094
uf20,1.0,72,77,116,200,0.58,408.75835419831094
uf20,1.0,73,77,54,200,0.27,1126.7429223037796
uf20,1.0,74,77,17,200,0.085,3991.8187484437613
uf20,1.0,75,77,131,200,0.655,333.2028613869609
uf20,1.0,76,77,59,200,0.295,1014.420026733358
uf20,1.0,77,77,78,200,0.39,717.3796135467825
uf20,1.0,78,77,143,200,0.715,282.48839404211435
uf20,1.0,79,77,178,200,0.89,160.6497234223784
uf20,1.0,80,77,173,200,0.865,177.07942935015026
uf20,1.0,81,77,67,200,0.335,869.1806641022977
uf20,1.0,82,77,122,200,0.61,376.5876044140284
uf20,1.0,83,77,137,200,0.685,306.96280570234507
uf20,1.0,84,77,80,200,0.4,694.1666349993524
uf20,1.0,85,77,45,200,0.225,1391.1686402293465
uf20,1.0,86,77,142,200,0.71,286.4572665245678
uf20,1.0,87,77,126,200,0.63,356.64801965048514
uf20,1.0,88,77,123,200,0.615,371.4967699378869
uf20,1.0,89,77,112,200,0.56,431.9202244524324
uf20,1.0,90,77,138,200,0.69,302.7691743488602
uf20,1.0,91,77,55,200,0.275,1102.6621933352399
uf20,1.0,92,77,85,200,0.425,640.7798398891794
uf20,1.0,93,77,66,200,0.33,885.4381216259325
uf20,1.0,94,77,63,200,0.315,937.256013844031
uf20,1.0,95,77,38,200,0.19,1682.7845901622784
uf20,1.0,96,77,25,200,0.125,2655.5411229640854
uf20,1.0,97,77,88,200,0.44,611.5674253654014
uf20,1.0,98,77,100,200,0.5,511.5769266126537
uf20,1.0,99,77,82,200,0.41,672.0547760580874
uf20,10.0,1,19,14,200,0.07,1205.6965438226143
uf20,10.0,2,19,45,200,0.225,343.27537875789073
uf20,10.0,3,19,16,200,0.08,1049.3708942187936
uf20,10.0,4,19,6,200,0.03,2872.6365772221893
uf20,10.0,5,19,21,200,0.105,788.7586992907984
uf20,10.0,6,19,14,200,0.07,1205.6965438226143
uf20,10.0,7,19,34,200,0.17,469.5885343756351
uf20,10.0,8,19,9,200,0.045,1900.3203544609953
uf20,10.0,9,19,1,200,0.005,17455.861040956894
uf20,10.0,10,19,25,200,0.125,655.2633939781509
uf20,10.0,100,19,11,200,0.055,1546.7153947545185
uf20,10.0,11,19,61,200,0.305,240.48320100753148
uf20,10.0,12,19,69,200,0.345,206.79293006698893
uf20,10.0,13,19,9,200,0.045,1900.3203544609953
uf20,10.0,14,19,13,200,0.065,1301.8875359661854
uf20,10.0,15,19,12,200,0.06,1414.1036385382984
uf20,10.0,16,19,20,200,0.1,830.4651224177477
uf20,10.0,17,19,17,200,0.085,984.9942366289802
uf20,10.0,18,19,9,200,0.045,1900.3203544609953
uf20,10.0,19,19,5,200,0.025,3455.9956212665716
uf20,10.0,20,19,7,200,0.035,2455.9406420057544
uf20,10.0,21,19,13,200,0.065,1301.8875359661854
uf20,10.0,22,19,10,200,0.05,1705.841564253484
uf20,10.0,23,19,20,200,0.1,830.4651224177477
uf20,10.0,24,19,15,200,0.075,1122.3255964964078
uf20,10.0,25,19,10,200,0.05,1705.841564253484
uf20,10.0,26,19,4,200,0.02,4331.015252490277
uf20,10.0,27,19,25,200,0.125,655.2633939781509
uf20,10.0,28,19,9,200,0.045,1900.3203544609953
uf20,10.0,29,19,2,200,0.01,8706.00095451438
uf20,10.0,30,19,39,200,0.195,403.37938668065215
uf20,10.0,31,19,6,200,0.03,2872.6365772221893
uf20,10.0,32,19,15,200,0.075,1122.3255964964078
uf20,10.0,33,19,35,200,0.175,454.8389701302384
uf20,10.0,34,19,53,200,0.265,284.1914874757258
uf20,10.0,35,19,13,200,0.065,1301.8875359661854
uf20,10.0,36,19,14,200,0.07,1205.6965438226143
uf20,10.0,37,19,3,200,0.015,5789.356251186674
uf20,10.0,38,19,74,200,0.37,189.37558084865535
uf20,10.0,39,19,11,200,0.055,1546.7153947545185
uf20,10.0,40,19,12,200,0.06,1414.1036385382984
uf20,10.0,41,19,7,200,0.035,2455.9406420057544
uf20,10.0,42,19,11,200,0.055,1546.7153947545185
uf20,10.0,43,19,6,200,0.03,2872.6365772221893
uf20,10.0,44,19,23,200,0.115,716.2145216976754
uf20,10.0,45,19,9,200,0.045,1900.3203544609953
uf20,10.0,46,19,25,200,0.125,655.2633939781509
uf20,10.0,47,19,17,200,0.085,984.9942366289802
uf20,10.0,48,19,6,200,0.03,2872.6365772221893
uf20,10.0,49,19,2,200,0.01,8706.00095451438
uf20,10.0,50,19,2,200,0.01,8706.00095451438
uf20,10.0,51,19,11,200,0.055,1546.7153947545185
uf20,10.0,52,19,29,200,0.145,558.5451991779115
uf20,10.0,53,19,13,200,0.065,1301.8875359661854
uf20,10.0,54,19,16,200,0.08,1049.3708942187936
uf20,10.0,55,19,38,200,0.19,415.2325612088739
uf20,10.0,56,19,47,200,0.235,326.6328757809292
uf20,10.0,57,19,15,200,0.075,1122.3255964964078
uf20,10.0,58,19,31,200,0.155,519.5281679882813
uf20,10.0,59,19,6,200,0.03,2872.6365772221893
uf20,10.0,60,19,13,200,0.065,1301.8875359661854
uf20,10.0,61,19,3,200,0.015,5789.356251186674
uf20,10.0,62,19,43,200,0.215,361.4560632406573
uf20,10.0,63,19,45,200,0.225,343.27537875789073
uf20,10.0,64,19,23,200,0.115,716.2145216976754
uf20,10.0,65,19,15,200,0.075,1122.3255964964078
uf20,10.0,66,19,16,200,0.08,1049.3708942187936
uf20,10.0,67,19,66,200,0.33,218.48473131029502
uf20,10.0,68,19,16,200,0.08,1049.3708942187936
uf20,10.0,69,19,11,200,0.055,1546.7153947545185
uf20,10.0,70,19,43,200,0.215,361.4560632406573
uf20,10.0,71,19,36,200,0.18,440.90612065854305
uf20,10.0,72,19,11,200,0.055,1546.7153947545185
uf20,10.0,73,19,7,200,0.035,2455.9406420057544
uf20,10.0,74,19,18,200,0.09,927.7659118176015
uf20,10.0,75,19,54,200,0.27,278.02747433469887
uf20,10.0,76,19,6,200,0.03,2872.6365772221893
uf20,10.0,77,19,17,200,0.085,984.9942366289802
uf20,10.0,78,19,28,200,0.14,580.138954291037
uf20,10.0,79,19,50,200,0.25,304.14906562674156
uf20,10.0,80,19,74,200,0.37,189.37558084865535
uf20,10.0,81,19,4,200,0.02,4331.015252490277
uf20,10.0,82,19,34,200,0.17,469.5885343756351
uf20,10.0,83,19,21,200,0.105,788.7586992907984
uf20,10.0,84,19,25,200,0.125,655.2633939781509
uf20,10.0,85,19,9,200,0.045,1900.3203544609953
uf20,10.0,86,19,32,200,0.16,501.84418534477817
uf20,10.0,87,19,21,200,0.105,788.7586992907984
uf20,10.0,88,19,35,200,0.175,454.8389701302384
uf20,10.0,89,19,28,200,0.14,580.138954291037
uf20,10.0,90,19,33,200,0.165,485.2290869892242
uf20,10.0,91,19,13,200,0.065,1301.8875359661854
uf20,10.0,92,19,11,200,0.055,1546.7153947545185
uf20,10.0,93,19,13,200,0.065,1301.8875359661854
uf20,10.0,94,19,25,200,0.125,655.2633939781509
uf20,10.0,95,19,5,200,0.025,3455.9956212665716
uf20,10.0,96,19,0,200,0.0,inf
uf20,10.0,97,19,22,200,0.11,750.8398535717317
uf20,10.0,98,19,11,200,0.055,1546.7153947545185
uf20,10.0,99,19,28,200,0.14,580.138954291037
uf20,0.1,1,293,157,200,0.785,877.821691054755
uf20,0.1,2,293,200,200,1.0,293.0
uf20,0.1,3,293,92,200,0.46,2189.784511797405
uf20,0.1,4,293,117,200,0.585,1534.2245841835365
uf20,0.1,5,293,179,200,0.895,598.6857310031297
uf20,0.1,6,293,145,200,0.725,1045.1831122512313
uf20,0.1,7,293,198,200,0.99,293.0
uf20,0.1,8,293,146,200,0.73,1030.5358031454086
uf20,0.1,9,293,74,200,0.37,2920.3707994029483
uf20,0.1,10,293,183,200,0.915,547.3662986158985
uf20,0.1,100,293,157,200,0.785,877.821691054755
uf20,0.1,11,293,200,200,1.0,293.0
uf20,0.1,12,293,200,200,1.0,293.0
uf20,0.1,13,293,132,200,0.66,1250.7441421859137
uf20,0.1,14,293,182,200,0.91,560.359361792207
uf20,0.1,15,293,188,200,0.94,479.6010964401249
uf20,0.1,16,293,173,200,0.865,673.8217246700523
uf20,0.1,17,293,184,200,0.92,534.2279613192808
uf20,0.1,18,293,118,200,0.59,1513.3666562446417
uf20,0.1,19,293,145,200,0.725,1045.1831122512313
uf20,0.1,20,293,174,200,0.87,661.3572636982559
uf20,0.1,21,293,155,200,0.775,904.5757738608477
uf20,0.1,22,293,147,200,0.735,1016.0308761029909
uf20,0.1,23,293,169,200,0.845,723.7531698792488
uf20,0.1,24,293,106,200,0.53,1787.1185479633718
uf20,0.1,25,293,83,200,0.415,2516.705016957068
uf20,0.1,26,293,124,200,0.62,1394.5195743956579
uf20,0.1,27,293,188,200,0.94,479.6010964401249
uf20,0.1,28,293,167,200,0.835,748.8664234643988
uf20,0.1,29,293,103,200,0.515,1864.7083370016408
uf20,0.1,30,293,196,200,0.98,344.9148592997185
uf20,0.1,31,293,51,200,0.255,4583.721177389051
uf20,0.1,32,293,94,200,0.47,2125.312714384308
uf20,0.1,33,293,187,200,0.935,493.64551718209924
uf20,0.1,34,293,193,200,0.965,402.49133740490754
uf20,0.1,35,293,145,200,0.725,1045.1831122512313
uf20,0.1,36,293,123,200,0.615,1413.6175791142969
uf20,0.1,37,293,91,200,0.455,2223.035752791816
uf20,0.1,38,293,200,200,1.0,293.0
uf20,0.1,39,293,157,200,0.785,877.821691054755
uf20,0.1,40,293,143,200,0.715,1074.9233695368766
uf20,0.1,41,293,84,199,0.4221105527638191,2460.579954924752
uf20,0.1,42,293,156,200,0.78,891.1499574418243
uf20,0.1,43,293,78,200,0.39,2729.7691788208735
uf20,0.1,44,293,163,200,0.815,799.6416387197827
uf20,0.1,45,293,169,200,0.845,723.7531698792488
uf20,0.1,46,293,190,200,0.95,450.41236708838125
uf20,0.1,47,293,168,200,0.84,736.2918872564936
uf20,0.1,48,293,109,200,0.545,1713.507392562025
uf20,0.1,49,293,141,200,0.705,1105.2892003449615
uf20,0.1,50,293,53,200,0.265,4382.531885809876
uf20,0.1,51,293,159,200,0.795,851.4395749446714
uf20,0.1,52,293,194,200,0.97,384.79754334750197
uf20,0.1,53,293,109,200,0.545,1713.507392562025
uf20,0.1,54,293,186,200,0.93,507.40237726086616
uf20,0.1,55,293,193,200,0.965,402.49133740490754
uf20,0.1,56,293,196,200,0.98,344.9148592997185
uf20,0.1,57,293,192,200,0.96,419.18823151550424
uf20,0.1,58,293,196,200,0.98,344.9148592997185
uf20,0.1,59,293,76,200,0.38,2822.623037506349
uf20,0.1,60,293,184,200,0.92,534.2279613192808
uf20,0.1,61,293,100,198,0.5050505050505051,1918.5493018038146
uf20,0.1,62,293,198,200,0.99,293.0
uf20,0.1,63,293,196,200,0.98,344.9148592997185
uf20,0.1,64,293,170,200,0.85,711.2438197079438
uf20,0.1,65,293,183,200,0.915,547.3662986158985
uf20,0.1,66,293,182,200,0.91,560.359361792207
uf20,0.1,67,293,199,200,0.995,254.6685619501909
uf20,0.1,68,293,183,200,0.915,547.3662986158985
uf20,0.1,69,293,168,200,0.84,736.2918872564936
uf20,0.1,70,293,197,200,0.985,321.28800462714037
uf20,0.1,71,293,182,200,0.91,560.359361792207
uf20,0.1,72,293,185,200,0.925,520.9172561403609
uf20,0.1,73,293,112,200,0.56,1643.54059434497
uf20,0.1,74,293,76,200,0.38,2822.623037506349
uf20,0.1,75,293,182,200,0.91,560.359361792207
uf20,0.1,76,293,123,200,0.615,1413.6175791142969
uf20,0.1,77,293,168,200,0.84,736.2918872564936
uf20,0.1,78,293,196,200,0.98,344.9148592997185
uf20,0.1,79,293,200,200,1.0,293.0
uf20,0.1,80,293,199,200,0.995,254.6685619501909
uf20,0.1,81,293,138,200,0.69,1152.095689405403
uf20,0.1,82,293,189,200,0.945,465.21327616495864
uf20,0.1,83,293,195,200,0.975,365.779061440926
uf20,0.1,84,293,159,200,0.795,851.4395749446714
uf20,0.1,85,293,102,200,0.51,1891.5189970931744
uf20,0.1,86,293,188,200,0.94,479.6010964401249
uf20,0.1,87,293,187,200,0.935,493.64551718209924
uf20,0.1,88,293,187,200,0.935,493.64551718209924
uf20,0.1,89,293,180,200,0.9,585.9999999999999
uf20,0.1,90,293,188,200,0.94,479.6010964401249
uf20,0.1,91,293,103,200,0.515,1864.7083370016408
uf20,0.1,92,293,168,200,0.84,736.2918872564936
uf20,0.1,93,293,137,200,0.685,1168.0532736465857
uf20,0.1,94,293,154,200,0.77,918.1036446016029
uf20,0.1,95,293,92,200,0.46,2189.784511797405
uf20,0.1,96,293,95,200,0.475,2094.048532369448
uf20,0.1,97,293,164,200,0.82,786.8649996349175
uf20,0.1,98,293,150,200,0.75,973.3249318019971
uf20,0.1,99,293,158,200,0.79,864.586429573781
uf20,2.0,1,41,36,200,0.18,951.4289972105403
uf20,2.0,2,41,118,200,0.59,211.76803039600787
uf20,2.0,3,41,33,200,0.165,1047.0732929767469
uf20,2.0,4,41,31,200,0.155,1121.0870993431333
uf20,2.0,5,41,70,200,0.35,438.29959492866493
uf20,2.0,6,41,42,200,0.21,800.9931634612591
uf20,2.0,7,41,109,200,0.545,239.77407199673385
uf20,2.0,8,41,28,200,0.14,1251.8787961017113
uf20,2.0,9,41,21,200,0.105,1702.0582458380388
uf20,2.0,10,41,90,200,0.45,315.8251787474977
uf20,2.0,100,41,58,200,0.29,551.2914458985573
uf20,2.0,11,41,119,200,0.595,208.89326026159497
uf20,2.0,12,41,153,200,0.765,130.37972633452688
uf20,2.0,13,41,38,200,0.19,896.0281583980964
uf20,2.0,14,41,63,200,0.315,499.0583969818867
uf20,2.0,15,41,71,200,0.355,430.5811653398501
uf20,2.0,16,41,62,200,0.31,508.839822096846
uf20,2.0,17,41,62,200,0.31,508.839822096846
uf20,2.0,18,41,25,199,0.12562814070351758,1406.4256607856614
uf20,2.0,19,41,48,200,0.24,687.9979149399641
uf20,2.0,20,41,55,200,0.275,587.1318172304525
uf20,2.0,21,41,50,200,0.25,656.3216679313897
uf20,2.0,22,41,50,200,0.25,656.3216679313897
uf20,2.0,23,41,63,200,0.315,499.0583969818867
uf20,2.0,24,41,32,200,0.16,1082.9269262703108
uf20,2.0,25,41,29,200,0.145,1205.2817455944407
uf20,2.0,26,41,17,200,0.085,2125.5138790414835
uf20,2.0,27,41,89,200,0.445,320.6795065750571
uf20,2.0,28,41,59,200,0.295,540.1457285203595
uf20,2.0,29,41,29,200,0.145,1205.2817455944407
uf20,2.0,30,41,99,200,0.495,276.3654102131009
uf20,2.0,31,41,11,200,0.055,3337.6490097334345
uf20,2.0,32,41,25,200,0.125,1413.9894291107469
uf20,2.0,33,41,70,200,0.35,438.29959492866493
uf20,2.0,34,41,125,200,0.625,192.50239228259886
uf20,2.0,35,41,31,200,0.155,1121.0870993431333
uf20,2.0,36,41,28,200,0.14,1251.8787961017113
uf20,2.0,37,41,14,200,0.07,2601.766226143536
uf20,2.0,38,41,156,200,0.78,124.70016469322456
uf20,2.0,39,41,71,200,0.355,430.5811653398501
uf20,2.0,40,41,36,200,0.18,951.4289972105403
uf20,2.0,41,41,25,200,0.125,1413.9894291107469
uf20,2.0,42,41,41,200,0.205,823.0215479514553
uf20,2.0,43,41,20,200,0.1,1792.0563167961925
uf20,2.0,44,41,67,200,0.335,462.81048348304165
uf20,2.0,45,41,51,200,0.255,641.4080828428365
uf20,2.0,46,41,93,200,0.465,301.86321241699767
uf20,2.0,47,41,52,200,0.26,627.0633813590346
uf20,2.0,48,41,28,200,0.14,1251.8787961017113
uf20,2.0,49,41,24,200,0.12,1477.016333023115
uf20,2.0,50,41,11,200,0.055,3337.6490097334345
uf20,2.0,51,41,41,200,0.205,823.0215479514553
uf20,2.0,52,41,78,200,0.39,381.98135266776734
uf20,2.0,53,41,31,200,0.155,1121.0870993431333
uf20,2.0,54,41,60,200,0.3,529.3670913366562
uf20,2.0,55,41,109,200,0.545,239.77407199673385
uf20,2.0,56,41,112,200,0.56,229.98349613700947
uf20,2.0,57,41,51,200,0.255,641.4080828428365
uf20,2.0,58,41,110,200,0.55,236.4560523584713
uf20,2.0,59,41,19,200,0.095,1891.5181670318445
uf20,2.0,60,41,56,200,0.28,574.7629835023757
uf20,2.0,61,41,30,200,0.15,1161.7845269408865
uf20,2.0,62,41,104,200,0.52,257.2478300670874
uf20,2.0,63,41,107,200,0.535,246.5816512659174
uf20,2.0,64,41,62,200,0.31,508.839822096846
uf20,2.0,65,41,53,200,0.265,613.2553150791978
uf20,2.0,66,41,82,200,0.41,357.84734829066997
uf20,2.0,67,41,116,200,0.58,217.6505522354643
uf20,2.0,68,41,60,200,0.3,529.3670913366562
uf20,2.0,69,41,58,200,0.29,551.2914458985573
uf20,2.0,70,41,113,200,0.565,226.82590096557817
uf20,2.0,71,41,79,200,0.395,375.7251747639778
uf20,2.0,72,41,69,200,0.345,446.23737540771293
uf20,2.0,73,41,33,200,0.165,1047.0732929767469
uf20,2.0,74,41,24,200,0.12,1477.016333023115
uf20,2.0,75,41,108,200,0.54,243.148715384178
uf20,2.0,76,41,33,200,0.165,1047.0732929767469
uf20,2.0,77,41,60,200,0.3,529.3670913366562
uf20,2.0,78,41,100,200,0.5,272.3981037807637
uf20,2.0,79,41,135,200,0.675,167.99263422866235
uf20,2.0,80,41,152,200,0.76,132.30314184215092
uf20,2.0,81,41,28,200,0.14,1251.8787961017113
uf20,2.0,82,41,100,200,0.5,272.3981037807637
uf20,2.0,83,41,90,200,0.45,315.8251787474977
uf20,2.0,84,41,60,200,0.3,529.3670913366562
uf20,2.0,85,41,23,200,0.115,1545.5155468212995
uf20,2.0,86,41,77,200,0.385,388.395713282063
uf20,2.0,87,41,66,200,0.33,471.46705177484716
uf20,2.0,88,41,73,200,0.365,415.76610480218005
uf20,2.0,89,41,80,200,0.4,369.62119525939545
uf20,2.0,90,41,88,200,0.44,325.63979792183716
uf20,2.0,91,41,27,200,0.135,1301.9201687826917
uf20,2.0,92,41,40,200,0.2,846.145794998326
uf20,2.0,93,41,36,200,0.18,951.4289972105403
uf20,2.0,94,41,58,200,0.29,551.2914458985573
uf20,2.0,95,41,20,200,0.1,1792.0563167961925
uf20,2.0,96,41,8,200,0.04,4625.251162870704
uf20,2.0,97,41,67,200,0.335,462.81048348304165
uf20,2.0,98,41,41,200,0.205,823.0215479514553
uf20,2.0,99,41,55,200,0.275,587.1318172304525
uf20,20.0,1,10,1,200,0.005,9187.295284714153
uf20,20.0,2,10,4,200,0.02,2279.4817118369874
uf20,20.0,3,10,3,200,0.015,3047.029605887723
uf20,20.0,4,10,0,200,0.0,inf
uf20,20.0,5,10,1,200,0.005,9187.295284714153
uf20,20.0,6,10,1,200,0.005,9187.295284714153
uf20,20.0,7,10,4,200,0.02,2279.4817118369874
uf20,20.0,8,10,1,200,0.005,9187.295284714153
uf20,20.0,9,10,0,200,0.0,inf
uf20,20.0,10,10,6,200,0.03,1511.9139880116786
uf20,20.0,100,10,1,200,0.005,9187.295284714153
uf20,20.0,11,10,10,200,0.05,897.8113496070968
uf20,20.0,12,10,12,200,0.06,744.2650729148938
uf20,20.0,13,10,0,200,0.0,inf
uf20,20.0,14,10,4,200,0.02,2279.4817118369874
uf20,20.0,15,10,2,200,0.01,4582.105765533885
uf20,20.0,16,10,2,200,0.01,4582.105765533885
uf20,20.0,17,10,1,200,0.005,9187.295284714153
uf20,20.0,18,10,1,200,0.005,9187.295284714153
uf20,20.0,19,10,0,200,0.0,inf
uf20,20.0,20,10,0,200,0.0,inf
uf20,20.0,21,10,1,200,0.005,9187.295284714153
uf20,20.0,22,10,1,200,0.005,9187.295284714153
uf20,20.0,23,10,2,200,0.01,4582.105765533885
uf20,20.0,24,10,2,200,0.01,4582.105765533885
uf20,20.0,25,10,0,200,0.0,inf
uf20,20.0,26,10,0,200,0.0,inf
uf20,20.0,27,10,3,200,0.015,3047.029605887723
uf20,20.0,28,10,2,200,0.01,4582.105765533885
uf20,20.0,29,10,0,200,0.0,inf
uf20,20.0,30,10,11,200,0.055,814.0607340813254
uf20,20.0,31,10,2,200,0.01,4582.105765533885
uf20,20.0,32,10,2,200,0.01,4582.105765533885
uf20,20.0,33,10,9,200,0.045,1000.1686076110501
uf20,20.0,34,10,12,200,0.06,744.2650729148938
uf20,20.0,35,10,1,200,0.005,9187.295284714153
uf20,20.0,36,10,1,200,0.005,9187.295284714153
uf20,20.0,37,10,0,200,0.0,inf
uf20,20.0,38,10,16,200,0.08,552.3004706414704
uf20,20.0,39,10,2,200,0.01,4582.105765533885
uf20,20.0,40,10,1,200,0.005,9187.295284714153
uf20,20.0,41,10,2,200,0.01,4582.105765533885
uf20,20.0,42,10,0,200,0.0,inf
uf20,20.0,43,10,1,200,0.005,9187.295284714153
uf20,20.0,44,10,3,200,0.015,3047.029605887723
uf20,20.0,45,10,3,200,0.015,3047.029605887723
uf20,20.0,46,10,3,200,0.015,3047.029605887723
uf20,20.0,47,10,3,200,0.015,3047.029605887723
uf20,20.0,48,10,1,200,0.005,9187.295284714153
uf20,20.0,49,10,0,200,0.0,inf
uf20,20.0,50,10,0,200,0.0,inf
uf20,20.0,51,10,0,200,0.0,inf
uf20,20.0,52,10,4,200,0.02,2279.4817118369874
uf20,20.0,53,10,1,200,0.005,9187.295284714153
uf20,20.0,54,10,1,200,0.005,9187.295284714153
uf20,20.0,55,10,7,200,0.035,1292.6003378977655
uf20,20.0,56,10,14,200,0.07,634.5771283276918
uf20,20.0,57,10,1,200,0.005,9187.295284714153
uf20,20.0,58,10,14,200,0.07,634.5771283276918
uf20,20.0,59,10,1,200,0.005,9187.295284714153
uf20,20.0,60,10,0,200,0.0,inf
uf20,20.0,61,10,0,200,0.0,inf
uf20,20.0,62,10,7,200,0.035,1292.6003378977655
uf20,20.0,63,10,10,200,0.05,897.8113496070968
uf20,20.0,64,10,4,200,0.02,2279.4817118369874
uf20,20.0,65,10,1,200,0.005,9187.295284714153
uf20,20.0,66,10,4,200,0.02,2279.4817118369874
uf20,20.0,67,10,15,200,0.075,590.6976823665303
uf20,20.0,68,10,3,200,0.015,3047.029605887723
uf20,20.0,69,10,0,200,0.0,inf
uf20,20.0,70,10,15,200,0.075,590.6976823665303
uf20,20.0,71,10,6,200,0.03,1511.9139880116786
uf20,20.0,72,10,3,200,0.015,3047.029605887723
uf20,20.0,73,10,1,200,0.005,9187.295284714153
uf20,20.0,74,10,0,200,0.0,inf
uf20,20.0,75,10,9,200,0.045,1000.1686076110501
uf20,20.0,76,10,0,200,0.0,inf
uf20,20.0,77,10,0,200,0.0,inf
uf20,20.0,78,10,11,200,0.055,814.0607340813254
uf20,20.0,79,10,11,200,0.055,814.0607340813254
uf20,20.0,80,10,15,200,0.075,590.6976823665303
uf20,20.0,81,10,1,200,0.005,9187.295284714153
uf20,20.0,82,10,6,200,0.03,1511.9139880116786
uf20,20.0,83,10,3,200,0.015,3047.029605887723
uf20,20.0,84,10,5,200,0.025,1818.9450638245112
uf20,20.0,85,10,1,200,0.005,9187.295284714153
uf20,20.0,86,10,1,200,0.005,9187.295284714153
uf20,20.0,87,10,4,200,0.02,2279.4817118369874
uf20,20.0,88,10,4,200,0.02,2279.4817118369874
uf20,20.0,89,10,5,200,0.025,1818.9450638245112
uf20,20.0,90,10,4,200,0.02,2279.4817118369874
uf20,20.0,91,10,0,200,0.0,inf
uf20,20.0,92,10,1,200,0.005,9187.295284714153
uf20,20.0,93,10,1,200,0.005,9187.295284714153
uf20,20.0,94,10,7,200,0.035,1292.6003378977655
uf20,20.0,95,10,0,200,0.0,inf
uf20,20.0,96,10,0,200,0.0,inf
uf20,20.0,97,10,1,200,0.005,9187.295284714153
uf20,20.0,98,10,1,200,0.005,9187.295284714153
uf20,20.0,99,10,6,200,0.03,1511.9139880116786
uf20,0.2,1,213,160,200,0.8,609.4682137392654
uf20,0.2,2,213,200,200,1.0,213.0
uf20,0.2,3,213,81,200,0.405,1889.277396751521
uf20,0.2,4,213,102,200,0.51,1375.0632982281438
uf20,0.2,5,213,174,200,0.87,480.781901596343
uf20,0.2,6,213,114,200,0.57,1162.2464873347324
uf20,0.2,7,213,190,200,0.95,327.43288119394265
uf20,0.2,8,213,123,200,0.615,1027.6469090489597
uf20,0.2,9,213,56,200,0.28,2985.9637923416108
uf20,0.2,10,213,171,200,0.855,507.97012412512333
uf20,0.2,100,213,140,200,0.7,814.7204372815025
uf20,0.2,11,213,198,200,0.99,213.0
uf20,0.2,12,213,200,200,1.0,213.0
uf20,0.2,13,213,108,200,0.54,1263.1872287031686
uf20,0.2,14,213,174,200,0.87,480.781901596343
uf20,0.2,15,213,174,200,0.87,480.781901596343
uf20,0.2,16,213,161,200,0.805,600.0292504646608
uf20,0.2,17,213,176,200,0.88,462.631759150762
uf20,0.2,18,213,108,200,0.54,1263.1872287031686
uf20,0.2,19,213,155,200,0.775,657.5926274141998
uf20,0.2,20,213,164,200,0.82,572.0213137277727
uf20,0.2,21,213,136,200,0.68,860.8668916567136
uf20,0.2,22,213,128,200,0.64,960.1135925640393
uf20,0.2,23,213,141,200,0.705,803.503753151798
uf20,0.2,24,213,102,200,0.51,1375.0632982281438
uf20,0.2,25,213,62,200,0.31,2643.484929429956
uf20,0.2,26,213,117,200,0.585,1115.323673826257
uf20,0.2,27,213,185,200,0.925,378.6872885935047
uf20,0.2,28,213,159,200,0.795,618.9646056765018
uf20,0.2,29,213,98,200,0.49,1456.7597597113408
uf20,0.2,30,213,189,200,0.945,338.192586427086
uf20,0.2,31,213,45,200,0.225,3848.2976671279325
uf20,0.2,32,213,77,200,0.385,2017.7630958312054
uf20,0.2,33,213,164,200,0.82,572.0213137277727
uf20,0.2,34,213,191,200,0.955,316.30825527951146
uf20,0.2,35,213,129,200,0.645,947.1472977312467
uf20,0.2,36,213,104,200,0.52,1336.4338488851126
uf20,0.2,37,213,84,200,0.42,1800.7202391181158
uf20,0.2,38,213,200,200,1.0,213.0
uf20,0.2,39,213,144,200,0.72,770.5637852246738
uf20,0.2,40,213,134,200,0.67,884.7608171500531
uf20,0.2,41,213,90,200,0.45,1640.7503188589515
uf20,0.2,42,213,161,200,0.805,600.0292504646608
uf20,0.2,43,213,72,200,0.36,2197.9152967639443
uf20,0.2,44,213,137,200,0.685,849.1308781116818
uf20,0.2,45,213,162,200,0.81,590.64419671666
uf20,0.2,46,213,190,200,0.95,327.43288119394265
uf20,0.2,47,213,175,200,0.875,471.71378947400547
uf20,0.2,48,213,110,200,0.55,1228.4180281062045
uf20,0.2,49,213,111,200,0.555,1211.4663101553535
uf20,0.2,50,213,43,200,0.215,4052.1127089610522
uf20,0.2,51,213,138,200,0.69,837.5303134585353
uf20,0.2,52,213,185,199,0.9296482412060302,369.55907518906594
uf20,0.2,53,213,85,200,0.425,1772.5468298233143
uf20,0.2,54,213,166,200,0.83,553.5694924409312
uf20,0.2,55,213,174,200,0.87,480.781901596343
uf20,0.2,56,213,184,200,0.92,388.36367153927245
uf20,0.2,57,213,179,200,0.895,435.2220501831626
uf20,0.2,58,213,195,200,0.975,265.9076453478404
uf20,0.2,59,213,71,200,0.355,2236.9216638387334
uf20,0.2,60,213,180,200,0.9,425.99999999999994
uf20,0.2,61,213,119,200,0.595,1085.2259618468227
uf20,0.2,62,213,182,200,0.91,407.3602186407512
uf20,0.2,63,213,194,200,0.97,279.73336768948093
uf20,0.2,64,213,157,200,0.785,638.1434136336615
uf20,0.2,65,213,180,200,0.9,425.99999999999994
uf20,0.2,66,213,169,200,0.845,526.1413828815017
uf20,0.2,67,213,196,200,0.98,250.74015368887387
uf20,0.2,68,213,178,200,0.89,444.3946894670987
uf20,0.2,69,213,163,200,0.815,581.3094506734257
uf20,0.2,70,213,191,200,0.955,316.30825527951146
uf20,0.2,71,213,178,200,0.89,444.3946894670987
uf20,0.2,72,213,181,199,0.9095477386934674,408.2099760315719
uf20,0.2,73,213,105,200,0.525,1317.6355701033647
uf20,0.2,74,213,58,200,0.29,2864.026292107139
uf20,0.2,75,213,172,200,0.86,498.90383781176786
uf20,0.2,76,213,108,200,0.54,1263.1872287031686
uf20,0.2,77,213,119,200,0.595,1085.2259618468227
uf20,0.2,78,213,192,200,0.96,304.7341068696328
uf20,0.2,79,213,200,200,1.0,213.0
uf20,0.2,80,213,197,200,0.985,233.56431735693138
uf20,0.2,81,213,141,200,0.705,803.503753151798
uf20,0.2,82,213,176,200,0.88,462.631759150762
uf20,0.2,83,213,189,200,0.945,338.192586427086
uf20,0.2,84,213,139,200,0.695,826.0614064195851
uf20,0.2,85,213,95,200,0.475,1522.2946668760835
uf20,0.2,86,213,195,200,0.975,265.9076453478404
uf20,0.2,87,213,177,200,0.885,453.52818113435706
uf20,0.2,88,213,184,200,0.92,388.36367153927245
uf20,0.2,89,213,170,200,0.85,517.0475549412697
uf20,0.2,90,213,177,200,0.885,453.52818113435706
uf20,0.2,91,213,87,200,0.435,1718.0775689993718
uf20,0.2,92,213,147,200,0.735,738.6163024229934
uf20,0.2,93,213,122,200,0.61,1041.7293472751696
uf20,0.2,94,213,123,200,0.615,1027.6469090489597
uf20,0.2,95,213,78,200,0.39,1984.43971020084
uf20,0.2,96,213,85,200,0.425,1772.5468298233143
uf20,0.2,97,213,143,200,0.715,781.4289341684463
uf20,0.2,98,213,146,200,0.73,749.160839829256
uf20,0.2,99,213,148,200,0.74,728.1719534014502
uf20,0.3,1,133,128,200,0.64,599.5075484085316
uf20,0.3,2,133,187,200,0.935,224.07799926695972
uf20,0.3,3,133,61,200,0.305,1683.3824070527203
uf20,0.3,4,133,71,200,0.355,1396.763292443904
uf20,0.3,5,133,147,200,0.735,461.2017287429959
uf20,0.3,6,133,87,200,0.435,1072.7902191404528
uf20,0.3,7,133,178,200,0.89,277.4858859113809
uf20,0.3,8,133,92,200,0.46,993.9977476759551
uf20,0.3,9,133,41,200,0.205,2669.801606769355
uf20,0.3,10,133,149,200,0.745,448.21905583179495
uf20,0.3,100,133,101,200,0.505,871.0036944674055
uf20,0.3,11,133,189,200,0.945,211.17189668921333
uf20,0.3,12,133,199,200,0.995,115.60040525384092
uf20,0.3,13,133,96,200,0.48,936.6307456026584
uf20,0.3,14,133,129,200,0.645,591.4112234659897
uf20,0.3,15,133,148,200,0.74,454.6801399173375
uf20,0.3,16,133,129,200,0.645,591.4112234659897
uf20,0.3,17,133,136,200,0.68,537.5366037105301
uf20,0.3,18,133,82,200,0.41,1160.821885918515
uf20,0.3,19,133,121,200,0.605,659.390393862141
uf20,0.3,20,133,141,200,0.705,501.71830595863446
uf20,0.3,21,133,95,200,0.475,950.5408013827188
uf20,0.3,22,133,101,200,0.505,871.0036944674055
uf20,0.3,23,133,126,199,0.6331658291457286,610.7498172373422
uf20,0.3,24,133,74,200,0.37,1325.6290659405875
uf20,0.3,25,133,43,200,0.215,2530.192442684601
uf20,0.3,26,133,73,200,0.365,1348.7046814314622
uf20,0.3,27,133,150,200,0.75,441.8164366200192
uf20,0.3,28,133,133,200,0.665,560.0528301216726
uf20,0.3,29,133,61,200,0.305,1683.3824070527203
uf20,0.3,30,133,170,200,0.85,322.85129017459565
uf20,0.3,31,133,25,200,0.125,4586.843757847057
uf20,0.3,32,133,55,200,0.275,1904.5983339426873
uf20,0.3,33,133,153,200,0.765,422.93911225590426
uf20,0.3,34,133,174,200,0.87,300.20653949443016
uf20,0.3,35,133,108,200,0.54,788.7507108803823
uf20,0.3,36,133,73,200,0.365,1348.7046814314622
uf20,0.3,37,133,52,200,0.26,2034.1324322134537
uf20,0.3,38,133,198,200,0.99,133.0
uf20,0.3,39,133,119,200,0.595,677.6293564583447
uf20,0.3,40,133,93,200,0.465,979.2148110112364
uf20,0.3,41,133,75,200,0.375,1303.1551175877933
uf20,0.3,42,133,106,200,0.53,811.2176343997559
uf20,0.3,43,133,47,200,0.235,2286.4301304665046
uf20,0.3,44,133,113,200,0.565,735.8010933761437
uf20,0.3,45,133,133,200,0.665,560.0528301216726
uf20,0.3,46,133,167,200,0.835,339.9291273746247
uf20,0.3,47,133,134,200,0.67,552.4562848871224
uf20,0.3,48,133,59,200,0.295,1752.1800461758003
uf20,0.3,49,133,98,200,0.49,909.6199438573161
uf20,0.3,50,133,23,200,0.115,5013.501651883728
uf20,0.3,51,133,116,200,0.58,706.0371572516281
uf20,0.3,52,133,153,200,0.765,422.93911225590426
uf20,0.3,53,133,63,200,0.315,1618.8967511851447
uf20,0.3,54,133,149,200,0.745,448.21905583179495
uf20,0.3,55,133,168,200,0.84,334.221232099364
uf20,0.3,56,133,166,200,0.83,345.6560680499711
uf20,0.3,57,133,149,200,0.745,448.21905583179495
uf20,0.3,58,133,186,199,0.9346733668341709,224.48967595518414
uf20,0.3,59,133,47,200,0.235,2286.4301304665046
uf20,0.3,60,133,149,200,0.745,448.21905583179495
uf20,0.3,61,133,77,200,0.385,1259.917801622302
uf20,0.3,62,133,173,200,0.865,305.86446887753226
uf20,0.3,63,133,166,200,0.83,345.6560680499711
uf20,0.3,64,133,127,200,0.635,607.7122769993068
uf20,0.3,65,133,145,200,0.725,474.43465504919374
uf20,0.3,66,133,152,200,0.76,429.1784845123433
uf20,0.3,67,133,190,200,0.95,204.4533952995041
uf20,0.3,68,133,142,200,0.71,494.7898239969808
uf20,0.3,69,133,130,200,0.65,583.4203913628679
uf20,0.3,70,133,161,200,0.805,374.666151698591
uf20,0.3,71,133,145,200,0.725,474.43465504919374
uf20,0.3,72,133,147,200,0.735,461.2017287429959
uf20,0.3,73,133,74,200,0.37,1325.6290659405875
uf20,0.3,74,133,44,200,0.22,2465.1222888971565
uf20,0.3,75,133,151,200,0.755,435.4702533556487
uf20,0.3,76,133,89,200,0.445,1040.2530335239658
uf20,0.3,77,133,107,200,0.535,799.8868199601711
uf20,0.3,78,133,185,200,0.925,236.4573210466485
uf20,0.3,79,133,200,200,1.0,133.0
uf20,0.3,80,133,197,200,0.985,145.84063008672243
uf20,0.3,81,133,88,200,0.44,1056.343734722057
uf20,0.3,82,133,165,200,0.825,351.40471662856726
uf20,0.3,83,133,176,200,0.88,288.87335195798755
uf20,0.3,84,133,109,200,0.545,777.8036969650148
uf20,0.3,85,133,74,200,0.37,1325.6290659405875
uf20,0.3,86,133,172,200,0.86,311.5221146899771
uf20,0.3,87,133,163,200,0.815,362.9772626270686
uf20,0.3,88,133,148,200,0.74,454.6801399173375
uf20,0.3,89,133,152,200,0.76,429.1784845123433
uf20,0.3,90,133,153,200,0.765,422.93911225590426
uf20,0.3,91,133,67,200,0.335,1501.312056176696
uf20,0.3,92,133,111,200,0.555,756.4554894397279
uf20,0.3,93,133,103,200,0.515,846.4375727686629
uf20,0.3,94,133,100,200,0.5,883.6328732400384
uf20,0.3,95,133,73,200,0.365,1348.7046814314622
uf20,0.3,96,133,46,200,0.23,2343.420838554361
uf20,0.3,97,133,116,200,0.58,706.0371572516281
uf20,0.3,98,133,116,200,0.58,706.0371572516281
uf20,0.3,99,133,120,200,0.6,668.442464198728
uf20,0.4,1,111,109,200,0.545,649.1444388204258
uf20,0.4,2,111,187,200,0.935,187.01246555362803
uf20,0.4,3,111,57,200,0.285,1523.7419776659387
uf20,0.4,4,111,53,200,0.265,1660.2765847266085
uf20,0.4,5,111,128,200,0.64,500.340886265767
uf20,0.4,6,111,71,200,0.355,1165.7197403103257
uf20,0.4,7,111,170,200,0.85,269.44731736376025
uf20,0.4,8,111,81,200,0.405,984.5530095747363
uf20,0.4,9,111,46,200,0.23,1955.7873163874742
uf20,0.4,10,111,135,200,0.675,454.80932681418346
uf20,0.4,100,111,100,200,0.5,737.4680370649944
uf20,0.4,11,111,188,200,0.94,181.69188295171966
uf20,0.4,12,111,195,200,0.975,138.57158982915624
uf20,0.4,13,111,84,200,0.42,938.4035048925392
uf20,0.4,14,111,118,200,0.59,573.3232042428506
uf20,0.4,15,111,142,200,0.71,412.9448907042471
uf20,0.4,16,111,120,200,0.6,557.8730340305173
uf20,0.4,17,111,146,200,0.73,390.4077616011616
uf20,0.4,18,111,58,200,0.29,1492.5207437741428
uf20,0.4,19,111,120,200,0.6,557.8730340305173
uf20,0.4,20,111,127,200,0.635,507.18844170618837
uf20,0.4,21,111,105,200,0.525,686.6551562510492
uf20,0.4,22,111,94,200,0.47,805.1525982821099
uf20,0.4,23,111,106,200,0.53,677.0312587847586
uf20,0.4,24,111,59,200,0.295,1462.3457528234123
uf20,0.4,25,111,41,200,0.205,2228.1802883563787
uf20,0.4,26,111,81,200,0.405,984.5530095747363
uf20,0.4,27,111,136,200,0.68,448.6207745253296
uf20,0.4,28,111,122,200,0.61,542.8730401293137
uf20,0.4,29,111,67,200,0.335,1252.9747235760394
uf20,0.4,30,111,166,200,0.83,288.4798763424571
uf20,0.4,31,111,25,200,0.125,3828.1177227144603
uf20,0.4,32,111,39,200,0.195,2356.5848379764416
uf20,0.4,33,111,143,200,0.715,407.2235290736973
uf20,0.4,34,111,173,200,0.865,255.27034620606074
uf20,0.4,35,111,85,200,0.425,923.7215873727131
uf20,0.4,36,111,67,200,0.335,1252.9747235760394
uf20,0.4,37,111,46,200,0.23,1955.7873163874742
uf20,0.4,38,111,197,200,0.985,121.71661608741495
uf20,0.4,39,111,119,200,0.595,565.5402899765132
uf20,0.4,40,111,85,200,0.425,923.7215873727131
uf20,0.4,41,111,46,200,0.23,1955.7873163874742
uf20,0.4,42,111,97,200,0.485,770.3177260880361
uf20,0.4,43,111,48,200,0.24,1862.6285014228295
uf20,0.4,44,111,95,200,0.475,793.3084883720435
uf20,0.4,45,111,121,200,0.605,550.3182986368244
uf20,0.4,46,111,150,200,0.75,368.7340185324972
uf20,0.4,47,111,131,200,0.655,480.3313975838007
uf20,0.4,48,111,69,200,0.345,1208.1060651281985
uf20,0.4,49,111,78,200,0.39,1034.1446377102968
uf20,0.4,50,111,23,200,0.115,4184.200626760104
uf20,0.4,51,111,81,200,0.405,984.5530095747363
uf20,0.4,52,111,145,200,0.725,395.95674218391355
uf20,0.4,53,111,67,200,0.335,1252.9747235760394
uf20,0.4,54,111,131,199,0.6582914572864321,476.0432686387407
uf20,0.4,55,111,150,200,0.75,368.7340185324972
uf20,0.4,56,111,159,200,0.795,322.5590198595854
uf20,0.4,57,111,146,200,0.73,390.4077616011616
uf20,0.4,58,111,173,200,0.865,255.27034620606074
uf20,0.4,59,111,41,200,0.205,2228.1802883563787
uf20,0.4,60,111,131,200,0.655,480.3313975838007
uf20,0.4,61,111,72,200,0.36,1145.3924785952947
uf20,0.4,62,111,170,200,0.85,269.44731736376025
uf20,0.4,63,111,164,200,0.82,298.09561419616324
uf20,0.4,64,111,119,200,0.595,565.5402899765132
uf20,0.4,65,111,135,200,0.675,454.80932681418346
uf20,0.4,66,111,126,200,0.63,514.1289633922578
uf20,0.4,67,111,180,200,0.9,221.99999999999994
uf20,0.4,68,111,117,200,0.585,581.2250131207254
uf20,0.4,69,111,116,200,0.58,589.2490560521106
uf20,0.4,70,111,163,200,0.815,302.9359109143204
uf20,0.4,71,111,131,200,0.655,480.3313975838007
uf20,0.4,72,111,137,200,0.685,442.50482380467923
uf20,0.4,73,111,75,200,0.375,1087.5956244529702
uf20,0.4,74,111,38,200,0.19,2425.832331272895
uf20,0.4,75,111,160,200,0.8,317.6101958922932
uf20,0.4,76,111,82,200,0.41,968.806235616204
uf20,0.4,77,111,99,200,0.495,748.208793503761
uf20,0.4,78,111,177,200,0.885,236.34567185874943
uf20,0.4,79,111,193,200,0.965,152.47965341960662
uf20,0.4,80,111,182,200,0.91,212.28631112264497
uf20,0.4,81,111,100,200,0.5,737.4680370649944
uf20,0.4,82,111,146,200,0.73,390.4077616011616
uf20,0.4,83,111,166,200,0.83,288.4798763424571
uf20,0.4,84,111,102,200,0.51,716.5822821752299
uf20,0.4,85,111,64,200,0.32,1325.4436614327585
uf20,0.4,86,111,172,200,0.86,259.9921408314846
uf20,0.4,87,111,133,200,0.665,467.41251235718534
uf20,0.4,88,111,139,200,0.695,430.48270475386823
uf20,0.4,89,111,149,200,0.745,374.0775578746559
uf20,0.4,90,111,138,200,0.69,436.45945912627894
uf20,0.4,91,111,65,200,0.325,1300.5559858112063
uf20,0.4,92,111,109,200,0.545,649.1444388204258
uf20,0.4,93,111,88,200,0.44,881.6101846176566
uf20,0.4,94,111,84,198,0.42424242424242425,925.9246170376415
uf20,0.4,95,111,56,200,0.28,1556.0656382625293
uf20,0.4,96,111,36,200,0.18,2575.819968057804
uf20,0.4,97,111,94,200,0.47,805.1525982821099
uf20,0.4,98,111,101,200,0.505,726.9278953825715
uf20,0.4,99,111,99,200,0.495,748.208793503761
uf20,5.0,1,34,41,200,0.205,682.5056739109629
uf20,5.0,2,34,91,200,0.455,257.96319315672946
uf20,5.0,3,34,29,200,0.145,999.5019353709995
uf20,5.0,4,34,16,200,0.08,1877.8216001809992
uf20,5.0,5,34,38,200,0.19,743.0477411106165
uf20,5.0,6,34,44,200,0.22,630.1816377631827
uf20,5.0,7,34,92,200,0.46,254.10468737580806
uf20,5.0,8,34,26,200,0.13,1124.3247304998295
uf20,5.0,9,34,10,200,0.05,3052.558588664129
uf20,5.0,10,34,74,200,0.37,338.8826183607517
uf20,5.0,100,34,43,200,0.215,646.8161131674918
uf20,5.0,11,34,91,200,0.455,257.96319315672946
uf20,5.0,12,34,134,200,0.67,141.22942621174556
uf20,5.0,13,34,27,200,0.135,1079.6411155758906
uf20,5.0,14,34,43,200,0.215,646.8161131674918
uf20,5.0,15,34,49,200,0.245,557.1347943183513
uf20,5.0,16,34,43,200,0.215,646.8161131674918
uf20,5.0,17,34,51,200,0.255,531.8993857721083
uf20,5.0,18,34,15,200,0.075,2008.372120046203
uf20,5.0,19,34,43,200,0.215,646.8161131674918
uf20,5.0,20,34,44,200,0.22,630.1816377631827
uf20,5.0,21,34,23,200,0.115,1281.647038827419
uf20,5.0,22,34,48,200,0.24,570.5348562916774
uf20,5.0,23,34,38,200,0.19,743.0477411106165
uf20,5.0,24,34,30,200,0.15,963.4310711217106
uf20,5.0,25,34,22,200,0.11,1343.608159023099
uf20,5.0,26,34,11,200,0.055,2767.8064958765067
uf20,5.0,27,34,63,200,0.315,413.8533048142475
uf20,5.0,28,34,47,200,0.235,584.5009356079786
uf20,5.0,29,34,20,200,0.1,1486.0954822212327
uf20,5.0,30,34,84,200,0.42,287.43891140852554
uf20,5.0,31,34,10,200,0.05,3052.558588664129
uf20,5.0,32,34,22,200,0.11,1343.608159023099
uf20,5.0,33,34,62,200,0.31,421.96473051933566
uf20,5.0,34,34,100,200,0.5,225.8911104523406
uf20,5.0,35,34,35,200,0.175,813.9223676014792
uf20,5.0,36,34,29,200,0.145,999.5019353709995
uf20,5.0,37,34,16,200,0.08,1877.8216001809992
uf20,5.0,38,34,110,200,0.55,196.08550683385423
uf20,5.0,39,34,50,200,0.25,544.2667490162743
uf20,5.0,40,34,31,200,0.155,929.6819848211348
uf20,5.0,41,34,8,200,0.04,3835.5741350635108
uf20,5.0,42,34,20,200,0.1,1486.0954822212327
uf20,5.0,43,34,9,200,0.045,3400.5732658775705
uf20,5.0,44,34,46,200,0.23,599.0699888033705
uf20,5.0,45,34,29,200,0.145,999.5019353709995
uf20,5.0,46,34,68,199,0.3417085427135678,374.4869100724668
uf20,5.0,47,34,47,200,0.235,584.5009356079786
uf20,5.0,48,34,31,200,0.155,929.6819848211348
uf20,5.0,49,34,20,200,0.1,1486.0954822212327
uf20,5.0,50,34,9,200,0.045,3400.5732658775705
uf20,5.0,51,34,28,198,0.1414141414141414,1026.937958704493
uf20,5.0,52,34,47,200,0.235,584.5009356079786
uf20,5.0,53,34,35,200,0.175,813.9223676014792
uf20,5.0,54,34,48,200,0.24,570.5348562916774
uf20,5.0,55,34,72,200,0.36,350.84093938954976
uf20,5.0,56,34,83,200,0.415,292.04085521003515
uf20,5.0,57,34,44,200,0.22,630.1816377631827
uf20,5.0,58,34,65,200,0.325,398.3685001583875
uf20,5.0,59,34,8,200,0.04,3835.5741350635108
uf20,5.0,60,34,41,200,0.205,682.5056739109629
uf20,5.0,61,34,11,200,0.055,2767.8064958765067
uf20,5.0,62,34,75,200,0.375,333.13739848109
uf20,5.0,63,34,90,200,0.45,261.9038067662176
uf20,5.0,64,34,61,200,0.305,430.33835969768785
uf20,5.0,65,34,36,200,0.18,788.9899001258138
uf20,5.0,66,34,39,200,0.195,721.8367972180091
uf20,5.0,67,34,110,200,0.55,196.08550683385423
uf20,5.0,68,34,45,200,0.225,614.2822567246465
uf20,5.0,69,34,32,200,0.16,898.0369632485503
uf20,5.0,70,34,93,200,0.465,250.32559078482734
uf20,5.0,71,34,69,200,0.345,370.0505064356644
uf20,5.0,72,34,41,200,0.205,682.5056739109629
uf20,5.0,73,34,23,200,0.115,1281.647038827419
uf20,5.0,74,34,17,200,0.085,1762.6212655465959
uf20,5.0,75,34,91,200,0.455,257.96319315672946
uf20,5.0,76,34,25,200,0.125,1172.5765997503752
uf20,5.0,77,34,48,200,0.24,570.5348562916774
uf20,5.0,78,34,68,200,0.34,376.8230245084229
uf20,5.0,79,34,101,200,0.505,222.66259858565252
uf20,5.0,80,34,118,200,0.59,175.61251301132359
uf20,5.0,81,34,12,200,0.06,2530.501247910639
uf20,5.0,82,34,64,200,0.32,405.99175215057465
uf20,5.0,83,34,58,200,0.29,457.16851611099867
uf20,5.0,84,34,39,200,0.195,721.8367972180091
uf20,5.0,85,34,28,200,0.14,1038.143391889224
uf20,5.0,86,34,68,200,0.34,376.8230245084229
uf20,5.0,87,34,70,200,0.35,363.4679567701123
uf20,5.0,88,34,71,200,0.355,357.06730784280245
uf20,5.0,89,34,55,200,0.275,486.8897996545215
uf20,5.0,90,34,65,200,0.325,398.3685001583875
uf20,5.0,91,34,22,200,0.11,1343.608159023099
uf20,5.0,92,34,23,200,0.115,1281.647038827419
uf20,5.0,93,34,24,200,0.12,1224.842812750876
uf20,5.0,94,34,36,200,0.18,788.9899001258138
uf20,5.0,95,34,14,200,0.07,2157.562236314152
uf20,5.0,96,34,3,200,0.015,10359.900660018258
uf20,5.0,97,34,44,200,0.22,630.1816377631827
uf20,5.0,98,34,30,200,0.15,963.4310711217106
uf20,5.0,99,34,47,200,0.235,584.5009356079786
uf20,0.5,1,88,78,200,0.39,819.8624154820371
uf20,0.5,2,88,183,200,0.915,164.39670402115723
uf20,0.5,3,88,48,200,0.24,1476.6784515784595
uf20,0.5,4,88,54,200,0.27,1287.7061969186054
uf20,0.5,5,88,117,200,0.585,460.7910013930076
uf20,0.5,6,88,80,200,0.4,793.3332971421171
uf20,0.5,7,88,164,200,0.82,236.32805449785917
uf20,0.5,8,88,72,200,0.36,908.0589019494229
uf20,0.5,9,88,38,200,0.19,1923.1823887568896
uf20,0.5,10,88,120,200,0.6,442.2777206728426
uf20,0.5,100,88,85,200,0.425,732.319817016205
uf20,0.5,11,88,189,200,0.945,139.72275871165994
uf20,0.5,12,88,193,200,0.965,120.88477027860705
uf20,0.5,13,88,67,200,0.335,993.3493304026259
uf20,0.5,14,88,112,200,0.56,493.62311365992275
uf20,0.5,15,88,145,200,0.725,313.91165146112064
uf20,0.5,16,88,107,200,0.535,529.2484222292861
uf20,0.5,17,88,107,200,0.535,529.2484222292861
uf20,0.5,18,88,62,200,0.31,1092.1440084029864
uf20,0.5,19,88,80,200,0.4,793.3332971421171
uf20,0.5,20,88,104,200,0.52,552.1416840464316
uf20,0.5,21,88,80,200,0.4,793.3332971421171
uf20,0.5,22,88,72,200,0.36,908.0589019494229
uf20,0.5,23,88,105,200,0.525,544.3752590098409
uf20,0.5,24,88,56,200,0.28,1233.6376231270503
uf20,0.5,25,88,34,200,0.17,2174.936369739784
uf20,0.5,26,88,56,200,0.28,1233.6376231270503
uf20,0.5,27,88,113,200,0.565,486.8458362188019
uf20,0.5,28,88,97,200,0.485,610.7023414031278
uf20,0.5,29,88,43,200,0.215,1674.1122929040969
uf20,0.5,30,88,150,199,0.7537688442211056,289.1612205994815
uf20,0.5,31,88,21,200,0.105,3653.1981861889612
uf20,0.5,32,88,44,200,0.22,1631.058356563532
uf20,0.5,33,88,113,200,0.565,486.8458362188019
uf20,0.5,34,88,157,200,0.785,263.64610516320283
uf20,0.5,35,88,91,200,0.455,667.6694411115351
uf20,0.5,36,88,64,200,0.32,1050.8021820367815
uf20,0.5,37,88,40,200,0.2,1816.117803898846
uf20,0.5,38,88,194,200,0.97,115.57059322382311
uf20,0.5,39,88,100,200,0.5,584.6593447001758
uf20,0.5,40,88,70,200,0.35,940.740593993232
uf20,0.5,41,88,29,200,0.145,2586.9461856661164
uf20,0.5,42,88,77,200,0.385,833.6298236297938
uf20,0.5,43,88,53,200,0.265,1316.2553104138879
uf20,0.5,44,88,86,200,0.43,720.9417140738498
uf20,0.5,45,88,110,200,0.55,507.51542945232865
uf20,0.5,46,88,145,200,0.725,313.91165146112064
uf20,0.5,47,88,102,200,0.51,568.1012687515337
uf20,0.5,48,88,49,200,0.245,1441.9959382357329
uf20,0.5,49,88,67,200,0.335,993.3493304026259
uf20,0.5,50,88,19,200,0.095,4059.8438707024957
uf20,0.5,51,88,81,200,0.405,780.5465301133045
uf20,0.5,52,88,137,200,0.685,350.81463508839437
uf20,0.5,53,88,51,200,0.255,1376.6807631748686
uf20,0.5,54,88,109,200,0.545,514.6370325783556
uf20,0.5,55,88,152,200,0.76,283.96771907583616
uf20,0.5,56,88,150,200,0.75,292.3296723500879
uf20,0.5,57,88,116,200,0.58,467.1524047980697
uf20,0.5,58,88,164,200,0.82,236.32805449785917
uf20,0.5,59,88,32,200,0.16,2324.3309637021302
uf20,0.5,60,88,116,200,0.58,467.1524047980697
uf20,0.5,61,88,56,200,0.28,1233.6376231270503
uf20,0.5,62,88,154,200,0.77,275.7444393342698
uf20,0.5,63,88,156,200,0.78,267.6491339757015
uf20,0.5,64,88,108,200,0.54,521.8801696050649
uf20,0.5,65,88,117,200,0.585,460.7910013930076
uf20,0.5,66,88,108,200,0.54,521.8801696050649
uf20,0.5,67,88,172,200,0.86,206.11989543396982
uf20,0.5,68,88,124,200,0.62,418.8318175659314
uf20,0.5,69,88,103,200,0.515,560.0489203281379
uf20,0.5,70,88,148,200,0.74,300.8409948325241
uf20,0.5,71,88,126,200,0.63,407.59773674341164
uf20,0.5,72,88,124,200,0.62,418.8318175659314
uf20,0.5,73,88,60,200,0.3,1136.202537503067
uf20,0.5,74,88,33,200,0.165,2247.376823950091
uf20,0.5,75,88,129,200,0.645,391.30968169178266
uf20,0.5,76,88,65,200,0.325,1031.07141217465
uf20,0.5,77,88,78,200,0.39,819.8624154820371
uf20,0.5,78,88,161,200,0.805,247.89940864267675
uf20,0.5,79,88,187,200,0.935,148.26213485332673
uf20,0.5,80,88,183,200,0.915,164.39670402115723
uf20,0.5,81,88,64,200,0.32,1050.8021820367815
uf20,0.5,82,88,133,200,0.665,370.5612710579488
uf20,0.5,83,88,147,200,0.735,305.15603104799726
uf20,0.5,84,88,95,200,0.475,628.9292520427011
uf20,0.5,85,88,69,200,0.345,957.7777813628961
uf20,0.5,86,88,149,200,0.745,296.56599182855604
uf20,0.5,87,88,136,200,0.68,355.66331674080186
uf20,0.5,88,88,136,200,0.68,355.66331674080186
uf20,0.5,89,88,133,200,0.665,370.5612710579488
uf20,0.5,90,88,136,200,0.68,355.66331674080186
uf20,0.5,91,88,56,200,0.28,1233.6376231270503
uf20,0.5,92,88,91,200,0.455,667.6694411115351
uf20,0.5,93,88,68,200,0.34,975.3066516688594
uf20,0.5,94,88,73,200,0.365,892.3760298193133
uf20,0.5,95,88,41,200,0.205,1766.485273651904
uf20,0.5,96,88,38,200,0.19,1923.1823887568896
uf20,0.5,97,88,84,200,0.42,743.9595354103014
uf20,0.5,98,88,103,200,0.515,560.0489203281379
uf20,0.5,99,88,88,200,0.44,698.9342004176017
uf20,0.6,1,83,83,200,0.415,712.9232641892035
uf20,0.6,2,83,178,200,0.89,173.16788368905722
uf20,0.6,3,83,37,200,0.185,1868.477397396386
uf20,0.6,4,83,56,200,0.28,1163.544576358468
uf20,0.6,5,83,109,200,0.545,485.39629209094903
uf20,0.6,6,83,80,200,0.4,748.2575416226786
uf20,0.6,7,83,161,200,0.805,233.81421496979738
uf20,0.6,8,83,70,200,0.35,887.2894238799802
uf20,0.6,9,83,26,200,0.13,2744.6750773966423
uf20,0.6,10,83,133,200,0.665,349.5066533842017
uf20,0.6,100,83,94,200,0.47,602.0510419586948
uf20,0.6,11,83,175,200,0.875,183.81335458376736
uf20,0.6,12,83,194,200,0.97,109.0040822451968
uf20,0.6,13,83,68,200,0.34,919.891501005856
uf20,0.6,14,83,117,200,0.585,434.6096944956776
uf20,0.6,15,83,129,200,0.645,369.0761770502041
uf20,0.6,16,83,99,200,0.495,559.4714401874969
uf20,0.6,17,83,107,200,0.535,499.17748914807663
uf20,0.6,18,83,57,200,0.285,1139.3746319484046
uf20,0.6,19,83,87,200,0.435,669.4856254786284
uf20,0.6,20,83,99,200,0.495,559.4714401874969
uf20,0.6,21,83,88,200,0.44,659.2220299393288
uf20,0.6,22,83,76,200,0.38,799.5826351980443
uf20,0.6,23,83,98,200,0.49,567.6575589485507
uf20,0.6,24,83,40,200,0.2,1712.9292923136843
uf20,0.6,25,83,39,200,0.195,1762.1310049733752
uf20,0.6,26,83,64,200,0.32,991.0975126028734
uf20,0.6,27,83,138,200,0.69,326.3615775448753
uf20,0.6,28,83,99,200,0.495,559.4714401874969
uf20,0.6,29,83,56,200,0.28,1163.544576358468
uf20,0.6,30,83,143,200,0.715,304.5004766947466
uf20,0.6,31,83,18,200,0.09,4052.8721410979433
uf20,0.6,32,83,35,200,0.175,1986.9281326741993
uf20,0.6,33,83,122,200,0.61,405.932093069667
uf20,0.6,34,83,162,200,0.81,230.1571282980412
uf20,0.6,35,83,76,200,0.38,799.5826351980443
uf20,0.6,36,83,49,200,0.245,1360.0643508359751
uf20,0.6,37,83,37,200,0.185,1868.477397396386
uf20,0.6,38,83,192,200,0.96,118.74615432009165
uf20,0.6,39,83,80,200,0.4,748.2575416226786
uf20,0.6,40,83,75,200,0.375,813.2471786450137
uf20,0.6,41,83,41,200,0.205,1666.1167921944093
uf20,0.6,42,83,84,200,0.42,701.6891072619889
uf20,0.6,43,83,38,200,0.19,1813.9106621229755
uf20,0.6,44,83,95,200,0.475,593.1946354493658
uf20,0.6,45,83,105,200,0.525,513.4448465660998
uf20,0.6,46,83,136,200,0.68,335.4551737441654
uf20,0.6,47,83,108,200,0.54,492.22788724114076
uf20,0.6,48,83,70,200,0.35,887.2894238799802
uf20,0.6,49,83,63,200,0.315,1010.2889499877218
uf20,0.6,50,83,14,200,0.07,5266.990165119842
uf20,0.6,51,83,79,200,0.395,760.6143781807355
uf20,0.6,52,83,115,200,0.575,446.70359260953757
uf20,0.6,53,83,44,200,0.22,1538.3845863042404
uf20,0.6,54,83,112,200,0.56,465.57634583833624
uf20,0.6,55,83,151,200,0.755,271.75963179337475
uf20,0.6,56,83,150,200,0.75,275.72003187565105
uf20,0.6,57,83,121,200,0.605,411.4992683500579
uf20,0.6,58,83,160,200,0.8,237.49230864018318
uf20,0.6,59,83,45,200,0.225,1499.5713914160488
uf20,0.6,60,83,108,200,0.54,492.22788724114076
uf20,0.6,61,83,44,200,0.22,1538.3845863042404
uf20,0.6,62,83,154,200,0.77,260.0771416448227
uf20,0.6,63,83,135,200,0.675,340.08264977997504
uf20,0.6,64,83,101,200,0.505,543.5586965473282
uf20,0.6,65,83,114,200,0.57,452.89417112104593
uf20,0.6,66,83,125,198,0.6313131313131313,383.06896985106084
uf20,0.6,67,83,173,200,0.865,190.87782644236975
uf20,0.6,68,83,113,200,0.565,459.1841409790972
uf20,0.6,69,83,101,200,0.505,543.5586965473282
uf20,0.6,70,83,143,200,0.715,304.5004766947466
uf20,0.6,71,83,114,200,0.57,452.89417112104593
uf20,0.6,72,83,124,200,0.62,395.0345552042307
uf20,0.6,73,83,61,200,0.305,1050.531878085532
uf20,0.6,74,83,30,200,0.15,2351.905261855941
uf20,0.6,75,83,126,200,0.63,384.4387744284451
uf20,0.6,76,83,67,200,0.335,936.9090275388403
uf20,0.6,77,83,70,200,0.35,887.2894238799802
uf20,0.6,78,83,172,200,0.86,194.4085377388579
uf20,0.6,79,83,183,200,0.915,155.05598220177328
uf20,0.6,80,83,173,200,0.865,190.87782644236975
uf20,0.6,81,83,67,200,0.335,936.9090275388403
uf20,0.6,82,83,129,200,0.645,369.0761770502041
uf20,0.6,83,83,141,200,0.705,313.1024014629072
uf20,0.6,84,83,83,200,0.415,712.9232641892035
uf20,0.6,85,83,55,200,0.275,1188.5839226860378
uf20,0.6,86,83,145,200,0.725,296.07576217355694
uf20,0.6,87,83,143,200,0.715,304.5004766947466
uf20,0.6,88,83,141,200,0.705,313.1024014629072
uf20,0.6,89,83,122,200,0.61,405.932093069667
uf20,0.6,90,83,125,200,0.625,389.6999648647733
uf20,0.6,91,83,50,200,0.25,1328.6511814220814
uf20,0.6,92,83,99,200,0.495,559.4714401874969
uf20,0.6,93,83,65,200,0.325,972.4878092101812
uf20,0.6,94,83,62,200,0.31,1030.0903715619077
uf20,0.6,95,83,29,200,0.145,2439.960606935087
uf20,0.6,96,83,36,200,0.18,1926.0635797188984
uf20,0.6,97,83,95,200,0.475,593.1946354493658
uf20,0.6,98,83,92,200,0.46,620.314383888002
uf20,0.6,99,83,88,200,0.44,659.2220299393288
uf20,0.7,1,79,84,200,0.42,667.8727647433387
uf20,0.7,2,79,174,200,0.87,178.31817007563896
uf20,0.7,3,79,51,200,0.255,1235.8838669410752
uf20,0.7,4,79,60,200,0.3,1020.0000052584352
uf20,0.7,5,79,109,200,0.545,462.0036997010238
uf20,0.7,6,79,76,200,0.38,761.0485322969338
uf20,0.7,7,79,157,200,0.785,236.68229895332982
uf20,0.7,8,79,61,200,0.305,999.9038357681571
uf20,0.7,9,79,25,200,0.125,2724.5162170670487
uf20,0.7,10,79,124,200,0.62,375.99674531487017
uf20,0.7,100,79,71,200,0.355,829.656391752394
uf20,0.7,11,79,174,200,0.87,178.31817007563896
uf20,0.7,12,79,189,200,0.945,125.43293111614926
uf20,0.7,13,79,68,200,0.34,875.5593804754533
uf20,0.7,14,79,99,200,0.495,532.5089611423164
uf20,0.7,15,79,137,200,0.685,314.9358655907177
uf20,0.7,16,79,109,200,0.545,462.0036997010238
uf20,0.7,17,79,123,200,0.615,381.1460366895203
uf20,0.7,18,79,52,200,0.26,1208.2440762771641
uf20,0.7,19,79,83,200,0.415,678.5655165174346
uf20,0.7,20,79,122,200,0.61,386.36910063257466
uf20,0.7,21,79,80,200,0.4,712.1969372071278
uf20,0.7,22,79,69,200,0.345,859.8232355416908
uf20,0.7,23,79,89,200,0.445,617.8946590104758
uf20,0.7,24,79,53,200,0.265,1181.6382900306494
uf20,0.7,25,79,32,200,0.16,2086.615296959867
uf20,0.7,26,79,57,200,0.285,1084.4650111316141
uf20,0.7,27,79,121,200,0.605,391.66797830909127
uf20,0.7,28,79,109,200,0.545,462.0036997010238
uf20,0.7,29,79,56,200,0.28,1107.470138943602
uf20,0.7,30,79,134,200,0.67,328.1507256096441
uf20,0.7,31,79,23,200,0.115,2977.9445902166503
uf20,0.7,32,79,37,200,0.185,1778.4302939074037
uf20,0.7,33,79,119,200,0.595,402.50164782112205
uf20,0.7,34,79,156,200,0.78,240.27592709182295
uf20,0.7,35,79,84,200,0.42,667.8727647433387
uf20,0.7,36,79,53,200,0.265,1181.6382900306494
uf20,0.7,37,79,42,200,0.21,1543.3770710594993
uf20,0.7,38,79,190,200,0.95,121.44224232075808
uf20,0.7,39,79,101,200,0.505,517.363096713722
uf20,0.7,40,79,64,200,0.32,943.3337770557471
uf20,0.7,41,79,44,200,0.22,1464.2455700968071
uf20,0.7,42,79,78,200,0.39,736.0128502622833
uf20,0.7,43,79,41,200,0.205,1585.8220070284137
uf20,0.7,44,79,83,200,0.415,678.5655165174346
uf20,0.7,45,79,99,200,0.495,532.5089611423164
uf20,0.7,46,79,133,200,0.665,332.66295924520404
uf20,0.7,47,79,110,200,0.55,455.6104423492496
uf20,0.7,48,79,48,200,0.24,1325.6545190306624
uf20,0.7,49,79,69,200,0.345,859.8232355416908
uf20,0.7,50,79,13,200,0.065,5413.111333754139
uf20,0.7,51,79,91,200,0.455,599.3850664524008
uf20,0.7,52,79,120,199,0.6030150753768844,393.7930389853344
uf20,0.7,53,79,51,200,0.255,1235.8838669410752
uf20,0.7,54,79,111,200,0.555,449.32318545668045
uf20,0.7,55,79,135,200,0.675,323.6931244893738
uf20,0.7,56,79,158,200,0.79,233.11374722296483
uf20,0.7,57,79,114,200,0.57,431.0679460067787
uf20,0.7,58,79,164,200,0.82,212.15813983330537
uf20,0.7,59,79,31,200,0.155,2160.143435319696
uf20,0.7,60,79,108,200,0.54,468.50606135000146
uf20,0.7,61,79,50,200,0.25,1264.6197991848728
uf20,0.7,62,79,150,200,0.75,262.4323194961016
uf20,0.7,63,79,155,200,0.775,243.89585711606472
uf20,0.7,64,79,102,200,0.51,510.0000026292177
uf20,0.7,65,79,129,200,0.645,351.28937333694125
uf20,0.7,66,79,116,200,0.58,419.37545430735804
uf20,0.7,67,79,173,200,0.865,181.67889504755675
uf20,0.7,68,79,117,200,0.585,413.6646489778136
uf20,0.7,69,79,99,200,0.495,532.5089611423164
uf20,0.7,70,79,154,200,0.77,247.54330349326497
uf20,0.7,71,79,109,200,0.545,462.0036997010238
uf20,0.7,72,79,129,200,0.645,351.28937333694125
uf20,0.7,73,79,50,200,0.25,1264.6197991848728
uf20,0.7,74,79,28,200,0.14,2412.156704683785
uf20,0.7,75,79,128,200,0.64,356.0984686035639
uf20,0.7,76,79,66,200,0.33,908.4365143954373
uf20,0.7,77,79,73,200,0.365,801.1102994968835
uf20,0.7,78,79,166,200,0.83,205.31450658607307
uf20,0.7,79,79,176,200,0.88,171.58642710286477
uf20,0.7,80,79,175,200,0.875,174.95487966406776
uf20,0.7,81,79,74,200,0.37,787.4037308970406
uf20,0.7,82,79,124,199,0.6231155778894473,372.82456891937807
uf20,0.7,83,79,138,200,0.69,310.6333087475319
uf20,0.7,84,79,79,200,0.395,723.9582635696157
uf20,0.7,85,79,59,200,0.295,1040.7685988563026
uf20,0.7,86,79,149,200,0.745,266.23537902790827
uf20,0.7,87,79,134,200,0.67,328.1507256096441
uf20,0.7,88,79,117,200,0.585,413.6646489778136
uf20,0.7,89,79,129,200,0.645,351.28937333694125
uf20,0.7,90,79,126,200,0.63,365.9116045764718
uf20,0.7,91,79,44,200,0.22,1464.2455700968071
uf20,0.7,92,79,74,200,0.37,787.4037308970406
uf20,0.7,93,79,68,200,0.34,875.5593804754533
uf20,0.7,94,79,71,200,0.355,829.656391752394
uf20,0.7,95,79,47,200,0.235,1358.1051150891267
uf20,0.7,96,79,31,200,0.155,2160.143435319696
uf20,0.7,97,79,88,200,0.44,627.4522935567105
uf20,0.7,98,79,84,200,0.42,667.8727647433387
uf20,0.7,99,79,83,200,0.415,678.5655165174346
uf20,0.8,1,60,54,200,0.27,877.9814978990491
uf20,0.8,2,60,150,200,0.75,199.31568569324173
uf20,0.8,3,60,40,198,0.20202020202020202,1224.3885551379349
uf20,0.8,4,60,40,200,0.2,1238.2621390219406
uf20,0.8,5,60,92,200,0.46,448.42003654554367
uf20,0.8,6,60,72,200,0.36,619.1310695109702
uf20,0.8,7,60,132,200,0.66,256.1250803111086
uf20,0.8,8,60,55,200,0.275,859.2172935079792
uf20,0.8,9,60,28,200,0.14,1832.0177503927482
uf20,0.8,10,60,91,200,0.455,455.2291643942285
uf20,0.8,100,60,53,200,0.265,897.4468025549236
uf20,0.8,11,60,162,200,0.81,166.37864696243943
uf20,0.8,12,60,177,200,0.885,127.75441722094565
uf20,0.8,13,60,56,200,0.28,841.1165612229889
uf20,0.8,14,60,75,200,0.375,587.8895267313353
uf20,0.8,15,60,114,200,0.57,327.39337671400915
uf20,0.8,16,60,87,200,0.435,483.96551239418926
uf20,0.8,17,60,90,200,0.45,462.18318841097226
uf20,0.8,18,60,32,199,0.16080402010050251,1576.1144010409125
uf20,0.8,19,60,61,200,0.305,759.4206347606257
uf20,0.8,20,60,81,200,0.405,532.190815986344
uf20,0.8,21,60,64,200,0.32,716.4560332068966
uf20,0.8,22,60,55,200,0.275,859.2172935079792
uf20,0.8,23,60,75,200,0.375,587.8895267313353
uf20,0.8,24,60,49,200,0.245,983.1790487970906
uf20,0.8,25,60,35,200,0.175,1436.3335898849634
uf20,0.8,26,60,42,200,0.21,1172.1851172603792
uf20,0.8,27,60,113,200,0.565,331.9403428764559
uf20,0.8,28,60,85,200,0.425,499.30896614741255
uf20,0.8,29,60,32,200,0.16,1584.771111615089
uf20,0.8,30,60,126,200,0.63,277.9075477795989
uf20,0.8,31,60,21,200,0.105,2490.8169451288372
uf20,0.8,32,60,27,200,0.135,1905.249027486866
uf20,0.8,33,60,104,200,0.52,376.460239122567
uf20,0.8,34,60,132,200,0.66,256.1250803111086
uf20,0.8,35,60,81,200,0.405,532.190815986344
uf20,0.8,36,60,39,200,0.195,1273.8296421494279
uf20,0.8,37,60,31,200,0.155,1640.6152673314145
uf20,0.8,38,60,184,200,0.92,109.39821733500632
uf20,0.8,39,60,87,200,0.435,483.96551239418926
uf20,0.8,40,60,55,200,0.275,859.2172935079792
uf20,0.8,41,60,27,200,0.135,1905.249027486866
uf20,0.8,42,60,52,200,0.26,917.6537288180995
uf20,0.8,43,60,27,200,0.135,1905.249027486866
uf20,0.8,44,60,77,200,0.385,568.3839706566777
uf20,0.8,45,60,80,200,0.4,540.9090662332617
uf20,0.8,46,60,101,200,0.505,392.9339975040927
uf20,0.8,47,60,70,200,0.35,641.4140413590219
uf20,0.8,48,60,36,200,0.18,1392.3351178690834
uf20,0.8,49,60,51,200,0.255,938.645974891956
uf20,0.8,50,60,20,200,0.1,2622.5214392139405
uf20,0.8,51,60,62,200,0.31,744.6436420929454
uf20,0.8,52,60,95,200,0.475,428.8153991200235
uf20,0.8,53,60,40,200,0.2,1238.2621390219406
uf20,0.8,54,60,98,200,0.49,410.3548618905186
uf20,0.8,55,60,131,200,0.655,259.63859328854096
uf20,0.8,56,60,138,200,0.69,235.9240319601508
uf20,0.8,57,60,90,200,0.45,462.18318841097226
uf20,0.8,58,60,145,200,0.725,214.0306714507641
uf20,0.8,59,60,21,200,0.105,2490.8169451288372
uf20,0.8,60,60,83,200,0.415,515.3662150765327
uf20,0.8,61,60,43,200,0.215,1141.4401997073387
uf20,0.8,62,60,115,200,0.575,322.918259717738
uf20,0.8,63,60,127,200,0.635,274.1559144357775
uf20,0.8,64,60,93,200,0.465,441.75104256146005
uf20,0.8,65,60,85,200,0.425,499.30896614741255
uf20,0.8,66,60,96,200,0.48,422.5401859861617
uf20,0.8,67,60,157,200,0.785,179.75870806582014
uf20,0.8,68,60,96,200,0.48,422.5401859861617
uf20,0.8,69,60,73,200,0.365,608.4382021495318
uf20,0.8,70,60,119,200,0.595,305.6974540413585
uf20,0.8,71,60,90,200,0.45,462.18318841097226
uf20,0.8,72,60,98,200,0.49,410.3548618905186
uf20,0.8,73,60,32,200,0.16,1584.771111615089
uf20,0.8,74,60,20,200,0.1,2622.5214392139405
uf20,0.8,75,60,120,200,0.6,301.5529913678472
uf20,0.8,76,60,50,200,0.25,960.4707335581313
uf20,0.8,77,60,65,200,0.325,703.003235573625
uf20,0.8,78,60,124,199,0.6231155778894473,283.15790044509725
uf20,0.8,79,60,172,200,0.86,140.53629234134306
uf20,0.8,80,60,168,200,0.84,150.7764956839236
uf20,0.8,81,60,40,200,0.2,1238.2621390219406
uf20,0.8,82,60,113,200,0.565,331.9403428764559
uf20,0.8,83,60,106,200,0.53,365.96284258635603
uf20,0.8,84,60,87,200,0.435,483.96551239418926
uf20,0.8,85,60,35,200,0.175,1436.3335898849634
uf20,0.8,86,60,108,200,0.54,355.8273883670897
uf20,0.8,87,60,109,200,0.545,350.88888584887883
uf20,0.8,88,60,100,200,0.5,398.63137138648347
uf20,0.8,89,60,98,200,0.49,410.3548618905186
uf20,0.8,90,60,100,200,0.5,398.63137138648347
uf20,0.8,91,60,34,200,0.17,1482.9111611862163
uf20,0.8,92,60,54,200,0.27,877.9814978990491
uf20,0.8,93,60,55,200,0.275,859.2172935079792
uf20,0.8,94,60,56,200,0.28,841.1165612229889
uf20,0.8,95,60,23,200,0.115,2261.7300685189753
uf20,0.8,96,60,13,200,0.065,4111.223797787954
uf20,0.8,97,60,85,200,0.425,499.30896614741255
uf20,0.8,98,60,64,200,0.32,716.4560332068966
uf20,0.8,99,60,57,200,0.285,823.6443122518589
uf20,0.9,1,58,75,200,0.375,568.2932091736241
uf20,0.9,2,58,145,200,0.725,206.8963157357386
uf20,0.9,3,58,39,200,0.195,1231.3686540777803
uf20,0.9,4,58,31,200,0.155,1585.9280917537008
uf20,0.9,5,58,85,200,0.425,482.66533394249876
uf20,0.9,6,58,71,200,0.355,609.1148192612513
uf20,0.9,7,58,131,200,0.655,250.98397351225623
uf20,0.9,8,58,44,200,0.22,1075.0157350077825
uf20,0.9,9,58,30,200,0.15,1643.5000625017417
uf20,0.9,10,58,114,200,0.57,316.4802641568755
uf20,0.9,100,58,64,200,0.32,692.5741654333333
uf20,0.9,11,58,157,200,0.785,173.7667511302928
uf20,0.9,12,58,180,200,0.9,115.99999999999997
uf20,0.9,13,58,57,200,0.285,796.1895018434635
uf20,0.9,14,58,90,200,0.45,446.7770821306065
uf20,0.9,15,58,115,200,0.575,312.15431772714675
uf20,0.9,16,58,69,200,0.345,631.2626286255452
uf20,0.9,17,58,90,200,0.45,446.7770821306065
uf20,0.9,18,58,41,200,0.205,1164.2743849069368
uf20,0.9,19,58,70,200,0.35,620.033573313721
uf20,0.9,20,58,90,200,0.45,446.7770821306065
uf20,0.9,21,58,52,200,0.26,887.0652711908294
uf20,0.9,22,58,53,200,0.265,867.5319091364261
uf20,0.9,23,58,67,200,0.335,654.7075132199126
uf20,0.9,24,58,43,200,0.215,1103.3921930504273
uf20,0.9,25,58,39,200,0.195,1231.3686540777803
uf20,0.9,26,58,44,200,0.22,1075.0157350077825
uf20,0.9,27,58,104,200,0.52,363.91156448514806
uf20,0.9,28,58,74,200,0.37,578.0938783801058
uf20,0.9,29,58,37,200,0.185,1305.6830005902457
uf20,0.9,30,58,130,200,0.65,254.4239300680176
uf20,0.9,31,58,13,200,0.065,3974.1830045283555
uf20,0.9,32,58,33,200,0.165,1481.2256339671055
uf20,0.9,33,58,115,200,0.575,312.15431772714675
uf20,0.9,34,58,136,200,0.68,234.41445876098305
uf20,0.9,35,58,59,200,0.295,764.1085915653866
uf20,0.9,36,58,49,200,0.245,950.4064138371875
uf20,0.9,37,58,31,200,0.155,1585.9280917537008
uf20,0.9,38,58,180,200,0.9,115.99999999999997
uf20,0.9,39,58,84,200,0.42,490.3369665204259
uf20,0.9,40,58,59,200,0.295,764.1085915653866
uf20,0.9,41,58,31,200,0.155,1585.9280917537008
uf20,0.9,42,58,51,200,0.255,907.3577757288907
uf20,0.9,43,58,24,200,0.12,2089.437739398553
uf20,0.9,44,58,80,200,0.4,522.8787640254862
uf20,0.9,45,58,69,200,0.345,631.2626286255452
uf20,0.9,46,58,115,200,0.575,312.15431772714675
uf20,0.9,47,58,87,200,0.435,467.83332864771626
uf20,0.9,48,58,46,200,0.23,1021.9429220763379
uf20,0.9,49,58,50,200,0.25,928.4550424395269
uf20,0.9,50,58,11,200,0.055,4721.552257671688
uf20,0.9,51,58,66,200,0.33,666.9533903156374
uf20,0.9,52,58,105,200,0.525,358.79278434739507
uf20,0.9,53,58,40,200,0.2,1196.986734387876
uf20,0.9,54,58,95,200,0.475,414.5215524826894
uf20,0.9,55,58,128,200,0.64,261.4393820127431
uf20,0.9,56,58,132,200,0.66,247.58757763407166
uf20,0.9,57,58,97,200,0.485,402.50836137933425
uf20,0.9,58,58,130,200,0.65,254.4239300680176
uf20,0.9,59,58,21,200,0.105,2407.7897136245424
uf20,0.9,60,58,84,200,0.42,490.3369665204259
uf20,0.9,61,58,36,200,0.18,1345.923947273447
uf20,0.9,62,58,118,200,0.59,299.57428690166967
uf20,0.9,63,58,126,200,0.63,268.6439628536122
uf20,0.9,64,58,88,199,0.44221105527638194,457.53936549367717
uf20,0.9,65,58,78,200,0.39,540.3638647495245
uf20,0.9,66,58,91,200,0.455,440.05485891442083
uf20,0.9,67,58,142,200,0.71,215.77300595357056
uf20,0.9,68,58,84,200,0.42,490.3369665204259
uf20,0.9,69,58,73,199,0.36683417085427134,584.43430383937
uf20,0.9,70,58,132,200,0.66,247.58757763407166
uf20,0.9,71,58,90,200,0.45,446.7770821306065
uf20,0.9,72,58,92,200,0.46,433.47270199402556
uf20,0.9,73,58,39,200,0.195,1231.3686540777803
uf20,0.9,74,58,19,200,0.095,2675.806187508463
uf20,0.9,75,58,113,200,0.565,320.87566478057397
uf20,0.9,76,58,51,200,0.255,907.3577757288907
uf20,0.9,77,58,56,200,0.28,813.0793425155559
uf20,0.9,78,58,143,200,0.715,212.7834656421121
uf20,0.9,79,58,173,200,0.865,133.3845052247885
uf20,0.9,80,58,166,200,0.83,150.73723268344605
uf20,0.9,81,58,35,200,0.175,1388.4558035554646
uf20,0.9,82,58,101,200,0.505,379.8361975872896
uf20,0.9,83,58,124,200,0.62,276.04824339572747
uf20,0.9,84,58,71,199,0.35678391959798994,605.2917945238559
uf20,0.9,85,58,40,200,0.2,1196.986734387876
uf20,0.9,86,58,122,200,0.61,283.6633903378396
uf20,0.9,87,58,113,200,0.565,320.87566478057397
uf20,0.9,88,58,94,200,0.47,420.7103666699313
uf20,0.9,89,58,95,200,0.475,414.5215524826894
uf20,0.9,90,58,93,200,0.465,427.02600780941134
uf20,0.9,91,58,43,200,0.215,1103.3921930504273
uf20,0.9,92,58,59,200,0.295,764.1085915653866
uf20,0.9,93,58,59,200,0.295,764.1085915653866
uf20,0.9,94,58,68,200,0.34,642.8157476908391
uf20,0.9,95,58,31,200,0.155,1585.9280917537008
uf20,0.9,96,58,15,200,0.075,3426.046557725876
uf20,0.9,97,58,74,200,0.37,578.0938783801058
uf20,0.9,98,58,74,200,0.37,578.0938783801058
uf20,0.9,99,58,66,200,0.33,666.9533903156374
uf250,0.01,1,10052,82,200,0.41,87733.6962199467
uf250,0.01,2,10052,1,200,0.005,9235069.220194668
uf250,0.01,3,10052,11,200,0.055,818293.8498985483
uf250,0.01,4,10052,143,200,0.715,36877.57580404329
uf250,0.01,5,10052,19,200,0.095,463744.8930488805
uf250,0.01,6,10052,118,200,0.59,51919.32296440661
uf250,0.01,7,10052,11,200,0.055,818293.8498985483
uf250,0.01,8,10052,49,200,0.245,164715.26330847255
uf250,0.01,9,10052,12,200,0.06,748135.2512940513
uf250,0.01,10,10052,34,200,0.17,248437.04987073073
uf250,0.01,100,10052,8,200,0.04,1133976.2119311297
uf250,0.01,11,10052,4,200,0.02,2291335.01673854
uf250,0.01,12,10052,165,200,0.825,26558.798583085394
uf250,0.01,13,10052,30,200,0.15,284835.56255633634
uf250,0.01,14,10052,83,199,0.41708542713567837,85769.71574631303
uf250,0.01,15,10052,24,200,0.12,362121.1751109354
uf250,0.01,16,10052,145,200,0.725,35857.27182371801
uf250,0.01,17,10052,100,200,0.5,66784.04241961552
uf250,0.01,18,10052,7,200,0.035,1299321.8596548338
uf250,0.01,19,10052,166,200,0.83,26124.321774724132
uf250,0.01,20,10052,140,200,0.7,38448.68467396086
uf250,0.01,21,10052,179,200,0.895,20539.211495028874
uf250,0.01,22,10052,0,200,0.0,inf
uf250,0.01,23,10052,9,200,0.045,1005369.4843706276
uf250,0.01,24,10052,1,200,0.005,9235069.220194668
uf250,0.01,25,10052,64,200,0.32,120030.26742992872
uf250,0.01,26,10052,0,200,0.0,inf
uf250,0.01,27,10052,46,200,0.23,177113.28021916118
uf250,0.01,28,10052,1,200,0.005,9235069.220194668
uf250,0.01,29,10052,4,200,0.02,2291335.01673854
uf250,0.01,30,10052,8,200,0.04,1133976.2119311297
uf250,0.01,31,10052,2,200,0.01,4605932.71551466
uf250,0.01,32,10052,24,200,0.12,362121.1751109354
uf250,0.01,33,10052,23,200,0.115,378915.17747921223
uf250,0.01,34,10052,14,200,0.07,637876.9293949958
uf250,0.01,35,10052,107,200,0.535,60454.60386646345
uf250,0.01,36,10052,8,200,0.04,1133976.2119311297
uf250,0.01,37,10052,126,200,0.63,46558.77783800879
uf250,0.01,38,10052,2,200,0.01,4605932.71551466
uf250,0.01,39,10052,131,200,0.655,43498.11899560689
uf250,0.01,40,10052,57,200,0.285,137987.87711259475
uf250,0.01,41,10052,19,200,0.095,463744.8930488805
uf250,0.01,42,10052,12,200,0.06,748135.2512940513
uf250,0.01,43,10052,16,200,0.08,555172.433088806
uf250,0.01,44,10052,27,200,0.135,319192.72040496627
uf250,0.01,45,10052,1,200,0.005,9235069.220194668
uf250,0.01,46,10052,42,200,0.21,196380.07997835553
uf250,0.01,47,10052,19,200,0.095,463744.8930488805
uf250,0.01,48,10052,9,200,0.045,1005369.4843706276
uf250,0.01,49,10052,71,200,0.355,105565.89936576031
uf250,0.01,50,10052,18,200,0.09,490836.9971363437
uf250,0.01,51,10052,4,200,0.02,2291335.01673854
uf250,0.01,52,10052,22,200,0.11,397233.80042647617
uf250,0.01,53,10052,4,200,0.02,2291335.01673854
uf250,0.01,54,10052,0,200,0.0,inf
uf250,0.01,55,10052,35,200,0.175,240633.75409206084
uf250,0.01,56,10052,17,200,0.085,521113.7929786583
uf250,0.01,57,10052,33,200,0.165,256711.72539029902
uf250,0.01,58,10052,9,200,0.045,1005369.4843706276
uf250,0.01,59,10052,26,200,0.13,332403.2997348319
uf250,0.01,60,10052,116,200,0.58,53361.545148070414
uf250,0.01,61,10052,159,200,0.795,29210.47988854552
uf250,0.01,62,10052,4,200,0.02,2291335.01673854
uf250,0.01,63,10052,70,200,0.35,107458.23239568145
uf250,0.01,64,10052,96,200,0.48,70789.56582554828
uf250,0.01,65,10052,4,200,0.02,2291335.01673854
uf250,0.01,66,10052,41,200,0.205,201780.795122147
uf250,0.01,67,10052,49,200,0.245,164715.26330847255
uf250,0.01,68,10052,38,200,0.19,219679.87922482108
uf250,0.01,69,10052,43,200,0.215,191229.28145763613
uf250,0.01,70,10052,45,200,0.225,181610.74248812196
uf250,0.01,71,10052,1,200,0.005,9235069.220194668
uf250,0.01,72,10052,6,200,0.03,1519775.9407493393
uf250,0.01,73,10052,109,200,0.545,58785.584675882164
uf250,0.01,74,10052,156,198,0.7878787878787878,29853.764967639072
uf250,0.01,75,10052,56,200,0.28,140915.06122355806
uf250,0.01,76,10052,0,200,0.0,inf
uf250,0.01,77,10052,37,200,0.185,226288.37106781293
uf250,0.01,78,10052,27,200,0.135,319192.72040496627
uf250,0.01,79,10052,30,200,0.15,284835.56255633634
uf250,0.01,80,10052,30,200,0.15,284835.56255633634
uf250,0.01,81,10052,61,200,0.305,127228.27034356349
uf250,0.01,82,10052,7,200,0.035,1299321.8596548338
uf250,0.01,83,10052,36,200,0.18,233262.54341366707
uf250,0.01,84,10052,66,200,0.33,115589.92205953081
uf250,0.01,85,10052,36,200,0.18,233262.54341366707
uf250,0.01,86,10052,6,200,0.03,1519775.9407493393
uf250,0.01,87,10052,57,200,0.285,137987.87711259475
uf250,0.01,88,10052,36,200,0.18,233262.54341366707
uf250,0.01,89,10052,156,200,0.78,30572.830621860812
uf250,0.01,90,10052,45,200,0.225,181610.74248812196
uf250,0.01,91,10052,117,200,0.585,52634.899386392186
uf250,0.01,92,10052,73,200,0.365,101933.68013345155
uf250,0.01,93,10052,0,200,0.0,inf
uf250,0.01,94,10052,10,200,0.05,902479.9686250536
uf250,0.01,95,10052,126,200,0.63,46558.77783800879
uf250,0.01,96,10052,55,200,0.275,143947.53723903676
uf250,0.01,97,10052,13,200,0.065,688767.0269227418
uf250,0.01,98,10052,56,200,0.28,140915.06122355806
uf250,0.01,99,10052,23,200,0.115,378915.17747921223
uf250,0.02,1,4902,44,200,0.22,90857.36436220947
uf250,0.02,2,4902,1,200,0.005,4503612.148566878
uf250,0.02,3,4902,4,200,0.02,1117401.9351424912
uf250,0.02,4,4902,96,200,0.48,34521.53319506941
uf250,0.02,5,4902,7,200,0.035,633632.6856374847
uf250,0.02,6,4902,58,200,0.29,65912.94311694457
uf250,0.02,7,4902,4,200,0.02,1117401.9351424912
uf250,0.02,8,4902,30,200,0.15,138904.09148937135
uf250,0.02,9,4902,12,200,0.06,364838.738742881
uf250,0.02,10,4902,12,200,0.06,364838.738742881
uf250,0.02,100,4902,7,200,0.035,633632.6856374847
uf250,0.02,11,4902,0,200,0.0,inf
uf250,0.02,12,4902,123,200,0.615,23650.352808253527
uf250,0.02,13,4902,20,200,0.1,214260.0015837789
uf250,0.02,14,4902,49,200,0.245,80325.7282867223
uf250,0.02,15,4902,20,200,0.1,214260.0015837789
uf250,0.02,16,4902,99,200,0.495,33042.5180698688
uf250,0.02,17,4902,52,200,0.26,74972.30964443872
uf250,0.02,18,4902,8,200,0.04,552999.5414729803
uf250,0.02,19,4902,128,200,0.64,22096.135355628736
uf250,0.02,20,4902,89,200,0.445,38340.75466416902
uf250,0.02,21,4902,138,200,0.69,19274.993411144318
uf250,0.02,22,4902,0,200,0.0,inf
uf250,0.02,23,4902,8,200,0.04,552999.5414729803
uf250,0.02,24,4902,2,200,0.01,2246148.24626471
uf250,0.02,25,4902,31,200,0.155,134038.26734097657
uf250,0.02,26,4902,1,200,0.005,4503612.148566878
uf250,0.02,27,4902,22,200,0.11,193716.6822215068
uf250,0.02,28,4902,1,200,0.005,4503612.148566878
uf250,0.02,29,4902,1,200,0.005,4503612.148566878
uf250,0.02,30,4902,8,200,0.04,552999.5414729803
uf250,0.02,31,4902,3,200,0.015,1493653.912806162
uf250,0.02,32,4902,16,200,0.08,270737.69070844876
uf250,0.02,33,4902,6,200,0.03,741140.2369233249
uf250,0.02,34,4902,5,200,0.025,891646.8702867754
uf250,0.02,35,4902,64,200,0.32,58534.45791300345
uf250,0.02,36,4902,9,200,0.045,490282.6514509368
uf250,0.02,37,4902,80,200,0.4,44192.27071125747
uf250,0.02,38,4902,4,200,0.02,1117401.9351424912
uf250,0.02,39,4902,89,200,0.445,38340.75466416902
uf250,0.02,40,4902,17,200,0.085,254128.51305027687
uf250,0.02,41,4902,10,200,0.05,440107.1235773989
uf250,0.02,42,4902,4,200,0.02,1117401.9351424912
uf250,0.02,43,4902,7,200,0.035,633632.6856374847
uf250,0.02,44,4902,17,200,0.085,254128.51305027687
uf250,0.02,45,4902,1,200,0.005,4503612.148566878
uf250,0.02,46,4902,22,200,0.11,193716.6822215068
uf250,0.02,47,4902,8,200,0.04,552999.5414729803
uf250,0.02,48,4902,15,200,0.075,289560.0038960732
uf250,0.02,49,4902,34,200,0.17,121153.84186891386
uf250,0.02,50,4902,7,200,0.035,633632.6856374847
uf250,0.02,51,4902,4,200,0.02,1117401.9351424912
uf250,0.02,52,4902,5,200,0.025,891646.8702867754
uf250,0.02,53,4902,2,200,0.01,2246148.24626471
uf250,0.02,54,4902,0,200,0.0,inf
uf250,0.02,55,4902,13,200,0.065,335886.9842792758
uf250,0.02,56,4902,7,200,0.035,633632.6856374847
uf250,0.02,57,4902,21,200,0.105,203499.744417026
uf250,0.02,58,4902,3,200,0.015,1493653.912806162
uf250,0.02,59,4902,10,200,0.05,440107.1235773989
uf250,0.02,60,4902,69,200,0.345,53352.575957283145
uf250,0.02,61,4902,109,200,0.545,28667.6219738534
uf250,0.02,62,4902,2,200,0.01,2246148.24626471
uf250,0.02,63,4902,37,200,0.185,110352.725325748
uf250,0.02,64,4902,65,200,0.325,57435.36434636517
uf250,0.02,65,4902,3,200,0.015,1493653.912806162
uf250,0.02,66,4902,22,200,0.11,193716.6822215068
uf250,0.02,67,4902,27,200,0.135,155658.84554567694
uf250,0.02,68,4902,26,200,0.13,162101.17143853422
uf250,0.02,69,4902,18,200,0.09,239363.6052489412
uf250,0.02,70,4902,23,200,0.115,184783.34659800027
uf250,0.02,71,4902,0,200,0.0,inf
uf250,0.02,72,4902,2,200,0.01,2246148.24626471
uf250,0.02,73,4902,60,200,0.3,63291.64589590949
uf250,0.02,74,4902,108,200,0.54,29071.09762959123
uf250,0.02,75,4902,29,200,0.145,144104.66138790117
uf250,0.02,76,4902,0,200,0.0,inf
uf250,0.02,77,4902,13,200,0.065,335886.9842792758
uf250,0.02,78,4902,20,200,0.1,214260.0015837789
uf250,0.02,79,4902,8,200,0.04,552999.5414729803
uf250,0.02,80,4902,17,200,0.085,254128.51305027687
uf250,0.02,81,4902,32,200,0.16,129475.79981895276
uf250,0.02,82,4902,5,200,0.025,891646.8702867754
uf250,0.02,83,4902,19,200,0.095,226151.75743390492
uf250,0.02,84,4902,29,200,0.145,144104.66138790117
uf250,0.02,85,4902,21,200,0.105,203499.744417026
uf250,0.02,86,4902,0,200,0.0,inf
uf250,0.02,87,4902,18,200,0.09,239363.6052489412
uf250,0.02,88,4902,21,200,0.105,203499.744417026
uf250,0.02,89,4902,106,200,0.53,29899.164239305286
uf250,0.02,90,4902,20,200,0.1,214260.0015837789
uf250,0.02,91,4902,76,200,0.38,47223.543105311
uf250,0.02,92,4902,41,200,0.205,98401.25922092765
uf250,0.02,93,4902,0,200,0.0,inf
uf250,0.02,94,4902,0,200,0.0,inf
uf250,0.02,95,4902,79,200,0.395,44922.06845592729
uf250,0.02,96,4902,17,200,0.085,254128.51305027687
uf250,0.02,97,4902,7,200,0.035,633632.6856374847
uf250,0.02,98,4902,18,200,0.09,239363.6052489412
uf250,0.02,99,4902,13,200,0.065,335886.9842792758
uf250,0.002,1,48982,167,200,0.835,125191.04148168322
uf250,0.002,2,48982,12,200,0.06,3645559.180151733
uf250,0.002,3,48982,29,200,0.145,1439929.523480656
uf250,0.002,4,48982,199,200,0.995,42573.97782062885
uf250,0.002,5,48982,64,200,0.32,584890.8236423368
uf250,0.002,6,48982,185,200,0.925,87083.85337975141
uf250,0.002,7,48982,27,200,0.135,1555381.7977393612
uf250,0.002,8,48982,125,200,0.625,229979.3214338112
uf250,0.002,9,48982,35,200,0.175,1172574.8649957546
uf250,0.002,10,48982,93,200,0.465,360630.82611242397
uf250,0.002,100,48982,39,200,0.195,1039912.0588627213
uf250,0.002,11,48982,6,200,0.03,7405657.096078805
uf250,0.002,12,48982,200,200,1.0,48982.0
uf250,0.002,13,48982,105,200,0.525,303006.69246386393
uf250,0.002,14,48982,185,200,0.925,87083.85337975141
uf250,0.002,15,48982,102,200,0.51,316212.9130225866
uf250,0.002,16,48982,196,200,0.98,57660.81787787991
uf250,0.002,17,48982,189,200,0.945,77771.59280925599
uf250,0.002,18,48982,61,200,0.305,619965.6921974162
uf250,0.002,19,48982,199,200,0.995,42573.97782062885
uf250,0.002,20,48982,184,200,0.92,89309.05802505466
uf250,0.002,21,48982,200,200,1.0,48982.0
uf250,0.002,22,48982,11,200,0.055,3987432.287677149
uf250,0.002,23,48982,43,200,0.215,931833.7310344145
uf250,0.002,24,48982,4,200,0.02,11165357.320919933
uf250,0.002,25,48982,155,200,0.775,151221.60599062132
uf250,0.002,26,48982,1,200,0.005,45001209.76358687
uf250,0.002,27,48982,120,200,0.6,246177.81038633155
uf250,0.002,28,48982,20,200,0.1,2140939.085592954
uf250,0.002,29,48982,9,200,0.045,4899025.873800446
uf250,0.002,30,48982,18,200,0.09,2391780.520665777
uf250,0.002,31,48982,13,200,0.065,3356266.0677208262
uf250,0.002,32,48982,59,200,0.295,645302.8798630305
uf250,0.002,33,48982,47,200,0.235,842059.5537632356
uf250,0.002,34,48982,67,200,0.335,552911.7829747889
uf250,0.002,35,48982,186,200,0.93,84824.51618768515
uf250,0.002,36,48982,22,200,0.11,1935665.1425079247
uf250,0.002,37,48982,197,200,0.985,53711.0206233672
uf250,0.002,38,48982,26,200,0.13,1619755.1161571366
uf250,0.002,39,48982,194,200,0.97,64328.16815101482
uf250,0.002,40,48982,102,200,0.51,316212.9130225866
uf250,0.002,41,48982,71,200,0.355,514407.9668457692
uf250,0.002,42,48982,45,200,0.225,884963.9264378423
uf250,0.002,43,48982,40,200,0.2,1010875.9348928782
uf250,0.002,44,48982,102,200,0.51,316212.9130225866
uf250,0.002,45,48982,1,200,0.005,45001209.76358687
uf250,0.002,46,48982,109,200,0.545,286453.9901108297
uf250,0.002,47,48982,48,200,0.24,821939.3626729103
uf250,0.002,48,48982,27,200,0.135,1555381.7977393612
uf250,0.002,49,48982,172,200,0.86,114729.14452439443
uf250,0.002,50,48982,55,200,0.275,701436.357843464
uf250,0.002,51,48982,20,200,0.1,2140939.085592954
uf250,0.002,52,48982,62,200,0.31,607902.2479499442
uf250,0.002,53,48982,27,200,0.135,1555381.7977393612
uf250,0.002,54,48982,0,200,0.0,inf
uf250,0.002,55,48982,103,200,0.515,311730.8660853733
uf250,0.002,56,48982,42,200,0.21,956932.8568941316
uf250,0.002,57,48982,118,200,0.59,252995.65036237217
uf250,0.002,58,48982,28,200,0.14,1495598.2241622931
uf250,0.002,59,48982,98,200,0.49,335000.030752023
uf250,0.002,60,48982,194,200,0.97,64328.16815101482
uf250,0.002,61,48982,195,200,0.975,61148.77128839398
uf250,0.002,62,48982,30,200,0.15,1387964.1389906951
uf250,0.002,63,48982,157,200,0.785,146749.01730800004
uf250,0.002,64,48982,181,200,0.905,95829.26937061876
uf250,0.002,65,48982,22,200,0.11,1935665.1425079247
uf250,0.002,66,48982,82,200,0.41,427514.1174139902
uf250,0.002,67,48982,112,200,0.56,274757.3562873902
uf250,0.002,68,48982,111,200,0.555,278591.7502536598
uf250,0.002,69,48982,104,200,0.52,307329.59054502624
uf250,0.002,70,48982,104,200,0.52,307329.59054502624
uf250,0.002,71,48982,6,198,0.030303030303030304,7330461.0743579995
uf250,0.002,72,48982,5,200,0.025,8909556.711625222
uf250,0.002,73,48982,194,200,0.97,64328.16815101482
uf250,0.002,74,48982,196,200,0.98,57660.81787787991
uf250,0.002,75,48982,134,200,0.67,203461.75749128594
uf250,0.002,76,48982,0,200,0.0,inf
uf250,0.002,77,48982,79,200,0.395,448872.4514704673
uf250,0.002,78,48982,90,200,0.45,377310.94891243736
uf250,0.002,79,48982,81,200,0.405,434462.8424773851
uf250,0.002,80,48982,127,200,0.635,223811.75001488757
uf250,0.002,81,48982,161,200,0.805,137984.19129699538
uf250,0.002,82,48982,34,200,0.17,1210599.2416203874
uf250,0.002,83,48982,78,200,0.39,456346.6003993312
uf250,0.002,84,48982,165,200,0.825,129417.33706692091
uf250,0.002,85,48982,97,200,0.485,339925.25098418194
uf250,0.002,86,48982,13,199,0.06532663316582915,3338907.9285543025
uf250,0.002,87,48982,113,200,0.565,270985.0312462427
uf250,0.002,88,48982,101,200,0.505,320778.2177624245
uf250,0.002,89,48982,200,200,1.0,48982.0
uf250,0.002,90,48982,125,200,0.625,229979.3214338112
uf250,0.002,91,48982,198,200,0.99,48982.0
uf250,0.002,92,48982,176,200,0.88,106387.92876395598
uf250,0.002,93,48982,1,200,0.005,45001209.76358687
uf250,0.002,94,48982,36,200,0.18,1136655.9790577241
uf250,0.002,95,48982,187,200,0.935,82524.72601574603
uf250,0.002,96,48982,144,200,0.72,177200.72923884963
uf250,0.002,97,48982,57,200,0.285,672395.7617120092
uf250,0.002,98,48982,165,200,0.825,129417.33706692091
uf250,0.002,99,48982,47,200,0.235,842059.5537632356
uf250,0.03,1,4242,50,200,0.25,67905.28086255987
uf250,0.03,2,4242,2,200,0.01,1943729.2657394735
uf250,0.03,3,4242,6,200,0.03,641353.913714554
uf250,0.03,4,4242,87,200,0.435,34216.36172626918
uf250,0.03,5,4242,14,200,0.07,269187.61783660686
uf250,0.03,6,4242,57,200,0.285,58231.65287620641
uf250,0.03,7,4242,1,200,0.005,3897250.6597757437
uf250,0.03,8,4242,28,200,0.14,129523.65495276728
uf250,0.03,9,4242,8,200,0.04,478544.2788511592
uf250,0.03,10,4242,12,200,0.06,315717.24393049796
uf250,0.03,100,4242,5,200,0.025,771596.4960743577
uf250,0.03,11,4242,2,200,0.01,1943729.2657394735
uf250,0.03,12,4242,120,200,0.6,21319.796489706794
uf250,0.03,13,4242,16,200,0.08,234285.85964611173
uf250,0.03,14,4242,31,200,0.155,115991.499400331
uf250,0.03,15,4242,14,200,0.07,269187.61783660686
uf250,0.03,16,4242,81,200,0.405,37625.89069023452
uf250,0.03,17,4242,43,200,0.215,80699.82211930884
uf250,0.03,18,4242,7,200,0.035,548321.0633362321
uf250,0.03,19,4242,118,200,0.59,21910.24353511867
uf250,0.03,20,4242,78,200,0.39,39521.095073577286
uf250,0.03,21,4242,127,200,0.635,19382.823150609467
uf250,0.03,22,4242,1,200,0.005,3897250.6597757437
uf250,0.03,23,4242,8,200,0.04,478544.2788511592
uf250,0.03,24,4242,2,200,0.01,1943729.2657394735
uf250,0.03,25,4242,32,200,0.16,112043.31759118677
uf250,0.03,26,4242,1,200,0.005,3897250.6597757437
uf250,0.03,27,4242,17,200,0.085,219912.92377790174
uf250,0.03,28,4242,3,200,0.015,1292549.958817572
uf250,0.03,29,4242,0,200,0.0,inf
uf250,0.03,30,4242,6,200,0.03,641353.913714554
uf250,0.03,31,4242,2,200,0.01,1943729.2657394735
uf250,0.03,32,4242,7,200,0.035,548321.0633362321
uf250,0.03,33,4242,7,200,0.035,548321.0633362321
uf250,0.03,34,4242,4,200,0.02,966956.1421612501
uf250,0.03,35,4242,51,200,0.255,66362.27042486129
uf250,0.03,36,4242,6,200,0.03,641353.913714554
uf250,0.03,37,4242,80,200,0.4,38242.270982691596
uf250,0.03,38,4242,1,200,0.005,3897250.6597757437
uf250,0.03,39,4242,66,200,0.33,48779.59106411955
uf250,0.03,40,4242,22,200,0.11,167634.87678164663
uf250,0.03,41,4242,5,200,0.025,771596.4960743577
uf250,0.03,42,4242,6,200,0.03,641353.913714554
uf250,0.03,43,4242,4,200,0.02,966956.1421612501
uf250,0.03,44,4242,13,200,0.065,290663.5225036083
uf250,0.03,45,4242,2,200,0.01,1943729.2657394735
uf250,0.03,46,4242,14,200,0.07,269187.61783660686
uf250,0.03,47,4242,7,200,0.035,548321.0633362321
uf250,0.03,48,4242,9,200,0.045,424271.5233486075
uf250,0.03,49,4242,32,200,0.16,112043.31759118677
uf250,0.03,50,4242,7,200,0.035,548321.0633362321
uf250,0.03,51,4242,3,200,0.015,1292549.958817572
uf250,0.03,52,4242,5,200,0.025,771596.4960743577
uf250,0.03,53,4242,2,200,0.01,1943729.2657394735
uf250,0.03,54,4242,0,200,0.0,inf
uf250,0.03,55,4242,14,200,0.07,269187.61783660686
uf250,0.03,56,4242,3,200,0.015,1292549.958817572
uf250,0.03,57,4242,16,200,0.08,234285.85964611173
uf250,0.03,58,4242,1,200,0.005,3897250.6597757437
uf250,0.03,59,4242,10,200,0.05,380851.57450333046
uf250,0.03,60,4242,55,200,0.275,60746.66265101412
uf250,0.03,61,4242,97,200,0.485,29438.62877536441
uf250,0.03,62,4242,0,200,0.0,inf
uf250,0.03,63,4242,31,200,0.155,115991.499400331
uf250,0.03,64,4242,50,200,0.25,67905.28086255987
uf250,0.03,65,4242,3,200,0.015,1292549.958817572
uf250,0.03,66,4242,20,200,0.1,185412.26575242556
uf250,0.03,67,4242,14,200,0.07,269187.61783660686
uf250,0.03,68,4242,21,200,0.105,176100.75802060877
uf250,0.03,69,4242,25,200,0.125,146296.17459238507
uf250,0.03,70,4242,16,200,0.08,234285.85964611173
uf250,0.03,71,4242,0,200,0.0,inf
uf250,0.03,72,4242,5,200,0.025,771596.4960743577
uf250,0.03,73,4242,56,200,0.28,59466.94087846531
uf250,0.03,74,4242,104,200,0.52,26615.73890596548
uf250,0.03,75,4242,23,200,0.115,159904.31584429153
uf250,0.03,76,4242,1,200,0.005,3897250.6597757437
uf250,0.03,77,4242,10,200,0.05,380851.57450333046
uf250,0.03,78,4242,15,200,0.075,250573.95685988216
uf250,0.03,79,4242,6,200,0.03,641353.913714554
uf250,0.03,80,4242,14,200,0.07,269187.61783660686
uf250,0.03,81,4242,30,200,0.15,120202.19422642048
uf250,0.03,82,4242,3,200,0.015,1292549.958817572
uf250,0.03,83,4242,22,200,0.11,167634.87678164663
uf250,0.03,84,4242,20,200,0.1,185412.26575242556
uf250,0.03,85,4242,19,200,0.095,195702.9284036362
uf250,0.03,86,4242,3,200,0.015,1292549.958817572
uf250,0.03,87,4242,24,200,0.12,152817.15328497693
uf250,0.03,88,4242,16,200,0.08,234285.85964611173
uf250,0.03,89,4242,108,200,0.54,25156.996357553242
uf250,0.03,90,4242,15,200,0.075,250573.95685988216
uf250,0.03,91,4242,57,200,0.285,58231.65287620641
uf250,0.03,92,4242,40,200,0.2,87545.13322885119
uf250,0.03,93,4242,1,200,0.005,3897250.6597757437
uf250,0.03,94,4242,0,200,0.0,inf
uf250,0.03,95,4242,70,200,0.35,45347.972724082836
uf250,0.03,96,4242,16,200,0.08,234285.85964611173
uf250,0.03,97,4242,6,200,0.03,641353.913714554
uf250,0.03,98,4242,18,200,0.09,207135.94725948764
uf250,0.03,99,4242,12,200,0.06,315717.24393049796
uf250,0.003,1,28397,144,200,0.72,102730.98501889699
uf250,0.003,2,28397,6,200,0.03,4293382.151756763
uf250,0.003,3,28397,21,200,0.105,1178862.1465137266
uf250,0.003,4,28397,195,200,0.975,35450.60753494189
uf250,0.003,5,28397,48,200,0.24,476514.068062199
uf250,0.003,6,28397,170,200,0.85,68932.39163224054
uf250,0.003,7,28397,12,200,0.06,2113489.527556424
uf250,0.003,8,28397,86,200,0.43,232642.97561994445
uf250,0.003,9,28397,28,200,0.14,867063.4676317144
uf250,0.003,10,28397,56,200,0.28,398086.4498174869
uf250,0.003,100,28397,13,200,0.065,1945773.7030964089
uf250,0.003,11,28397,6,200,0.03,4293382.151756763
uf250,0.003,12,28397,199,200,0.995,24681.990285664066
uf250,0.003,13,28397,66,200,0.33,326542.679737813
uf250,0.003,14,28397,158,200,0.79,83794.06430241179
uf250,0.003,15,28397,78,200,0.39,264564.0115050387
uf250,0.003,16,28397,192,200,0.96,40626.922219610155
uf250,0.003,17,28397,181,200,0.905,55556.403624136634
uf250,0.003,18,28397,37,200,0.185,639266.8994441588
uf250,0.003,19,28397,197,200,0.985,31138.619342651553
uf250,0.003,20,28397,178,200,0.89,59246.366182146485
uf250,0.003,21,28397,199,200,0.995,24681.990285664066
uf250,0.003,22,28397,3,200,0.015,8652649.971839366
uf250,0.003,23,28397,26,200,0.13,939042.6285883428
uf250,0.003,24,28397,3,200,0.015,8652649.971839366
uf250,0.003,25,28397,123,200,0.615,137005.1139730672
uf250,0.003,26,28397,1,200,0.005,26089162.420002785
uf250,0.003,27,28397,89,199,0.4472361809045226,220593.15502447466
uf250,0.003,28,28397,5,200,0.025,5165258.297742465
uf250,0.003,29,28397,4,200,0.02,6473044.217103493
uf250,0.003,30,28397,18,200,0.09,1386619.3998886542
uf250,0.003,31,28397,1,200,0.005,26089162.420002785
uf250,0.003,32,28397,46,197,0.233502538071066,491768.59147856646
uf250,0.003,33,28397,34,200,0.17,701837.1374034163
uf250,0.003,34,28397,33,200,0.165,725213.1780648947
uf250,0.003,35,28397,173,200,0.865,65305.513704626195
uf250,0.003,36,28397,16,200,0.08,1568367.6464805834
uf250,0.003,37,28397,183,200,0.915,53049.69550100911
uf250,0.003,38,28397,14,200,0.07,1802008.6713121464
uf250,0.003,39,28397,175,200,0.875,62888.52807367762
uf250,0.003,40,28397,83,200,0.415,243914.24015880495
uf250,0.003,41,28397,37,200,0.185,639266.8994441588
uf250,0.003,42,28397,24,200,0.12,1022995.9221672537
uf250,0.003,43,28397,31,200,0.155,776475.8624401697
uf250,0.003,44,28397,56,200,0.28,398086.4498174869
uf250,0.003,45,28397,1,200,0.005,26089162.420002785
uf250,0.003,46,28397,70,200,0.35,303570.5755412024
uf250,0.003,47,28397,32,200,0.16,750045.7542755613
uf250,0.003,48,28397,16,200,0.08,1568367.6464805834
uf250,0.003,49,28397,131,200,0.655,122882.61889357828
uf250,0.003,50,28397,26,200,0.13,939042.6285883428
uf250,0.003,51,28397,10,200,0.05,2549514.889479273
uf250,0.003,52,28397,41,200,0.205,570032.7535896945
uf250,0.003,53,28397,17,200,0.085,1472151.6493449025
uf250,0.003,54,28397,0,200,0.0,inf
uf250,0.003,55,28397,71,200,0.355,298224.71590623714
uf250,0.003,56,28397,36,200,0.18,658969.0057021393
uf250,0.003,57,28397,78,200,0.39,264564.0115050387
uf250,0.003,58,28397,19,200,0.095,1310083.9363220313
uf250,0.003,59,28397,62,200,0.31,352427.4250752228
uf250,0.003,60,28397,175,200,0.875,62888.52807367762
uf250,0.003,61,28397,191,200,0.955,42169.978991419186
uf250,0.003,62,28397,6,200,0.03,4293382.151756763
uf250,0.003,63,28397,111,200,0.555,161511.7784482703
uf250,0.003,64,28397,169,200,0.845,70144.77394218782
uf250,0.003,65,28397,14,200,0.07,1802008.6713121464
uf250,0.003,66,28397,62,200,0.31,352427.4250752228
uf250,0.003,67,28397,92,200,0.46,212229.72962973005
uf250,0.003,68,28397,80,200,0.4,256003.24589709882
uf250,0.003,69,28397,91,200,0.455,215452.37635504841
uf250,0.003,70,28397,78,200,0.39,264564.0115050387
uf250,0.003,71,28397,1,200,0.005,26089162.420002785
uf250,0.003,72,28397,2,200,0.01,13011805.742386572
uf250,0.003,73,28397,167,200,0.835,72578.70248163321
uf250,0.003,74,28397,188,200,0.94,46482.02162324309
uf250,0.003,75,28397,108,200,0.54,168407.17245767076
uf250,0.003,76,28397,1,200,0.005,26089162.420002785
uf250,0.003,77,28397,52,200,0.26,434310.2156207928
uf250,0.003,78,28397,74,200,0.37,283036.75628206664
uf250,0.003,79,28397,56,200,0.28,398086.4498174869
uf250,0.003,80,28397,72,200,0.36,293024.41634838365
uf250,0.003,81,28397,101,200,0.505,185969.11211872866
uf250,0.003,82,28397,27,200,0.135,901722.6105590755
uf250,0.003,83,28397,61,200,0.305,359421.1294216248
uf250,0.003,84,28397,135,200,0.675,116353.33741930062
uf250,0.003,85,28397,70,200,0.35,303570.5755412024
uf250,0.003,86,28397,6,200,0.03,4293382.151756763
uf250,0.003,87,28397,97,200,0.485,197069.48169118888
uf250,0.003,88,28397,92,200,0.46,212229.72962973005
uf250,0.003,89,28397,196,200,0.98,33428.48894038944
uf250,0.003,90,28397,90,200,0.45,218743.60002177296
uf250,0.003,91,28397,183,200,0.915,53049.69550100911
uf250,0.003,92,28397,143,200,0.715,104179.51851446652
uf250,0.003,93,28397,1,200,0.005,26089162.420002785
uf250,0.003,94,28397,14,200,0.07,1802008.6713121464
uf250,0.003,95,28397,179,200,0.895,58023.476803057594
uf250,0.003,96,28397,110,200,0.55,163771.7687517929
uf250,0.003,97,28397,24,200,0.12,1022995.9221672537
uf250,0.003,98,28397,128,200,0.64,128001.62294854941
uf250,0.003,99,28397,34,200,0.17,701837.1374034163
uf250,0.04,1,2428,20,182,0.10989010989010989,96051.1933382313
uf250,0.04,2,2428,3,191,0.015706806282722512,706274.059825997
uf250,0.04,3,2428,3,193,0.015544041450777202,713728.4493667741
uf250,0.04,4,2428,45,190,0.23684210526315788,41367.93655303318
uf250,0.04,5,2428,5,200,0.025,441639.8614965913
uf250,0.04,6,2428,39,200,0.195,51547.63951898018
uf250,0.04,7,2428,1,184,0.005434782608695652,2051773.2364976187
uf250,0.04,8,2428,13,198,0.06565656565656566,164646.66044612374
uf250,0.04,9,2428,8,192,0.041666666666666664,262722.1454957775
uf250,0.04,10,2428,1,189,0.005291005291005291,2107680.1372463885
uf250,0.04,100,2428,2,200,0.01,1112535.279871627
uf250,0.04,11,2428,0,194,0.0,inf
uf250,0.04,12,2428,57,193,0.29533678756476683,31943.501442155826
uf250,0.04,13,2428,12,186,0.06451612903225806,167658.16112849358
uf250,0.04,14,2428,21,189,0.1111111111111111,94931.77985494625
uf250,0.04,15,2428,12,195,0.06153846153846154,176047.1365755888
uf250,0.04,16,2428,64,200,0.32,28992.587477105742
uf250,0.04,17,2428,23,197,0.116751269035533,90064.39513168564
uf250,0.04,18,2428,3,198,0.015151515151515152,732364.4094971518
uf250,0.04,19,2428,74,193,0.38341968911917096,23122.670169074754
uf250,0.04,20,2428,46,174,0.26436781609195403,36418.37611333184
uf250,0.04,21,2428,76,194,0.3917525773195876,22489.839932102524
uf250,0.04,22,2428,0,192,0.0,inf
uf250,0.04,23,2428,7,197,0.03553299492385787,309050.83876699925
uf250,0.04,24,2428,1,184,0.005434782608695652,2051773.2364976187
uf250,0.04,25,2428,20,193,0.10362694300518134,102207.46685254242
uf250,0.04,26,2428,0,183,0.0,inf
uf250,0.04,27,2428,11,190,0.05789473684210526,187486.2215416174
uf250,0.04,28,2428,1,191,0.005235602094240838,2130042.8955662246
uf250,0.04,29,2428,0,186,0.0,inf
uf250,0.04,30,2428,4,183,0.02185792349726776,505935.6403427578
uf250,0.04,31,2428,0,183,0.0,inf
uf250,0.04,32,2428,4,188,0.02127659574468085,519912.8854531635
uf250,0.04,33,2428,5,187,0.026737967914438502,412566.68079561135
uf250,0.04,34,2428,1,174,0.005747126436781609,1939959.4117104078
uf250,0.04,35,2428,44,199,0.22110552763819097,44746.943678570875
uf250,0.04,36,2428,3,189,0.015873015873015872,698819.6669983
uf250,0.04,37,2428,46,193,0.23834196891191708,41069.02111919086
uf250,0.04,38,2428,0,192,0.0,inf
uf250,0.04,39,2428,49,183,0.2677595628415301,35878.33808376835
uf250,0.04,40,2428,12,192,0.0625,173250.84328698454
uf250,0.04,41,2428,4,193,0.02072538860103627,533890.1015768786
uf250,0.04,42,2428,6,197,0.030456852791878174,361501.6007491631
uf250,0.04,43,2428,3,192,0.015625,710001.2550007798
uf250,0.04,44,2428,6,188,0.031914893617021274,344728.16869737464
uf250,0.04,45,2428,0,188,0.0,inf
uf250,0.04,46,2428,8,190,0.042105263157894736,259926.3806906355
uf250,0.04,47,2428,1,197,0.005076142131979695,2197131.1641870234
uf250,0.04,48,2428,7,196,0.03571428571428571,307453.3274424664
uf250,0.04,49,2428,14,200,0.07,154075.32675796354
uf250,0.04,50,2428,8,200,0.04,273905.1176451236
uf250,0.04,51,2428,0,200,0.0,inf
uf250,0.04,52,2428,2,200,0.01,1112535.279871627
uf250,0.04,53,2428,0,200,0.0,inf
uf250,0.04,54,2428,0,200,0.0,inf
uf250,0.04,55,2428,6,200,0.03,367092.7162892355
uf250,0.04,56,2428,1,200,0.005,2230675.2951285965
uf250,0.04,57,2428,8,200,0.04,273905.1176451236
uf250,0.04,58,2428,0,200,0.0,inf
uf250,0.04,59,2428,7,200,0.035,313843.36204157746
uf250,0.04,60,2428,20,200,0.1,106124.70090685744
uf250,0.04,61,2428,67,200,0.335,27407.411070654267
uf250,0.04,62,2428,1,200,0.005,2230675.2951285965
uf250,0.04,63,2428,15,200,0.075,143421.39727859356
uf250,0.04,64,2428,33,200,0.165,62007.16964262296
uf250,0.04,65,2428,0,200,0.0,inf
uf250,0.04,66,2428,7,200,0.035,313843.36204157746
uf250,0.04,67,2428,20,200,0.1,106124.70090685744
uf250,0.04,68,2428,6,200,0.03,367092.7162892355
uf250,0.04,69,2428,10,200,0.05,217988.5956846031
uf250,0.04,70,2428,10,200,0.05,217988.5956846031
uf250,0.04,71,2428,0,200,0.0,inf
uf250,0.04,72,2428,0,200,0.0,inf
uf250,0.04,73,2428,48,200,0.24,40742.90091400567
uf250,0.04,74,2428,60,200,0.3,31348.86092110735
uf250,0.04,75,2428,9,200,0.045,242840.93792796298
uf250,0.04,76,2428,0,200,0.0,inf
uf250,0.04,77,2428,3,200,0.015,739818.7883095391
uf250,0.04,78,2428,3,200,0.015,739818.7883095391
uf250,0.04,79,2428,3,200,0.015,739818.7883095391
uf250,0.04,80,2428,5,200,0.025,441639.8614965913
uf250,0.04,81,2428,23,200,0.115,91524.67677273451
uf250,0.04,82,2428,2,200,0.01,1112535.279871627
uf250,0.04,83,2428,13,200,0.065,166367.52301715253
uf250,0.04,84,2428,8,200,0.04,273905.1176451236
uf250,0.04,85,2428,9,200,0.045,242840.93792796298
uf250,0.04,86,2428,3,200,0.015,739818.7883095391
uf250,0.04,87,2428,13,200,0.065,166367.52301715253
uf250,0.04,88,2428,7,200,0.035,313843.36204157746
uf250,0.04,89,2428,60,200,0.3,31348.86092110735
uf250,0.04,90,2428,9,200,0.045,242840.93792796298
uf250,0.04,91,2428,38,200,0.19,53062.35045342873
uf250,0.04,92,2428,11,200,0.055,197653.94623494582
uf250,0.04,93,2428,0,200,0.0,inf
uf250,0.04,94,2428,0,200,0.0,inf
uf250,0.04,95,2428,55,200,0.275,34769.659810622885
uf250,0.04,96,2428,6,199,0.03015075376884422,365229.0126024654
uf250,0.04,97,2428,2,200,0.01,1112535.279871627
uf250,0.04,98,2428,12,200,0.06,180707.55970373622
uf250,0.04,99,2428,7,200,0.035,313843.36204157746
uf250,0.004,1,22584,120,200,0.6,113504.54595085768
uf250,0.004,2,22584,4,200,0.02,5147981.498012653
uf250,0.004,3,22584,27,200,0.135,717135.7339460563
uf250,0.004,4,22584,187,200,0.935,38049.45515372194
uf250,0.004,5,22584,36,200,0.18,524074.93836592295
uf250,0.004,6,22584,154,200,0.77,70766.05020369487
uf250,0.004,7,22584,14,200,0.07,1433128.986615259
uf250,0.004,8,22584,78,200,0.39,210406.50899143552
uf250,0.004,9,22584,36,200,0.18,524074.93836592295
uf250,0.004,10,22584,55,200,0.275,323409.38927640335
uf250,0.004,100,22584,17,200,0.085,1170795.2547383625
uf250,0.004,11,22584,8,200,0.04,2547723.713713951
uf250,0.004,12,22584,198,200,0.99,22584.0
uf250,0.004,13,22584,62,200,0.31,280283.8668837846
uf250,0.004,14,22584,137,200,0.685,90031.79225950339
uf250,0.004,15,22584,55,200,0.275,323409.38927640335
uf250,0.004,16,22584,190,200,0.95,34717.108868
uf250,0.004,17,22584,167,200,0.835,57721.49934307161
uf250,0.004,18,22584,31,200,0.155,617527.5866235445
uf250,0.004,19,22584,194,200,0.97,29659.61678825933
uf250,0.004,20,22584,170,200,0.85,54821.60554363209
uf250,0.004,21,22584,195,200,0.975,28193.70076307806
uf250,0.004,22,22584,1,200,0.005,20748587.670998447
uf250,0.004,23,22584,23,200,0.115,851315.1977905422
uf250,0.004,24,22584,1,200,0.005,20748587.670998447
uf250,0.004,25,22584,113,200,0.565,124942.34505869797
uf250,0.004,26,22584,1,200,0.005,20748587.670998447
uf250,0.004,27,22584,78,200,0.39,210406.50899143552
uf250,0.004,28,22584,8,200,0.04,2547723.713713951
uf250,0.004,29,22584,5,200,0.025,4107905.532141276
uf250,0.004,30,22584,12,200,0.06,1680848.2406709963
uf250,0.004,31,22584,4,200,0.02,5147981.498012653
uf250,0.004,32,22584,38,200,0.19,493558.5348600636
uf250,0.004,33,22584,38,200,0.19,493558.5348600636
uf250,0.004,34,22584,36,200,0.18,524074.93836592295
uf250,0.004,35,22584,152,200,0.76,72876.44281373503
uf250,0.004,36,22584,9,200,0.045,2258780.7834287956
uf250,0.004,37,22584,173,200,0.865,51937.1666551142
uf250,0.004,38,22584,16,200,0.08,1247315.3828966967
uf250,0.004,39,22584,176,200,0.88,49051.998350520225
uf250,0.004,40,22584,83,200,0.415,193983.8433548069
uf250,0.004,41,22584,30,200,0.15,639944.9208886093
uf250,0.004,42,22584,28,200,0.14,689571.4812478303
uf250,0.004,43,22584,16,200,0.08,1247315.3828966967
uf250,0.004,44,22584,44,200,0.22,418588.88550716825
uf250,0.004,45,22584,0,200,0.0,inf
uf250,0.004,46,22584,67,200,0.335,254929.55997514664
uf250,0.004,47,22584,20,200,0.1,987117.069720127
uf250,0.004,48,22584,18,200,0.09,1102771.8606573006
uf250,0.004,49,22584,121,200,0.605,111967.46357129767
uf250,0.004,50,22584,27,200,0.135,717135.7339460563
uf250,0.004,51,22584,10,200,0.05,2027617.1519526674
uf250,0.004,52,22584,32,200,0.16,596507.8464119195
uf250,0.004,53,22584,14,200,0.07,1433128.986615259
uf250,0.004,54,22584,0,200,0.0,inf
uf250,0.004,55,22584,53,200,0.265,337798.9764816732
uf250,0.004,56,22584,21,200,0.105,937543.4981464943
uf250,0.004,57,22584,60,200,0.3,291590.8875791962
uf250,0.004,58,22584,11,200,0.055,1838474.7618492653
uf250,0.004,59,22584,58,200,0.29,303667.4637603175
uf250,0.004,60,22584,159,200,0.795,65627.6838244043
uf250,0.004,61,22584,184,200,0.92,41177.48900489637
uf250,0.004,62,22584,13,200,0.065,1547464.637487386
uf250,0.004,63,22584,112,200,0.56,126681.640896542
uf250,0.004,64,22584,146,200,0.73,79432.15214414985
uf250,0.004,65,22584,6,200,0.03,3414506.550525575
uf250,0.004,66,22584,50,200,0.25,361521.1841112806
uf250,0.004,67,22584,67,200,0.335,254929.55997514664
uf250,0.004,68,22584,75,200,0.375,221281.61786167457
uf250,0.004,69,22584,70,200,0.35,241428.2451675358
uf250,0.004,70,22584,70,200,0.35,241428.2451675358
uf250,0.004,71,22584,3,200,0.015,6881411.6619368335
uf250,0.004,72,22584,5,200,0.025,4107905.532141276
uf250,0.004,73,22584,160,200,0.8,64620.798775059004
uf250,0.004,74,22584,185,200,0.925,40151.519838477514
uf250,0.004,75,22584,97,200,0.485,156728.42816191178
uf250,0.004,76,22584,1,200,0.005,20748587.670998447
uf250,0.004,77,22584,49,200,0.245,370068.5939672249
uf250,0.004,78,22584,57,200,0.285,310019.71913159965
uf250,0.004,79,22584,56,200,0.28,316596.273644333
uf250,0.004,80,22584,69,200,0.345,245800.60698067778
uf250,0.004,81,22584,109,200,0.545,132074.57663351798
uf250,0.004,82,22584,18,200,0.09,1102771.8606573006
uf250,0.004,83,22584,55,200,0.275,323409.38927640335
uf250,0.004,84,22584,118,200,0.59,116648.02923081565
uf250,0.004,85,22584,56,200,0.28,316596.273644333
uf250,0.004,86,22584,10,200,0.05,2027617.1519526674
uf250,0.004,87,22584,82,200,0.41,197112.79301942658
uf250,0.004,88,22584,61,200,0.305,285845.9269238995
uf250,0.004,89,22584,195,200,0.975,28193.70076307806
uf250,0.004,90,22584,73,200,0.365,229016.13928908375
uf250,0.004,91,22584,173,200,0.865,51937.1666551142
uf250,0.004,92,22584,141,200,0.705,85194.03174263008
uf250,0.004,93,22584,0,200,0.0,inf
uf250,0.004,94,22584,13,200,0.065,1547464.637487386
uf250,0.004,95,22584,164,200,0.82,60650.372531586945
uf250,0.004,96,22584,92,200,0.46,168785.30175574264
uf250,0.004,97,22584,23,200,0.115,851315.1977905422
uf250,0.004,98,22584,101,198,0.51010101010101,145753.319814172
uf250,0.004,99,22584,24,200,0.12,813583.8259754642
uf250,0.005,1,17771,111,200,0.555,101074.96618671733
uf250,0.005,2,17771,5,200,0.025,3232447.272922539
uf250,0.005,3,17771,13,200,0.065,1217675.9685081623
uf250,0.005,4,17771,174,198,0.8787878787878788,38782.0905308302
uf250,0.005,5,17771,29,200,0.145,522416.1439258245
uf250,0.005,6,17771,143,200,0.715,65196.12013665473
uf250,0.005,7,17771,8,200,0.04,2004764.3515945193
uf250,0.005,8,17771,72,200,0.36,183376.30393799086
uf250,0.005,9,17771,25,200,0.125,612878.19865188
uf250,0.005,10,17771,53,200,0.265,265808.7854700591
uf250,0.005,100,17771,14,200,0.07,1127707.0147511412
uf250,0.005,11,17771,3,200,0.015,5414876.312623073
uf250,0.005,12,17771,191,200,0.955,26390.20659423567
uf250,0.005,13,17771,47,200,0.235,305504.88607909967
uf250,0.005,14,17771,129,200,0.645,79022.32219709852
uf250,0.005,15,17771,41,200,0.205,356729.65679622715
uf250,0.005,16,17771,175,200,0.875,39355.989449495544
uf250,0.005,17,17771,136,200,0.68,71823.78183864534
uf250,0.005,18,17771,28,200,0.14,542613.1240371588
uf250,0.005,19,17771,187,200,0.935,29940.52725543715
uf250,0.005,20,17771,141,200,0.705,67037.86477587138
uf250,0.005,21,17771,196,200,0.98,20919.733667629003
uf250,0.005,22,17771,4,200,0.02,4050866.9501055107
uf250,0.005,23,17771,17,200,0.085,921280.6620596634
uf250,0.005,24,17771,3,200,0.015,5414876.312623073
uf250,0.005,25,17771,79,200,0.395,162853.95318855243
uf250,0.005,26,17771,1,200,0.005,16326742.450465525
uf250,0.005,27,17771,80,200,0.4,160208.2502671882
uf250,0.005,28,17771,7,200,0.035,2297080.060478119
uf250,0.005,29,17771,4,198,0.020202020202020204,4009946.3044324056
uf250,0.005,30,17771,9,200,0.045,1777399.6325855972
uf250,0.005,31,17771,2,200,0.01,8142860.155930266
uf250,0.005,32,17771,31,200,0.155,485922.8985957761
uf250,0.005,33,17771,26,200,0.13,587658.0819327197
uf250,0.005,34,17771,20,200,0.1,776747.1416045155
uf250,0.005,35,17771,137,200,0.685,70844.62363813473
uf250,0.005,36,17771,11,200,0.055,1446667.3305359236
uf250,0.005,37,17771,158,200,0.79,52438.789897459596
uf250,0.005,38,17771,5,200,0.025,3232447.272922539
uf250,0.005,39,17771,162,200,0.81,49278.58225282518
uf250,0.005,40,17771,62,200,0.31,220551.0360605622
uf250,0.005,41,17771,28,200,0.14,542613.1240371588
uf250,0.005,42,17771,17,200,0.085,921280.6620596634
uf250,0.005,43,17771,16,200,0.08,981493.1663769571
uf250,0.005,44,17771,50,200,0.25,284475.4234343592
uf250,0.005,45,17771,0,200,0.0,inf
uf250,0.005,46,17771,52,200,0.26,271793.7402471074
uf250,0.005,47,17771,16,200,0.08,981493.1663769571
uf250,0.005,48,17771,9,200,0.045,1777399.6325855972
uf250,0.005,49,17771,105,200,0.525,109932.8719075441
uf250,0.005,50,17771,31,200,0.155,485922.8985957761
uf250,0.005,51,17771,4,200,0.02,4050866.9501055107
uf250,0.005,52,17771,32,200,0.16,469382.79040852905
uf250,0.005,53,17771,4,200,0.02,4050866.9501055107
uf250,0.005,54,17771,0,200,0.0,inf
uf250,0.005,55,17771,54,200,0.27,260043.48665273338
uf250,0.005,56,17771,15,200,0.075,1049728.8513335611
uf250,0.005,57,17771,52,200,0.26,271793.7402471074
uf250,0.005,58,17771,11,200,0.055,1446667.3305359236
uf250,0.005,59,17771,46,200,0.23,313119.78738307935
uf250,0.005,60,17771,160,200,0.8,50849.106227044525
uf250,0.005,61,17771,186,200,0.93,30774.90664267185
uf250,0.005,62,17771,5,200,0.025,3232447.272922539
uf250,0.005,63,17771,93,200,0.465,130839.29628932844
uf250,0.005,64,17771,130,200,0.65,77954.6148489438
uf250,0.005,65,17771,5,200,0.025,3232447.272922539
uf250,0.005,66,17771,52,200,0.26,271793.7402471074
uf250,0.005,67,17771,73,200,0.365,180209.25483998883
uf250,0.005,68,17771,65,200,0.325,208217.84165631485
uf250,0.005,69,17771,75,198,0.3787878787878788,171899.72166036585
uf250,0.005,70,17771,65,200,0.325,208217.84165631485
uf250,0.005,71,17771,1,200,0.005,16326742.450465525
uf250,0.005,72,17771,4,200,0.02,4050866.9501055107
uf250,0.005,73,17771,139,200,0.695,68919.89320883778
uf250,0.005,74,17771,168,199,0.8442211055276382,44015.330400977684
uf250,0.005,75,17771,75,200,0.375,174123.07965904265
uf250,0.005,76,17771,0,200,0.0,inf
uf250,0.005,77,17771,37,200,0.185,400056.7690256768
uf250,0.005,78,17771,38,200,0.19,388373.5708022578
uf250,0.005,79,17771,40,200,0.2,366752.6078759818
uf250,0.005,80,17771,49,200,0.245,291201.2479362183
uf250,0.005,81,17771,94,200,0.47,128904.20562226465
uf250,0.005,82,17771,25,200,0.125,612878.19865188
uf250,0.005,83,17771,46,200,0.23,313119.78738307935
uf250,0.005,84,17771,107,200,0.535,106878.11035723459
uf250,0.005,85,17771,66,200,0.33,204352.21895343438
uf250,0.005,86,17771,5,200,0.025,3232447.272922539
uf250,0.005,87,17771,72,200,0.36,183376.30393799086
uf250,0.005,88,17771,63,200,0.315,216311.38470158802
uf250,0.005,89,17771,186,200,0.93,30774.90664267185
uf250,0.005,90,17771,67,200,0.335,200600.12443846665
uf250,0.005,91,17771,163,200,0.815,48499.766422147644
uf250,0.005,92,17771,97,200,0.485,123327.17396676118
uf250,0.005,93,17771,0,200,0.0,inf
uf250,0.005,94,17771,11,200,0.055,1446667.3305359236
uf250,0.005,95,17771,150,200,0.75,59033.98417424331
uf250,0.005,96,17771,83,200,0.415,152642.88346875104
uf250,0.005,97,17771,17,200,0.085,921280.6620596634
uf250,0.005,98,17771,89,200,0.445,138995.01247183754
uf250,0.005,99,17771,27,200,0.135,564303.0077911515
uf250,0.06,1,2609,22,186,0.11827956989247312,95446.97764442941
uf250,0.06,2,2609,1,185,0.005405405405405406,2216741.5965225752
uf250,0.06,3,2609,4,190,0.021052631578947368,564678.4800787577
uf250,0.06,4,2609,60,188,0.3191489361702128,31255.263690727385
uf250,0.06,5,2609,4,200,0.02,594716.7786182701
uf250,0.06,6,2609,30,200,0.15,73929.16660460421
uf250,0.06,7,2609,3,176,0.017045454545454544,698848.8307393951
uf250,0.06,8,2609,21,200,0.105,108309.02349735226
uf250,0.06,9,2609,8,190,0.042105263157894736,279303.10017375124
uf250,0.06,10,2609,2,193,0.010362694300518135,1153418.9157967113
uf250,0.06,100,2609,1,200,0.005,2396965.3397819228
uf250,0.06,11,2609,0,195,0.0,inf
uf250,0.06,12,2609,57,191,0.29842931937172773,33898.840467807364
uf250,0.06,13,2609,7,184,0.03804347826086957,309773.66214641376
uf250,0.06,14,2609,28,199,0.1407035175879397,79232.31687608037
uf250,0.06,15,2609,8,184,0.043478260869565216,270290.49739247625
uf250,0.06,16,2609,52,199,0.2613065326633166,39669.826117885306
uf250,0.06,17,2609,24,194,0.12371134020618557,90980.72320683926
uf250,0.06,18,2609,0,197,0.0,inf
uf250,0.06,19,2609,74,170,0.43529411764705883,21025.258293479743
uf250,0.06,20,2609,46,178,0.25842696629213485,40186.0445654845
uf250,0.06,21,2609,94,195,0.48205128205128206,18263.066997521346
uf250,0.06,22,2609,0,189,0.0,inf
uf250,0.06,23,2609,7,191,0.03664921465968586,321790.001208254
uf250,0.06,24,2609,2,185,0.010810810810810811,1105358.9062649836
uf250,0.06,25,2609,16,188,0.0851063829787234,135078.45531479834
uf250,0.06,26,2609,0,195,0.0,inf
uf250,0.06,27,2609,10,186,0.053763440860215055,217414.16274610552
uf250,0.06,28,2609,1,188,0.005319148936170213,2252786.3503972343
uf250,0.06,29,2609,0,174,0.0,inf
uf250,0.06,30,2609,7,179,0.03910614525139665,301190.49197432946
uf250,0.06,31,2609,1,195,0.005128205128205128,2336890.7656883276
uf250,0.06,32,2609,2,184,0.010869565217391304,1099351.4022857167
uf250,0.06,33,2609,10,183,0.0546448087431694,213808.76315050418
uf250,0.06,34,2609,3,196,0.015306122448979591,778949.8609412323
uf250,0.06,35,2609,31,198,0.15656565656565657,70562.41220296954
uf250,0.06,36,2609,4,190,0.021052631578947368,564678.4800787577
uf250,0.06,37,2609,45,194,0.23195876288659795,45526.143950331796
uf250,0.06,38,2609,2,196,0.01020408163265306,1171441.409778256
uf250,0.06,39,2609,49,186,0.26344086021505375,39294.424239299646
uf250,0.06,40,2609,11,190,0.05789473684210526,201462.7479415485
uf250,0.06,41,2609,6,197,0.030456852791878174,388450.4433091295
uf250,0.06,42,2609,2,195,0.010256410256410256,1165433.9123358305
uf250,0.06,43,2609,2,193,0.010362694300518135,1153418.9157967113
uf250,0.06,44,2609,8,182,0.04395604395604396,267286.2749434403
uf250,0.06,45,2609,1,186,0.005376344086021506,2228756.5147928423
uf250,0.06,46,2609,7,196,0.03571428571428571,330373.03595444595
uf250,0.06,47,2609,2,200,0.01,1195471.3942277904
uf250,0.06,48,2609,7,200,0.035,337239.428157527
uf250,0.06,49,2609,18,196,0.09183673469387756,124724.91127369854
uf250,0.06,50,2609,5,200,0.025,474562.76715181494
uf250,0.06,51,2609,2,200,0.01,1195471.3942277904
uf250,0.06,52,2609,3,200,0.015,794970.0241761069
uf250,0.06,53,2609,0,200,0.0,inf
uf250,0.06,54,2609,0,200,0.0,inf
uf250,0.06,55,2609,8,200,0.04,294323.9093641382
uf250,0.06,56,2609,2,200,0.01,1195471.3942277904
uf250,0.06,57,2609,13,200,0.065,178769.7148071462
uf250,0.06,58,2609,1,200,0.005,2396965.3397819228
uf250,0.06,59,2609,4,200,0.02,594716.7786182701
uf250,0.06,60,2609,26,200,0.13,86275.38887864866
uf250,0.06,61,2609,49,200,0.245,42751.902305193486
uf250,0.06,62,2609,0,200,0.0,inf
uf250,0.06,63,2609,12,200,0.06,194178.7575234958
uf250,0.06,64,2609,37,200,0.185,58733.22325068881
uf250,0.06,65,2609,0,200,0.0,inf
uf250,0.06,66,2609,15,200,0.075,154113.02532942776
uf250,0.06,67,2609,16,200,0.08,144095.1927903596
uf250,0.06,68,2609,11,200,0.055,212388.4455218178
uf250,0.06,69,2609,9,200,0.045,260943.98972572296
uf250,0.06,70,2609,12,200,0.06,194178.7575234958
uf250,0.06,71,2609,0,200,0.0,inf
uf250,0.06,72,2609,1,200,0.005,2396965.3397819228
uf250,0.06,73,2609,44,200,0.22,48357.173321298345
uf250,0.06,74,2609,60,200,0.3,33685.82295847161
uf250,0.06,75,2609,13,200,0.065,178769.7148071462
uf250,0.06,76,2609,0,200,0.0,inf
uf250,0.06,77,2609,7,200,0.035,337239.428157527
uf250,0.06,78,2609,3,200,0.015,794970.0241761069
uf250,0.06,79,2609,2,200,0.01,1195471.3942277904
uf250,0.06,80,2609,6,200,0.03,394458.3594722469
uf250,0.06,81,2609,18,200,0.09,127396.90862800644
uf250,0.06,82,2609,3,200,0.015,794970.0241761069
uf250,0.06,83,2609,8,200,0.04,294323.9093641382
uf250,0.06,84,2609,12,200,0.06,194178.7575234958
uf250,0.06,85,2609,11,200,0.055,212388.4455218178
uf250,0.06,86,2609,3,200,0.015,794970.0241761069
uf250,0.06,87,2609,10,200,0.05,234238.98111249154
uf250,0.06,88,2609,8,200,0.04,294323.9093641382
uf250,0.06,89,2609,56,200,0.28,36574.5518038463
uf250,0.06,90,2609,15,200,0.075,154113.02532942776
uf250,0.06,91,2609,39,200,0.195,55390.358939464284
uf250,0.06,92,2609,24,200,0.12,93988.67348432456
uf250,0.06,93,2609,0,200,0.0,inf
uf250,0.06,94,2609,1,198,0.005050505050505051,2372935.5109283742
uf250,0.06,95,2609,34,200,0.17,64481.92032558063
uf250,0.06,96,2609,8,200,0.04,294323.9093641382
uf250,0.06,97,2609,5,200,0.025,474562.76715181494
uf250,0.06,98,2609,11,200,0.055,212388.4455218178
uf250,0.06,99,2609,5,200,0.025,474562.76715181494
uf250,0.006,1,15402,98,200,0.49,105338.09304729612
uf250,0.006,2,15402,3,200,0.015,4693034.998988272
uf250,0.006,3,15402,10,200,0.05,1382809.0406648507
uf250,0.006,4,15402,171,200,0.855,36731.24813039977
uf250,0.006,5,15402,38,200,0.19,336600.6267231093
uf250,0.006,6,15402,138,200,0.69,60561.69900417071
uf250,0.006,7,15402,7,200,0.035,1990863.0404301388
uf250,0.006,8,15402,61,200,0.305,194943.27694305262
uf250,0.006,9,15402,27,200,0.135,489077.42535587854
uf250,0.006,10,15402,51,200,0.255,240950.42175476512
uf250,0.006,100,15402,14,200,0.07,977375.693050311
uf250,0.006,11,15402,5,200,0.025,2801539.1873025126
uf250,0.006,12,15402,194,200,0.97,20227.480418560495
uf250,0.006,13,15402,55,200,0.275,220561.07924349827
uf250,0.006,14,15402,122,200,0.61,75327.30237902424
uf250,0.006,15,15402,37,200,0.185,346726.371984327
uf250,0.006,16,15402,169,200,0.845,38045.209291741274
uf250,0.006,17,15402,130,200,0.65,67562.71329151047
uf250,0.006,18,15402,21,200,0.105,639392.7098145726
uf250,0.006,19,15402,182,200,0.91,29456.16003523404
uf250,0.006,20,15402,143,198,0.7222222222222222,55372.751259455414
uf250,0.006,21,15402,190,200,0.95,23676.625521826787
uf250,0.006,22,15402,1,200,0.005,14150272.197516741
uf250,0.006,23,15402,19,200,0.095,710564.9465518164
uf250,0.006,24,15402,2,200,0.01,7057359.30007529
uf250,0.006,25,15402,89,200,0.445,120465.99415290316
uf250,0.006,26,15402,0,200,0.0,inf
uf250,0.006,27,15402,55,200,0.275,220561.07924349827
uf250,0.006,28,15402,7,200,0.035,1990863.0404301388
uf250,0.006,29,15402,6,200,0.03,2328649.924335588
uf250,0.006,30,15402,9,200,0.045,1540459.6894425396
uf250,0.006,31,15402,4,200,0.02,3510857.7325713285
uf250,0.006,32,15402,29,200,0.145,452774.37672306283
uf250,0.006,33,15402,21,200,0.105,639392.7098145726
uf250,0.006,34,15402,23,200,0.115,580586.1085888209
uf250,0.006,35,15402,140,200,0.7,58912.32007046809
uf250,0.006,36,15402,19,200,0.095,710564.9465518164
uf250,0.006,37,15402,154,200,0.77,48261.543802573
uf250,0.006,38,15402,9,200,0.045,1540459.6894425396
uf250,0.006,39,15402,153,200,0.765,48978.257195228856
uf250,0.006,40,15402,61,198,0.30808080808080807,192591.65704966482
uf250,0.006,41,15402,28,200,0.14,470278.9565258185
uf250,0.006,42,15402,18,200,0.09,752076.3459902473
uf250,0.006,43,15402,10,200,0.05,1382809.0406648507
uf250,0.006,44,15402,49,200,0.245,252382.06182621318
uf250,0.006,45,15402,0,200,0.0,inf
uf250,0.006,46,15402,45,200,0.225,278269.8622962649
uf250,0.006,47,15402,20,200,0.1,673201.2534462186
uf250,0.006,48,15402,18,200,0.09,752076.3459902473
uf250,0.006,49,15402,93,200,0.465,113397.49262552681
uf250,0.006,50,15402,29,200,0.145,452774.37672306283
uf250,0.006,51,15402,10,200,0.05,1382809.0406648507
uf250,0.006,52,15402,22,200,0.11,608654.4960374639
uf250,0.006,53,15402,7,200,0.035,1990863.0404301388
uf250,0.006,54,15402,0,200,0.0,inf
uf250,0.006,55,15402,58,200,0.29,207097.33779828242
uf250,0.006,56,15402,7,200,0.035,1990863.0404301388
uf250,0.006,57,15402,54,200,0.27,225377.85051068594
uf250,0.006,58,15402,9,200,0.045,1540459.6894425396
uf250,0.006,59,15402,32,200,0.16,406810.74435159337
uf250,0.006,60,15402,147,200,0.735,53409.24079774153
uf250,0.006,61,15402,180,200,0.9,30803.999999999996
uf250,0.006,62,15402,10,200,0.05,1382809.0406648507
uf250,0.006,63,15402,90,200,0.45,118642.42446509658
uf250,0.006,64,15402,121,200,0.605,76360.38230274207
uf250,0.006,65,15402,10,200,0.05,1382809.0406648507
uf250,0.006,66,15402,45,200,0.225,278269.8622962649
uf250,0.006,67,15402,60,200,0.3,198861.26684798
uf250,0.006,68,15402,46,200,0.23,271378.7049279269
uf250,0.006,69,15402,56,200,0.28,215914.62126594127
uf250,0.006,70,15402,56,200,0.28,215914.62126594127
uf250,0.006,71,15402,0,200,0.0,inf
uf250,0.006,72,15402,0,200,0.0,inf
uf250,0.006,73,15402,141,200,0.705,58101.24322086382
uf250,0.006,74,15402,165,200,0.825,40694.251470024006
uf250,0.006,75,15402,90,200,0.45,118642.42446509658
uf250,0.006,76,15402,1,200,0.005,14150272.197516741
uf250,0.006,77,15402,27,200,0.135,489077.42535587854
uf250,0.006,78,15402,44,200,0.22,285472.2819067218
uf250,0.006,79,15402,34,200,0.17,380663.29507650173
uf250,0.006,80,15402,45,200,0.225,278269.8622962649
uf250,0.006,81,15402,75,200,0.375,150911.24151193377
uf250,0.006,82,15402,19,200,0.095,710564.9465518164
uf250,0.006,83,15402,51,200,0.255,240950.42175476512
uf250,0.006,84,15402,101,200,0.505,100866.15715930061
uf250,0.006,85,15402,50,200,0.25,246552.8373043723
uf250,0.006,86,15402,8,200,0.04,1737515.0831837705
uf250,0.006,87,15402,65,200,0.325,180460.93057174957
uf250,0.006,88,15402,56,200,0.28,215914.62126594127
uf250,0.006,89,15402,187,200,0.935,25949.24319330612
uf250,0.006,90,15402,61,200,0.305,194943.27694305262
uf250,0.006,91,15402,152,200,0.76,49700.80465006851
uf250,0.006,92,15402,114,200,0.57,84041.87980248615
uf250,0.006,93,15402,0,200,0.0,inf
uf250,0.006,94,15402,10,200,0.05,1382809.0406648507
uf250,0.006,95,15402,143,200,0.715,56505.01616930709
uf250,0.006,96,15402,77,200,0.385,145904.16526756916
uf250,0.006,97,15402,14,200,0.07,977375.693050311
uf250,0.006,98,15402,77,200,0.385,145904.16526756916
uf250,0.006,99,15402,25,200,0.125,531177.19968692
uf250,0.007,1,12617,90,199,0.45226130653266333,96524.2331050293
uf250,0.007,2,12617,5,200,0.025,2294962.9870273857
uf250,0.007,3,12617,12,200,0.06,939039.2424967216
uf250,0.007,4,12617,168,200,0.84,31705.7841007344
uf250,0.007,5,12617,21,200,0.105,523777.2899448423
uf250,0.007,6,12617,116,200,0.58,66977.97603792325
uf250,0.007,7,12617,12,200,0.06,939039.2424967216
uf250,0.007,8,12617,57,200,0.285,173198.67146136172
uf250,0.007,9,12617,24,200,0.12,454524.75789640594
uf250,0.007,10,12617,39,200,0.195,267865.14324998885
uf250,0.007,100,12617,12,200,0.06,939039.2424967216
uf250,0.007,11,12617,3,200,0.015,3844437.2537485403
uf250,0.007,12,12617,190,200,0.95,19395.402169126643
uf250,0.007,13,12617,41,200,0.205,253269.82610984173
uf250,0.007,14,12617,108,200,0.54,74824.56931712618
uf250,0.007,15,12617,39,200,0.195,267865.14324998885
uf250,0.007,16,12617,162,200,0.81,34986.65647875163
uf250,0.007,17,12617,143,200,0.715,46287.741138043595
uf250,0.007,18,12617,20,200,0.1,551472.549976038
uf250,0.007,19,12617,183,200,0.915,23570.377439033415
uf250,0.007,20,12617,153,200,0.765,40121.97578445672
uf250,0.007,21,12617,182,200,0.91,24129.87736427398
uf250,0.007,22,12617,0,200,0.0,inf
uf250,0.007,23,12617,11,200,0.055,1027100.4281904084
uf250,0.007,24,12617,1,200,0.005,11591610.460723847
uf250,0.007,25,12617,75,200,0.375,123623.36931282094
uf250,0.007,26,12617,0,200,0.0,inf
uf250,0.007,27,12617,51,200,0.255,197381.6044201968
uf250,0.007,28,12617,3,200,0.015,3844437.2537485403
uf250,0.007,29,12617,2,200,0.01,5781242.844374102
uf250,0.007,30,12617,9,200,0.045,1261912.7322228618
uf250,0.007,31,12617,5,200,0.025,2294962.9870273857
uf250,0.007,32,12617,16,200,0.08,696837.5038083432
uf250,0.007,33,12617,18,200,0.09,616085.3952317198
uf250,0.007,34,12617,17,200,0.085,654088.0149235706
uf250,0.007,35,12617,114,200,0.57,68845.37056667755
uf250,0.007,36,12617,16,200,0.08,696837.5038083432
uf250,0.007,37,12617,154,200,0.77,39534.858989550936
uf250,0.007,38,12617,8,200,0.04,1423336.43712048
uf250,0.007,39,12617,144,200,0.72,45644.146845914125
uf250,0.007,40,12617,53,200,0.265,188718.10513059117
uf250,0.007,41,12617,16,200,0.08,696837.5038083432
uf250,0.007,42,12617,14,200,0.07,800645.9628110487
uf250,0.007,43,12617,12,200,0.06,939039.2424967216
uf250,0.007,44,12617,28,200,0.14,385242.7992784217
uf250,0.007,45,12617,1,200,0.005,11591610.460723847
uf250,0.007,46,12617,46,200,0.23,222307.8249627096
uf250,0.007,47,12617,15,200,0.075,745283.2658418514
uf250,0.007,48,12617,13,200,0.065,864521.8442781769
uf250,0.007,49,12617,79,200,0.395,115622.54951212458
uf250,0.007,50,12617,15,200,0.075,745283.2658418514
uf250,0.007,51,12617,2,200,0.01,5781242.844374102
uf250,0.007,52,12617,20,200,0.1,551472.549976038
uf250,0.007,53,12617,4,200,0.02,2876022.0758247273
uf250,0.007,54,12617,0,200,0.0,inf
uf250,0.007,55,12617,44,200,0.22,233852.99187229638
uf250,0.007,56,12617,11,200,0.055,1027100.4281904084
uf250,0.007,57,12617,32,200,0.16,333250.9519207929
uf250,0.007,58,12617,7,200,0.035,1630873.8463256108
uf250,0.007,59,12617,33,200,0.165,322217.65213384427
uf250,0.007,60,12617,137,200,0.685,50298.04830579854
uf250,0.007,61,12617,162,200,0.81,34986.65647875163
uf250,0.007,62,12617,7,200,0.035,1630873.8463256108
uf250,0.007,63,12617,70,200,0.35,134878.68266377962
uf250,0.007,64,12617,118,200,0.59,65167.73754893735
uf250,0.007,65,12617,1,200,0.005,11591610.460723847
uf250,0.007,66,12617,39,200,0.195,267865.14324998885
uf250,0.007,67,12617,57,200,0.285,173198.67146136172
uf250,0.007,68,12617,46,200,0.23,222307.8249627096
uf250,0.007,69,12617,42,200,0.21,246490.99374123674
uf250,0.007,70,12617,54,200,0.27,184624.87598320504
uf250,0.007,71,12617,0,200,0.0,inf
uf250,0.007,72,12617,1,200,0.005,11591610.460723847
uf250,0.007,73,12617,123,200,0.615,60872.39930267946
uf250,0.007,74,12617,158,200,0.79,37230.33099635629
uf250,0.007,75,12617,55,200,0.275,180679.0765365029
uf250,0.007,76,12617,0,200,0.0,inf
uf250,0.007,77,12617,39,200,0.195,267865.14324998885
uf250,0.007,78,12617,42,200,0.21,246490.99374123674
uf250,0.007,79,12617,31,200,0.155,344994.0471320076
uf250,0.007,80,12617,41,200,0.205,253269.82610984173
uf250,0.007,81,12617,69,200,0.345,137321.38940290522
uf250,0.007,82,12617,12,200,0.06,939039.2424967216
uf250,0.007,83,12617,36,200,0.18,292784.8697025704
uf250,0.007,84,12617,74,200,0.37,125755.35281934128
uf250,0.007,85,12617,47,200,0.235,216901.42072252548
uf250,0.007,86,12617,7,200,0.035,1630873.8463256108
uf250,0.007,87,12617,58,200,0.29,169649.8578756609
uf250,0.007,88,12617,45,200,0.225,227952.9186204372
uf250,0.007,89,12617,182,200,0.91,24129.87736427398
uf250,0.007,90,12617,47,200,0.235,216901.42072252548
uf250,0.007,91,12617,142,200,0.71,46938.06924338275
uf250,0.007,92,12617,82,200,0.41,110120.97544837519
uf250,0.007,93,12617,0,200,0.0,inf
uf250,0.007,94,12617,4,200,0.02,2876022.0758247273
uf250,0.007,95,12617,141,200,0.705,47595.337340451806
uf250,0.007,96,12617,60,200,0.3,162903.03881450224
uf250,0.007,97,12617,12,200,0.06,939039.2424967216
uf250,0.007,98,12617,81,200,0.405,111910.85875499503
uf250,0.007,99,12617,23,200,0.115,475604.13790839846
uf250,0.08,1,2566,24,189,0.12698412698412698,87015.7039190341
uf250,0.08,2,2566,0,192,0.0,inf
uf250,0.08,3,2566,3,195,0.015384615384615385,762172.6344580383
uf250,0.08,4,2566,46,194,0.23711340206185566,43661.726776970136
uf250,0.08,5,2566,7,199,0.035175879396984924,329992.9434087895
uf250,0.08,6,2566,17,179,0.09497206703910614,118417.97160765957
uf250,0.08,7,2566,2,196,0.01020408163265306,1152134.4030245324
uf250,0.08,8,2566,7,195,0.035897435897435895,323239.7114759033
uf250,0.08,9,2566,3,192,0.015625,750355.527319605
uf250,0.08,10,2566,5,193,0.025906735751295335,450196.7738128035
uf250,0.08,100,2566,2,200,0.01,1175768.3394359946
uf250,0.08,11,2566,1,197,0.005076142131979695,2322009.29460622
uf250,0.08,12,2566,48,186,0.25806451612903225,39588.423012584855
uf250,0.08,13,2566,5,184,0.02717391304347826,428925.131944228
uf250,0.08,14,2566,18,196,0.09183673469387756,122669.26881115772
uf250,0.08,15,2566,9,184,0.04891304347826087,235631.45897813313
uf250,0.08,16,2566,59,199,0.2964824120603015,33602.87203343048
uf250,0.08,17,2566,16,196,0.08163265306122448,138764.33562055742
uf250,0.08,18,2566,0,195,0.0,inf
uf250,0.08,19,2566,59,176,0.3352272727272727,28940.914877992895
uf250,0.08,20,2566,24,174,0.13793103448275862,79617.74888653848
uf250,0.08,21,2566,82,196,0.41836734693877553,21805.708079880824
uf250,0.08,22,2566,0,196,0.0,inf
uf250,0.08,23,2566,5,193,0.025906735751295335,450196.7738128035
uf250,0.08,24,2566,0,192,0.0,inf
uf250,0.08,25,2566,18,186,0.0967741935483871,116098.97711354987
uf250,0.08,26,2566,0,195,0.0,inf
uf250,0.08,27,2566,9,191,0.04712041884816754,244824.20937909777
uf250,0.08,28,2566,0,185,0.0,inf
uf250,0.08,29,2566,0,174,0.0,inf
uf250,0.08,30,2566,3,178,0.016853932584269662,695208.9192606934
uf250,0.08,31,2566,0,191,0.0,inf
uf250,0.08,32,2566,4,195,0.020512820512820513,570143.4084614257
uf250,0.08,33,2566,6,175,0.03428571428571429,338715.82451049594
uf250,0.08,34,2566,4,197,0.02030456852791878,576052.0511519151
uf250,0.08,35,2566,21,196,0.10714285714285714,104270.74720962302
uf250,0.08,36,2566,2,193,0.010362694300518135,1134408.9451645694
uf250,0.08,37,2566,40,185,0.21621621621621623,48504.90796372604
uf250,0.08,38,2566,0,188,0.0,inf
uf250,0.08,39,2566,37,192,0.19270833333333334,55200.88109043554
uf250,0.08,40,2566,10,190,0.05263157894736842,218558.79439733567
uf250,0.08,41,2566,5,196,0.025510204081632654,457287.29460125574
uf250,0.08,42,2566,0,193,0.0,inf
uf250,0.08,43,2566,1,190,0.005263157894736842,2239291.0426070564
uf250,0.08,44,2566,7,195,0.035897435897435895,323239.7114759033
uf250,0.08,45,2566,2,197,0.01015228426395939,1158042.8879042624
uf250,0.08,46,2566,6,195,0.03076923076923077,378108.959217784
uf250,0.08,47,2566,2,197,0.01015228426395939,1158042.8879042624
uf250,0.08,48,2566,4,200,0.02,584915.007257371
uf250,0.08,49,2566,17,200,0.085,133026.06374684014
uf250,0.08,50,2566,4,200,0.02,584915.007257371
uf250,0.08,51,2566,1,200,0.005,2357459.970057652
uf250,0.08,52,2566,8,200,0.04,289473.0361933226
uf250,0.08,53,2566,0,200,0.0,inf
uf250,0.08,54,2566,0,200,0.0,inf
uf250,0.08,55,2566,8,200,0.04,289473.0361933226
uf250,0.08,56,2566,1,200,0.005,2357459.970057652
uf250,0.08,57,2566,11,200,0.055,208887.98436526812
uf250,0.08,58,2566,0,200,0.0,inf
uf250,0.08,59,2566,2,200,0.01,1175768.3394359946
uf250,0.08,60,2566,27,200,0.135,81481.15007552163
uf250,0.08,61,2566,40,200,0.2,52956.34414550499
uf250,0.08,62,2566,1,200,0.005,2357459.970057652
uf250,0.08,63,2566,19,200,0.095,118381.35650252958
uf250,0.08,64,2566,38,200,0.19,56078.25010852476
uf250,0.08,65,2566,1,200,0.005,2357459.970057652
uf250,0.08,66,2566,10,200,0.05,230378.39230918104
uf250,0.08,67,2566,7,200,0.035,331681.24670456664
uf250,0.08,68,2566,11,200,0.055,208887.98436526812
uf250,0.08,69,2566,8,200,0.04,289473.0361933226
uf250,0.08,70,2566,7,200,0.035,331681.24670456664
uf250,0.08,71,2566,0,200,0.0,inf
uf250,0.08,72,2566,0,200,0.0,inf
uf250,0.08,73,2566,31,200,0.155,70163.64626620682
uf250,0.08,74,2566,50,200,0.25,41076.13170516941
uf250,0.08,75,2566,17,200,0.085,133026.06374684014
uf250,0.08,76,2566,0,200,0.0,inf
uf250,0.08,77,2566,2,200,0.01,1175768.3394359946
uf250,0.08,78,2566,10,200,0.05,230378.39230918104
uf250,0.08,79,2566,3,200,0.015,781867.7968707897
uf250,0.08,80,2566,4,200,0.02,584915.007257371
uf250,0.08,81,2566,15,200,0.075,151573.0252952517
uf250,0.08,82,2566,2,200,0.01,1175768.3394359946
uf250,0.08,83,2566,9,200,0.045,256643.26471299547
uf250,0.08,84,2566,7,200,0.035,331681.24670456664
uf250,0.08,85,2566,9,200,0.045,256643.26471299547
uf250,0.08,86,2566,2,200,0.01,1175768.3394359946
uf250,0.08,87,2566,7,200,0.035,331681.24670456664
uf250,0.08,88,2566,8,200,0.04,289473.0361933226
uf250,0.08,89,2566,45,200,0.225,46360.24325751303
uf250,0.08,90,2566,9,200,0.045,256643.26471299547
uf250,0.08,91,2566,40,200,0.2,52956.34414550499
uf250,0.08,92,2566,10,200,0.05,230378.39230918104
uf250,0.08,93,2566,0,200,0.0,inf
uf250,0.08,94,2566,2,200,0.01,1175768.3394359946
uf250,0.08,95,2566,53,200,0.265,38380.80825593223
uf250,0.08,96,2566,4,200,0.02,584915.007257371
uf250,0.08,97,2566,3,200,0.015,781867.7968707897
uf250,0.08,98,2566,7,200,0.035,331681.24670456664
uf250,0.08,99,2566,10,200,0.05,230378.39230918104
uf250,0.008,1,11884,76,200,0.38,114484.8197191995
uf250,0.008,2,11884,4,200,0.02,2708936.066347076
uf250,0.008,3,11884,14,200,0.07,754131.4593046289
uf250,0.008,4,11884,162,200,0.81,32954.0640083605
uf250,0.008,5,11884,22,200,0.11,469630.56946560316
uf250,0.008,6,11884,116,200,0.58,63086.8088479575
uf250,0.008,7,11884,4,200,0.02,2708936.066347076
uf250,0.008,8,11884,62,200,0.31,147489.08404387604
uf250,0.008,9,11884,22,200,0.11,469630.56946560316
uf250,0.008,10,11884,29,200,0.145,349355.3235279105
uf250,0.008,100,11884,16,200,0.08,656353.8793103234
uf250,0.008,11,11884,1,200,0.005,10918181.716354301
uf250,0.008,12,11884,187,200,0.935,20022.127393146988
uf250,0.008,13,11884,34,200,0.17,293715.27065894986
uf250,0.008,14,11884,107,200,0.535,71472.59374741859
uf250,0.008,15,11884,41,200,0.205,238555.80672817302
uf250,0.008,16,11884,158,200,0.79,35067.3895189584
uf250,0.008,17,11884,121,199,0.6080402010050251,58432.7101600995
uf250,0.008,18,11884,14,200,0.07,754131.4593046289
uf250,0.008,19,11884,174,200,0.87,26824.470040239154
uf250,0.008,20,11884,136,200,0.68,48030.71427440556
uf250,0.008,21,11884,184,200,0.92,21668.14024682025
uf250,0.008,22,11884,1,200,0.005,10918181.716354301
uf250,0.008,23,11884,12,200,0.06,884484.6126520598
uf250,0.008,24,11884,1,200,0.005,10918181.716354301
uf250,0.008,25,11884,84,200,0.42,100468.35362290933
uf250,0.008,26,11884,1,200,0.005,10918181.716354301
uf250,0.008,27,11884,47,200,0.235,204300.268198977
uf250,0.008,28,11884,2,200,0.01,5445374.491760468
uf250,0.008,29,11884,1,200,0.005,10918181.716354301
uf250,0.008,30,11884,3,200,0.015,3621089.98363697
uf250,0.008,31,11884,2,200,0.01,5445374.491760468
uf250,0.008,32,11884,39,200,0.195,252303.19112173
uf250,0.008,33,11884,21,200,0.105,493347.8095985183
uf250,0.008,34,11884,25,200,0.125,409850.00915980764
uf250,0.008,35,11884,107,200,0.535,71472.59374741859
uf250,0.008,36,11884,7,200,0.035,1536126.2415577045
uf250,0.008,37,11884,140,200,0.7,45456.04543029754
uf250,0.008,38,11884,9,200,0.045,1188600.373284972
uf250,0.008,39,11884,131,200,0.655,51425.75071068367
uf250,0.008,40,11884,51,200,0.255,185914.4794269334
uf250,0.008,41,11884,21,200,0.105,493347.8095985183
uf250,0.008,42,11884,14,200,0.07,754131.4593046289
uf250,0.008,43,11884,16,200,0.08,656353.8793103234
uf250,0.008,44,11884,27,200,0.135,377366.3240442319
uf250,0.008,45,11884,1,200,0.005,10918181.716354301
uf250,0.008,46,11884,50,200,0.25,190237.23662674718
uf250,0.008,47,11884,10,200,0.05,1066959.007873074
uf250,0.008,48,11884,14,200,0.07,754131.4593046289
uf250,0.008,49,11884,91,200,0.455,90165.72316101685
uf250,0.008,50,11884,20,200,0.1,519434.07972697436
uf250,0.008,51,11884,8,200,0.04,1340645.9712086695
uf250,0.008,52,11884,20,200,0.1,519434.07972697436
uf250,0.008,53,11884,3,200,0.015,3621089.98363697
uf250,0.008,54,11884,0,200,0.0,inf
uf250,0.008,55,11884,43,200,0.215,226081.25555536686
uf250,0.008,56,11884,12,200,0.06,884484.6126520598
uf250,0.008,57,11884,40,200,0.2,245258.45433561233
uf250,0.008,58,11884,8,200,0.04,1340645.9712086695
uf250,0.008,59,11884,35,200,0.175,284489.8063698817
uf250,0.008,60,11884,133,200,0.665,50042.61528696208
uf250,0.008,61,11884,169,200,0.845,29355.230958515334
uf250,0.008,62,11884,7,200,0.035,1536126.2415577045
uf250,0.008,63,11884,91,200,0.455,90165.72316101685
uf250,0.008,64,11884,102,200,0.51,76719.4940664003
uf250,0.008,65,11884,6,200,0.03,1796758.5833530787
uf250,0.008,66,11884,38,200,0.19,259717.03986348724
uf250,0.008,67,11884,49,200,0.245,194734.99693174372
uf250,0.008,68,11884,42,200,0.21,232170.7988920391
uf250,0.008,69,11884,59,200,0.295,156563.21555453542
uf250,0.008,70,11884,41,200,0.205,238555.80672817302
uf250,0.008,71,11884,1,200,0.005,10918181.716354301
uf250,0.008,72,11884,4,200,0.02,2708936.066347076
uf250,0.008,73,11884,95,200,0.475,84934.03671903932
uf250,0.008,74,11884,156,200,0.78,36144.79895644587
uf250,0.008,75,11884,63,200,0.315,144653.90218860345
uf250,0.008,76,11884,0,200,0.0,inf
uf250,0.008,77,11884,43,200,0.215,226081.25555536686
uf250,0.008,78,11884,30,200,0.15,336747.49556501204
uf250,0.008,79,11884,35,200,0.175,284489.8063698817
uf250,0.008,80,11884,36,200,0.18,275775.17567926977
uf250,0.008,81,11884,63,200,0.315,144653.90218860345
uf250,0.008,82,11884,12,200,0.06,884484.6126520598
uf250,0.008,83,11884,32,200,0.16,313890.3315072286
uf250,0.008,84,11884,74,200,0.37,118449.44225291684
uf250,0.008,85,11884,44,200,0.22,220267.01715228424
uf250,0.008,86,11884,7,200,0.035,1536126.2415577045
uf250,0.008,87,11884,58,200,0.29,159793.84251362082
uf250,0.008,88,11884,41,200,0.205,238555.80672817302
uf250,0.008,89,11884,167,200,0.835,30373.81766706797
uf250,0.008,90,11884,43,200,0.215,226081.25555536686
uf250,0.008,91,11884,126,200,0.63,55044.22163021254
uf250,0.008,92,11884,105,200,0.525,73515.40429628351
uf250,0.008,93,11884,0,200,0.0,inf
uf250,0.008,94,11884,5,200,0.025,2161634.313849049
uf250,0.008,95,11884,126,200,0.63,55044.22163021254
uf250,0.008,96,11884,49,200,0.245,194734.99693174372
uf250,0.008,97,11884,20,200,0.1,519434.07972697436
uf250,0.008,98,11884,63,200,0.315,144653.90218860345
uf250,0.008,99,11884,23,200,0.115,447973.335571325
uf250,0.009,1,12372,96,200,0.48,87127.78635034653
uf250,0.009,2,12372,4,200,0.02,2820174.773884721
uf250,0.009,3,12372,12,199,0.06030150753768844,916055.2948857932
uf250,0.009,4,12372,160,200,0.8,35400.66075296803
uf250,0.009,5,12372,24,200,0.12,445698.6846868776
uf250,0.009,6,12372,120,200,0.6,62180.22682005009
uf250,0.009,7,12372,9,200,0.045,1237408.6013363912
uf250,0.009,8,12372,71,200,0.355,129930.49213621036
uf250,0.009,9,12372,20,200,0.1,540763.9207659145
uf250,0.009,10,12372,45,200,0.225,223526.4729469802
uf250,0.009,100,12372,8,200,0.04,1395697.7411472283
uf250,0.009,11,12372,2,200,0.01,5668981.2531185215
uf250,0.009,12,12372,180,200,0.9,24743.999999999996
uf250,0.009,13,12372,45,200,0.225,223526.4729469802
uf250,0.009,14,12372,90,200,0.45,95302.17345034248
uf250,0.009,15,12372,38,200,0.19,270381.96038295724
uf250,0.009,16,12372,154,200,0.77,38767.161402768026
uf250,0.009,17,12372,109,200,0.545,72353.28826203881
uf250,0.009,18,12372,18,198,0.09090909090909091,597786.7805728271
uf250,0.009,19,12372,168,200,0.84,31090.113410025046
uf250,0.009,20,12372,129,200,0.645,55014.58388512199
uf250,0.009,21,12372,185,200,0.925,21995.864481121316
uf250,0.009,22,12372,2,200,0.01,5668981.2531185215
uf250,0.009,23,12372,12,200,0.06,920804.7482103067
uf250,0.009,24,12372,1,200,0.005,11366521.726248352
uf250,0.009,25,12372,69,200,0.345,134654.84898888352
uf250,0.009,26,12372,0,200,0.0,inf
uf250,0.009,27,12372,42,200,0.21,241704.57117909018
uf250,0.009,28,12372,5,200,0.025,2250398.8329636855
uf250,0.009,29,12372,3,200,0.015,3769785.0284042913
uf250,0.009,30,12372,6,200,0.03,1870539.9859680487
uf250,0.009,31,12372,2,200,0.01,5668981.2531185215
uf250,0.009,32,12372,26,200,0.13,409121.928404232
uf250,0.009,33,12372,26,199,0.1306532663316583,406927.0128886308
uf250,0.009,34,12372,19,200,0.095,570777.1405492191
uf250,0.009,35,12372,122,200,0.61,60508.335607926754
uf250,0.009,36,12372,17,200,0.085,641386.7734512496
uf250,0.009,37,12372,147,200,0.735,42902.16381961162
uf250,0.009,38,12372,5,200,0.025,2250398.8329636855
uf250,0.009,39,12372,133,200,0.665,52097.5459719198
uf250,0.009,40,12372,57,200,0.285,169835.45718633328
uf250,0.009,41,12372,18,200,0.09,604122.0979477561
uf250,0.009,42,12372,15,200,0.075,730811.1726238714
uf250,0.009,43,12372,13,200,0.065,847734.3471038762
uf250,0.009,44,12372,29,200,0.145,363701.11601205904
uf250,0.009,45,12372,0,200,0.0,inf
uf250,0.009,46,12372,40,200,0.2,255329.65306632413
uf250,0.009,47,12372,17,200,0.085,641386.7734512496
uf250,0.009,48,12372,8,200,0.04,1395697.7411472283
uf250,0.009,49,12372,87,200,0.435,99793.68865568182
uf250,0.009,50,12372,25,200,0.125,426679.9321209307
uf250,0.009,51,12372,3,200,0.015,3769785.0284042913
uf250,0.009,52,12372,16,200,0.08,683306.1422776271
uf250,0.009,53,12372,5,198,0.025252525252525252,2227607.5369125903
uf250,0.009,54,12372,0,200,0.0,inf
uf250,0.009,55,12372,50,200,0.25,198049.06525968667
uf250,0.009,56,12372,15,200,0.075,730811.1726238714
uf250,0.009,57,12372,43,200,0.215,235364.96917965324
uf250,0.009,58,12372,12,200,0.06,920804.7482103067
uf250,0.009,59,12372,30,200,0.15,350575.565056406
uf250,0.009,60,12372,131,200,0.655,53537.477936097144
uf250,0.009,61,12372,165,200,0.825,32688.565068636344
uf250,0.009,62,12372,8,200,0.04,1395697.7411472283
uf250,0.009,63,12372,78,200,0.39,115265.20232208823
uf250,0.009,64,12372,104,200,0.52,77626.1013070733
uf250,0.009,65,12372,7,200,0.035,1599205.1380471156
uf250,0.009,66,12372,30,200,0.15,350575.565056406
uf250,0.009,67,12372,56,200,0.28,173438.23492418032
uf250,0.009,68,12372,52,200,0.26,189220.19888229208
uf250,0.009,69,12372,45,200,0.225,223526.4729469802
uf250,0.009,70,12372,45,200,0.225,223526.4729469802
uf250,0.009,71,12372,1,200,0.005,11366521.726248352
uf250,0.009,72,12372,3,200,0.015,3769785.0284042913
uf250,0.009,73,12372,126,200,0.63,57304.53635215328
uf250,0.009,74,12372,146,200,0.73,43514.63807684299
uf250,0.009,75,12372,61,200,0.305,156592.53488764103
uf250,0.009,76,12372,2,200,0.01,5668981.2531185215
uf250,0.009,77,12372,37,200,0.185,278515.69109142275
uf250,0.009,78,12372,38,200,0.19,270381.96038295724
uf250,0.009,79,12372,37,200,0.185,278515.69109142275
uf250,0.009,80,12372,37,200,0.185,278515.69109142275
uf250,0.009,81,12372,71,200,0.355,129930.49213621036
uf250,0.009,82,12372,9,200,0.045,1237408.6013363912
uf250,0.009,83,12372,33,200,0.165,315960.75074898324
uf250,0.009,84,12372,73,200,0.365,125459.95728323345
uf250,0.009,85,12372,41,200,0.205,248351.7705184245
uf250,0.009,86,12372,13,200,0.065,847734.3471038762
uf250,0.009,87,12372,55,200,0.275,177170.6059213453
uf250,0.009,88,12372,55,200,0.275,177170.6059213453
uf250,0.009,89,12372,177,200,0.885,26342.960830958993
uf250,0.009,90,12372,39,200,0.195,262663.67221121205
uf250,0.009,91,12372,124,200,0.62,58883.945987792074
uf250,0.009,92,12372,105,200,0.525,76534.21255079262
uf250,0.009,93,12372,0,200,0.0,inf
uf250,0.009,94,12372,7,200,0.035,1599205.1380471156
uf250,0.009,95,12372,132,200,0.66,52812.99156015059
uf250,0.009,96,12372,59,200,0.295,162992.26715253384
uf250,0.009,97,12372,19,200,0.095,570777.1405492191
uf250,0.009,98,12372,67,200,0.335,139655.885406151
uf250,0.009,99,12372,25,200,0.125,426679.9321209307
