prefix,thld_delta,thld_max,instance,tau_star_val,succ_trials,total_trials,Ps_hat,TTS_at_tau_star
kRkX_n12,0.0004,28.0,1,53,6,200,0.03,8013.144136461897
kRkX_n12,0.0004,28.0,2,53,0,200,0.0,inf
kRkX_n12,0.0004,28.0,3,53,0,200,0.0,inf
kRkX_n12,0.0004,28.0,4,53,0,200,0.0,inf
kRkX_n12,0.0004,28.0,5,53,2,200,0.01,24285.16055732959
kRkX_n12,0.0004,28.0,6,53,0,200,0.0,inf
kRkX_n12,0.0004,28.0,7,53,6,200,0.03,8013.144136461897
kRkX_n12,0.0004,28.0,8,53,3,200,0.015,16149.256911204931
kRkX_n12,0.0004,28.0,9,53,0,200,0.0,inf
kRkX_n12,0.0004,28.0,10,53,5,200,0.025,9640.40883826991
kRkX_n12,0.0004,28.0,11,53,7,200,0.035,6850.781790858157
kRkX_n12,0.0004,28.0,12,53,0,200,0.0,inf
kRkX_n12,0.0004,28.0,13,53,3,200,0.015,16149.256911204931
kRkX_n12,0.0004,28.0,14,53,2,200,0.01,24285.16055732959
kRkX_n12,0.0004,28.0,15,53,4,200,0.02,12081.253072736035
kRkX_n12,0.0004,28.0,16,53,6,200,0.03,8013.144136461897
kRkX_n12,0.0004,28.0,17,53,0,200,0.0,inf
kRkX_n12,0.0004,28.0,18,53,0,200,0.0,inf
kRkX_n12,0.0004,28.0,19,53,6,200,0.03,8013.144136461897
kRkX_n12,0.0004,28.0,20,53,4,200,0.02,12081.253072736035
kRkX_n12,0.0004,28.0,21,53,7,200,0.035,6850.781790858157
kRkX_n12,0.0004,28.0,22,53,0,200,0.0,inf
kRkX_n12,0.0004,28.0,23,53,0,200,0.0,inf
kRkX_n12,0.0004,28.0,24,53,6,200,0.03,8013.144136461897
kRkX_n12,0.0004,28.0,25,53,5,200,0.025,9640.40883826991
kRkX_n12,0.0004,28.0,26,53,5,200,0.025,9640.40883826991
kRkX_n12,0.0004,28.0,27,53,5,200,0.025,9640.40883826991
kRkX_n12,0.0004,28.0,28,53,3,200,0.015,16149.256911204931
kRkX_n12,0.0004,28.0,29,53,4,200,0.02,12081.253072736035
kRkX_n12,0.0004,28.0,30,53,0,200,0.0,inf
kRkX_n12,0.0004,28.0,31,53,0,200,0.0,inf
kRkX_n12,0.0004,28.0,32,53,0,200,0.0,inf
kRkX_n12,0.0004,28.0,33,53,2,200,0.01,24285.16055732959
kRkX_n12,0.0004,28.0,34,53,7,200,0.035,6850.781790858157
kRkX_n12,0.0004,28.0,35,53,2,200,0.01,24285.16055732959
kRkX_n12,0.0004,28.0,36,53,8,200,0.04,5978.983210540179
kRkX_n12,0.0004,28.0,37,53,6,200,0.03,8013.144136461897
kRkX_n12,0.0004,28.0,38,53,4,200,0.02,12081.253072736035
kRkX_n12,0.0004,28.0,39,53,7,200,0.035,6850.781790858157
kRkX_n12,0.0004,28.0,40,53,7,200,0.035,6850.781790858157
kRkX_n12,0.0004,28.0,41,53,9,200,0.045,5300.893620338566
kRkX_n12,0.0004,28.0,42,53,3,200,0.015,16149.256911204931
kRkX_n12,0.0004,28.0,43,53,0,200,0.0,inf
kRkX_n12,0.0004,28.0,44,53,0,200,0.0,inf
kRkX_n12,0.0004,28.0,45,53,7,200,0.035,6850.781790858157
kRkX_n12,0.0004,28.0,46,53,0,200,0.0,inf
kRkX_n12,0.0004,28.0,47,53,0,200,0.0,inf
kRkX_n12,0.0004,28.0,48,53,6,200,0.03,8013.144136461897
kRkX_n12,0.0004,28.0,49,53,11,200,0.055,4314.521890631026
kRkX_n12,0.0004,28.0,50,53,8,200,0.04,5978.983210540179
kRkX_n12,0.0004,28.0,51,53,3,200,0.015,16149.256911204931
kRkX_n12,0.0004,28.0,52,53,0,200,0.0,inf
kRkX_n12,0.0004,28.0,53,53,2,200,0.01,24285.16055732959
kRkX_n12,0.0004,28.0,54,53,0,200,0.0,inf
kRkX_n12,0.0004,28.0,55,53,0,200,0.0,inf
kRkX_n12,0.0004,28.0,56,53,1,200,0.005,48692.665008985015
kRkX_n12,0.0004,28.0,57,53,0,200,0.0,inf
kRkX_n12,0.0004,28.0,58,53,2,200,0.01,24285.16055732959
kRkX_n12,0.0004,28.0,59,53,0,200,0.0,inf
kRkX_n12,0.0004,28.0,60,53,4,200,0.02,12081.253072736035
kRkX_n12,0.0004,28.0,61,53,9,200,0.045,5300.893620338566
kRkX_n12,0.0004,28.0,62,53,7,200,0.035,6850.781790858157
kRkX_n12,0.0004,28.0,63,53,7,200,0.035,6850.781790858157
kRkX_n12,0.0004,28.0,64,53,0,200,0.0,inf
kRkX_n12,0.0004,28.0,65,53,4,200,0.02,12081.253072736035
kRkX_n12,0.0004,28.0,66,53,10,200,0.05,4758.400152917613
kRkX_n12,0.0004,28.0,67,53,8,200,0.04,5978.983210540179
kRkX_n12,0.0004,28.0,68,53,7,200,0.035,6850.781790858157
kRkX_n12,0.0004,28.0,69,53,0,200,0.0,inf
kRkX_n12,0.0004,28.0,70,53,1,200,0.005,48692.665008985015
kRkX_n12,0.0004,28.0,71,53,4,200,0.02,12081.253072736035
kRkX_n12,0.0004,28.0,72,53,4,200,0.02,12081.253072736035
kRkX_n12,0.0004,28.0,73,53,7,200,0.035,6850.781790858157
kRkX_n12,0.0004,28.0,74,53,0,200,0.0,inf
kRkX_n12,0.0004,28.0,75,53,5,200,0.025,9640.40883826991
kRkX_n12,0.0004,28.0,76,53,0,200,0.0,inf
kRkX_n12,0.0004,28.0,77,53,7,200,0.035,6850.781790858157
kRkX_n12,0.0004,28.0,78,53,3,200,0.015,16149.256911204931
kRkX_n12,0.0004,28.0,79,53,7,200,0.035,6850.781790858157
kRkX_n12,0.0004,28.0,80,53,0,200,0.0,inf
kRkX_n12,0.0004,28.0,81,53,4,200,0.02,12081.253072736035
kRkX_n12,0.0004,28.0,82,53,0,200,0.0,inf
kRkX_n12,0.0004,28.0,83,53,0,200,0.0,inf
kRkX_n12,0.0004,28.0,84,53,0,200,0.0,inf
kRkX_n12,0.0004,28.0,85,53,2,200,0.01,24285.16055732959
kRkX_n12,0.0004,28.0,86,53,0,200,0.0,inf
kRkX_n12,0.0004,28.0,87,53,7,200,0.035,6850.781790858157
kRkX_n12,0.0004,28.0,88,53,6,200,0.03,8013.144136461897
kRkX_n12,0.0004,28.0,89,53,7,200,0.035,6850.781790858157
kRkX_n12,0.0004,28.0,90,53,0,200,0.0,inf
kRkX_n12,0.0004,28.0,91,53,8,200,0.04,5978.983210540179
kRkX_n12,0.0004,28.0,92,53,5,200,0.025,9640.40883826991
kRkX_n12,0.0004,28.0,93,53,0,200,0.0,inf
kRkX_n12,0.0004,28.0,94,53,4,200,0.02,12081.253072736035
kRkX_n12,0.0004,28.0,95,53,6,200,0.03,8013.144136461897
kRkX_n12,0.0004,28.0,96,53,7,200,0.035,6850.781790858157
kRkX_n12,0.0004,28.0,97,53,7,200,0.035,6850.781790858157
kRkX_n12,0.0004,28.0,98,53,0,200,0.0,inf
kRkX_n12,0.0004,28.0,99,53,5,200,0.025,9640.40883826991
kRkX_n12,0.0004,28.0,100,53,10,200,0.05,4758.400152917613
kRkX_n12,0.0006,28.0,1,2700,171,200,0.855,6439.057911445226
kRkX_n12,0.0006,28.0,2,2700,0,200,0.0,inf
kRkX_n12,0.0006,28.0,3,2700,0,200,0.0,inf
kRkX_n12,0.0006,28.0,4,2700,0,200,0.0,inf
kRkX_n12,0.0006,28.0,5,2700,103,200,0.515,17183.319146431502
kRkX_n12,0.0006,28.0,6,2700,0,200,0.0,inf
kRkX_n12,0.0006,28.0,7,2700,128,200,0.64,12170.453990248388
kRkX_n12,0.0006,28.0,8,2700,117,200,0.585,14137.905724558188
kRkX_n12,0.0006,28.0,9,2700,0,200,0.0,inf
kRkX_n12,0.0006,28.0,10,2700,173,200,0.865,6209.278691498776
kRkX_n12,0.0006,28.0,11,2700,165,200,0.825,7133.779961632567
kRkX_n12,0.0006,28.0,12,2700,0,200,0.0,inf
kRkX_n12,0.0006,28.0,13,2700,132,200,0.66,11525.628613999888
kRkX_n12,0.0006,28.0,14,2700,166,200,0.83,7017.078073194903
kRkX_n12,0.0006,28.0,15,2700,126,200,0.63,12505.839650081947
kRkX_n12,0.0006,28.0,16,2700,163,200,0.815,7368.711346564551
kRkX_n12,0.0006,28.0,17,2700,0,200,0.0,inf
kRkX_n12,0.0006,28.0,18,2700,108,200,0.54,16012.232476519035
kRkX_n12,0.0006,28.0,19,2700,154,200,0.77,8460.340752301461
kRkX_n12,0.0006,28.0,20,2700,188,200,0.94,4419.532288014802
kRkX_n12,0.0006,28.0,21,2700,177,200,0.885,5748.948774942553
kRkX_n12,0.0006,28.0,22,2700,0,200,0.0,inf
kRkX_n12,0.0006,28.0,23,2700,0,200,0.0,inf
kRkX_n12,0.0006,28.0,24,2700,173,200,0.865,6209.278691498776
kRkX_n12,0.0006,28.0,25,2700,130,200,0.65,11843.872606614612
kRkX_n12,0.0006,28.0,26,2700,159,200,0.795,7846.030212800727
kRkX_n12,0.0006,28.0,27,2700,111,200,0.555,15356.61519915237
kRkX_n12,0.0006,28.0,28,2700,117,200,0.585,14137.905724558188
kRkX_n12,0.0006,28.0,29,2700,132,200,0.66,11525.628613999888
kRkX_n12,0.0006,28.0,30,2700,0,200,0.0,inf
kRkX_n12,0.0006,28.0,31,2700,0,200,0.0,inf
kRkX_n12,0.0006,28.0,32,2700,0,200,0.0,inf
kRkX_n12,0.0006,28.0,33,2700,122,200,0.61,13205.01989503736
kRkX_n12,0.0006,28.0,34,2700,146,200,0.73,9496.405011920147
kRkX_n12,0.0006,28.0,35,2700,109,200,0.545,15789.999863199546
kRkX_n12,0.0006,28.0,36,2700,174,200,0.87,6094.418470939559
kRkX_n12,0.0006,28.0,37,2700,154,200,0.77,8460.340752301461
kRkX_n12,0.0006,28.0,38,2700,167,200,0.835,6900.816871514938
kRkX_n12,0.0006,28.0,39,2700,166,200,0.83,7017.078073194903
kRkX_n12,0.0006,28.0,40,2700,162,200,0.81,7487.039113309774
kRkX_n12,0.0006,28.0,41,2700,165,200,0.825,7133.779961632567
kRkX_n12,0.0006,28.0,42,2700,115,200,0.575,14531.32168729821
kRkX_n12,0.0006,28.0,43,2700,0,200,0.0,inf
kRkX_n12,0.0006,28.0,44,2700,0,200,0.0,inf
kRkX_n12,0.0006,28.0,45,2700,159,200,0.795,7846.030212800727
kRkX_n12,0.0006,28.0,46,2700,0,200,0.0,inf
kRkX_n12,0.0006,28.0,47,2700,0,200,0.0,inf
kRkX_n12,0.0006,28.0,48,2700,160,200,0.8,7725.653413596321
kRkX_n12,0.0006,28.0,49,2700,169,200,0.845,6669.397811173966
kRkX_n12,0.0006,28.0,50,2700,163,200,0.815,7368.711346564551
kRkX_n12,0.0006,28.0,51,2700,126,200,0.63,12505.839650081947
kRkX_n12,0.0006,28.0,52,2700,0,200,0.0,inf
kRkX_n12,0.0006,28.0,53,2700,116,200,0.58,14333.085147213502
kRkX_n12,0.0006,28.0,54,2700,0,200,0.0,inf
kRkX_n12,0.0006,28.0,55,2700,0,200,0.0,inf
kRkX_n12,0.0006,28.0,56,2700,129,200,0.645,12006.092506452422
kRkX_n12,0.0006,28.0,57,2700,0,200,0.0,inf
kRkX_n12,0.0006,28.0,58,2700,130,200,0.65,11843.872606614612
kRkX_n12,0.0006,28.0,59,2700,0,200,0.0,inf
kRkX_n12,0.0006,28.0,60,2700,112,200,0.56,15145.25462365672
kRkX_n12,0.0006,28.0,61,2700,149,200,0.745,9099.183840194331
kRkX_n12,0.0006,28.0,62,2700,163,200,0.815,7368.711346564551
kRkX_n12,0.0006,28.0,63,2700,181,200,0.905,5282.328759558013
kRkX_n12,0.0006,28.0,64,2700,0,200,0.0,inf
kRkX_n12,0.0006,28.0,65,2700,131,200,0.655,11683.736697984345
kRkX_n12,0.0006,28.0,66,2700,192,200,0.96,3862.826706798162
kRkX_n12,0.0006,28.0,67,2700,174,200,0.87,6094.418470939559
kRkX_n12,0.0006,28.0,68,2700,164,200,0.82,7250.974399366133
kRkX_n12,0.0006,28.0,69,2700,0,200,0.0,inf
kRkX_n12,0.0006,28.0,70,2700,113,200,0.565,14937.315429440512
kRkX_n12,0.0006,28.0,71,2700,148,200,0.74,9230.348705088803
kRkX_n12,0.0006,28.0,72,2700,128,200,0.64,12170.453990248388
kRkX_n12,0.0006,28.0,73,2700,163,200,0.815,7368.711346564551
kRkX_n12,0.0006,28.0,74,2700,0,200,0.0,inf
kRkX_n12,0.0006,28.0,75,2700,154,200,0.77,8460.340752301461
kRkX_n12,0.0006,28.0,76,2700,0,200,0.0,inf
kRkX_n12,0.0006,28.0,77,2700,152,200,0.76,8712.645926190427
kRkX_n12,0.0006,28.0,78,2700,128,200,0.64,12170.453990248388
kRkX_n12,0.0006,28.0,79,2700,159,200,0.795,7846.030212800727
kRkX_n12,0.0006,28.0,80,2700,0,200,0.0,inf
kRkX_n12,0.0006,28.0,81,2700,112,200,0.56,15145.25462365672
kRkX_n12,0.0006,28.0,82,2700,121,200,0.605,13386.120777652486
kRkX_n12,0.0006,28.0,83,2700,0,200,0.0,inf
kRkX_n12,0.0006,28.0,84,2700,0,200,0.0,inf
kRkX_n12,0.0006,28.0,85,2700,125,200,0.625,12676.986808854072
kRkX_n12,0.0006,28.0,86,2700,0,200,0.0,inf
kRkX_n12,0.0006,28.0,87,2700,118,200,0.59,13945.699562663933
kRkX_n12,0.0006,28.0,88,2700,131,200,0.655,11683.736697984345
kRkX_n12,0.0006,28.0,89,2700,161,200,0.805,7606.004583354855
kRkX_n12,0.0006,28.0,90,2700,0,200,0.0,inf
kRkX_n12,0.0006,28.0,91,2700,156,200,0.78,8211.962065163569
kRkX_n12,0.0006,28.0,92,2700,123,200,0.615,13026.510114705125
kRkX_n12,0.0006,28.0,93,2700,0,200,0.0,inf
kRkX_n12,0.0006,28.0,94,2700,166,200,0.83,7017.078073194903
kRkX_n12,0.0006,28.0,95,2700,120,200,0.6,13569.884611553123
kRkX_n12,0.0006,28.0,96,2700,122,200,0.61,13205.01989503736
kRkX_n12,0.0006,28.0,97,2700,160,200,0.8,7725.653413596321
kRkX_n12,0.0006,28.0,98,2700,0,200,0.0,inf
kRkX_n12,0.0006,28.0,99,2700,169,200,0.845,6669.397811173966
kRkX_n12,0.0006,28.0,100,2700,161,200,0.805,7606.004583354855
kRkX_n12,0.0008,28.0,1,231,30,200,0.15,6545.664042032799
kRkX_n12,0.0008,28.0,2,231,0,200,0.0,inf
kRkX_n12,0.0008,28.0,3,231,0,200,0.0,inf
kRkX_n12,0.0008,28.0,4,231,0,200,0.0,inf
kRkX_n12,0.0008,28.0,5,231,11,200,0.055,18804.80295727861
kRkX_n12,0.0008,28.0,6,231,0,200,0.0,inf
kRkX_n12,0.0008,28.0,7,231,18,200,0.09,11279.680296308734
kRkX_n12,0.0008,28.0,8,231,14,200,0.07,14658.73166436968
kRkX_n12,0.0008,28.0,9,231,0,200,0.0,inf
kRkX_n12,0.0008,28.0,10,231,24,200,0.12,8321.726168983892
kRkX_n12,0.0008,28.0,11,231,24,200,0.12,8321.726168983892
kRkX_n12,0.0008,28.0,12,231,0,200,0.0,inf
kRkX_n12,0.0008,28.0,13,231,10,200,0.05,20739.442175923938
kRkX_n12,0.0008,28.0,14,231,22,200,0.11,9128.631903951054
kRkX_n12,0.0008,28.0,15,231,10,200,0.05,20739.442175923938
kRkX_n12,0.0008,28.0,16,231,23,200,0.115,8707.660763798054
kRkX_n12,0.0008,28.0,17,231,0,200,0.0,inf
kRkX_n12,0.0008,28.0,18,231,13,200,0.065,15828.211621483622
kRkX_n12,0.0008,28.0,19,231,36,200,0.18,5360.490203795971
kRkX_n12,0.0008,28.0,20,231,34,200,0.17,5709.207970566932
kRkX_n12,0.0008,28.0,21,231,29,200,0.145,6790.733737373556
kRkX_n12,0.0008,28.0,22,231,0,200,0.0,inf
kRkX_n12,0.0008,28.0,23,231,0,200,0.0,inf
kRkX_n12,0.0008,28.0,24,231,32,200,0.16,6101.368779718092
kRkX_n12,0.0008,28.0,25,231,22,200,0.11,9128.631903951054
kRkX_n12,0.0008,28.0,26,231,22,200,0.11,9128.631903951054
kRkX_n12,0.0008,28.0,27,231,15,200,0.075,13645.11646266685
kRkX_n12,0.0008,28.0,28,231,10,200,0.05,20739.442175923938
kRkX_n12,0.0008,28.0,29,231,12,200,0.06,17192.523184334048
kRkX_n12,0.0008,28.0,30,231,0,200,0.0,inf
kRkX_n12,0.0008,28.0,31,231,0,200,0.0,inf
kRkX_n12,0.0008,28.0,32,231,0,200,0.0,inf
kRkX_n12,0.0008,28.0,33,231,16,200,0.08,12758.140871817966
kRkX_n12,0.0008,28.0,34,231,28,200,0.14,7053.26833901208
kRkX_n12,0.0008,28.0,35,231,13,200,0.065,15828.211621483622
kRkX_n12,0.0008,28.0,36,231,23,200,0.115,8707.660763798054
kRkX_n12,0.0008,28.0,37,231,33,200,0.165,5899.364162868989
kRkX_n12,0.0008,28.0,38,231,26,200,0.13,7638.794492513547
kRkX_n12,0.0008,28.0,39,231,28,200,0.14,7053.26833901208
kRkX_n12,0.0008,28.0,40,231,30,200,0.15,6545.664042032799
kRkX_n12,0.0008,28.0,41,231,19,200,0.095,10657.09016059405
kRkX_n12,0.0008,28.0,42,231,16,200,0.08,12758.140871817966
kRkX_n12,0.0008,28.0,43,231,0,200,0.0,inf
kRkX_n12,0.0008,28.0,44,231,0,200,0.0,inf
kRkX_n12,0.0008,28.0,45,231,27,200,0.135,7335.208755824434
kRkX_n12,0.0008,28.0,46,231,0,200,0.0,inf
kRkX_n12,0.0008,28.0,47,231,0,200,0.0,inf
kRkX_n12,0.0008,28.0,48,231,31,200,0.155,6316.368779225946
kRkX_n12,0.0008,28.0,49,231,39,200,0.195,4904.244122275298
kRkX_n12,0.0008,28.0,50,231,32,200,0.16,6101.368779718092
kRkX_n12,0.0008,28.0,51,231,8,200,0.04,26059.341917637383
kRkX_n12,0.0008,28.0,52,231,0,200,0.0,inf
kRkX_n12,0.0008,28.0,53,231,12,200,0.06,17192.523184334048
kRkX_n12,0.0008,28.0,54,231,0,200,0.0,inf
kRkX_n12,0.0008,28.0,55,231,0,200,0.0,inf
kRkX_n12,0.0008,28.0,56,231,17,200,0.085,11975.456245331285
kRkX_n12,0.0008,28.0,57,231,0,200,0.0,inf
kRkX_n12,0.0008,28.0,58,231,12,200,0.06,17192.523184334048
kRkX_n12,0.0008,28.0,59,231,0,200,0.0,inf
kRkX_n12,0.0008,28.0,60,231,19,200,0.095,10657.09016059405
kRkX_n12,0.0008,28.0,61,231,20,200,0.1,10096.70754097367
kRkX_n12,0.0008,28.0,62,231,28,200,0.14,7053.26833901208
kRkX_n12,0.0008,28.0,63,231,32,200,0.16,6101.368779718092
kRkX_n12,0.0008,28.0,64,231,0,200,0.0,inf
kRkX_n12,0.0008,28.0,65,231,18,200,0.09,11279.680296308734
kRkX_n12,0.0008,28.0,66,231,50,200,0.25,3697.812324198805
kRkX_n12,0.0008,28.0,67,231,33,200,0.165,5899.364162868989
kRkX_n12,0.0008,28.0,68,231,22,200,0.11,9128.631903951054
kRkX_n12,0.0008,28.0,69,231,0,200,0.0,inf
kRkX_n12,0.0008,28.0,70,231,12,200,0.06,17192.523184334048
kRkX_n12,0.0008,28.0,71,231,19,200,0.095,10657.09016059405
kRkX_n12,0.0008,28.0,72,231,16,200,0.08,12758.140871817966
kRkX_n12,0.0008,28.0,73,231,20,200,0.1,10096.70754097367
kRkX_n12,0.0008,28.0,74,231,0,200,0.0,inf
kRkX_n12,0.0008,28.0,75,231,27,200,0.135,7335.208755824434
kRkX_n12,0.0008,28.0,76,231,0,200,0.0,inf
kRkX_n12,0.0008,28.0,77,231,31,200,0.155,6316.368779225946
kRkX_n12,0.0008,28.0,78,231,17,200,0.085,11975.456245331285
kRkX_n12,0.0008,28.0,79,231,30,200,0.15,6545.664042032799
kRkX_n12,0.0008,28.0,80,231,0,200,0.0,inf
kRkX_n12,0.0008,28.0,81,231,12,200,0.06,17192.523184334048
kRkX_n12,0.0008,28.0,82,231,10,200,0.05,20739.442175923938
kRkX_n12,0.0008,28.0,83,231,0,200,0.0,inf
kRkX_n12,0.0008,28.0,84,231,0,200,0.0,inf
kRkX_n12,0.0008,28.0,85,231,16,200,0.08,12758.140871817966
kRkX_n12,0.0008,28.0,86,231,0,200,0.0,inf
kRkX_n12,0.0008,28.0,87,231,9,200,0.045,23103.89483581526
kRkX_n12,0.0008,28.0,88,231,17,200,0.085,11975.456245331285
kRkX_n12,0.0008,28.0,89,231,31,200,0.155,6316.368779225946
kRkX_n12,0.0008,28.0,90,231,0,200,0.0,inf
kRkX_n12,0.0008,28.0,91,231,21,200,0.105,9589.645238746023
kRkX_n12,0.0008,28.0,92,231,18,200,0.09,11279.680296308734
kRkX_n12,0.0008,28.0,93,231,0,200,0.0,inf
kRkX_n12,0.0008,28.0,94,231,22,200,0.11,9128.631903951054
kRkX_n12,0.0008,28.0,95,231,12,200,0.06,17192.523184334048
kRkX_n12,0.0008,28.0,96,231,21,200,0.105,9589.645238746023
kRkX_n12,0.0008,28.0,97,231,26,200,0.13,7638.794492513547
kRkX_n12,0.0008,28.0,98,231,0,200,0.0,inf
kRkX_n12,0.0008,28.0,99,231,32,200,0.16,6101.368779718092
kRkX_n12,0.0008,28.0,100,231,21,200,0.105,9589.645238746023
kRkX_n12,0.002,28.0,1,938,97,200,0.485,6509.531775410613
kRkX_n12,0.002,28.0,2,938,0,200,0.0,inf
kRkX_n12,0.002,28.0,3,938,0,200,0.0,inf
kRkX_n12,0.002,28.0,4,938,0,200,0.0,inf
kRkX_n12,0.002,28.0,5,938,46,200,0.23,16527.28380875181
kRkX_n12,0.002,28.0,6,938,0,200,0.0,inf
kRkX_n12,0.002,28.0,7,938,67,200,0.335,10588.200817246172
kRkX_n12,0.002,28.0,8,938,47,200,0.235,16125.349341184825
kRkX_n12,0.002,28.0,9,938,0,200,0.0,inf
kRkX_n12,0.002,28.0,10,938,93,200,0.465,6906.041298710826
kRkX_n12,0.002,28.0,11,938,89,200,0.445,7336.521394326916
kRkX_n12,0.002,28.0,12,938,0,200,0.0,inf
kRkX_n12,0.002,28.0,13,938,54,200,0.27,13725.777417155135
kRkX_n12,0.002,28.0,14,938,88,200,0.44,7450.003181723981
kRkX_n12,0.002,28.0,15,938,58,200,0.29,12612.472591532847
kRkX_n12,0.002,28.0,16,938,97,200,0.485,6509.531775410613
kRkX_n12,0.002,28.0,17,938,0,200,0.0,inf
kRkX_n12,0.002,28.0,18,938,45,200,0.225,16946.96343552113
kRkX_n12,0.002,28.0,19,938,77,200,0.385,8885.736074599394
kRkX_n12,0.002,28.0,20,938,109,200,0.545,5485.562915437473
kRkX_n12,0.002,28.0,21,938,101,200,0.505,6142.868160980649
kRkX_n12,0.002,28.0,22,938,0,200,0.0,inf
kRkX_n12,0.002,28.0,23,938,0,200,0.0,inf
kRkX_n12,0.002,28.0,24,938,103,200,0.515,5969.612355315833
kRkX_n12,0.002,28.0,25,938,57,200,0.285,12876.306081537394
kRkX_n12,0.002,28.0,26,938,95,200,0.475,6703.814072909701
kRkX_n12,0.002,28.0,27,938,50,200,0.25,15015.359134625452
kRkX_n12,0.002,28.0,28,938,59,200,0.295,12357.480325660908
kRkX_n12,0.002,28.0,29,938,57,200,0.285,12876.306081537394
kRkX_n12,0.002,28.0,30,938,0,200,0.0,inf
kRkX_n12,0.002,28.0,31,938,0,200,0.0,inf
kRkX_n12,0.002,28.0,32,938,0,200,0.0,inf
kRkX_n12,0.002,28.0,33,938,45,200,0.225,16946.96343552113
kRkX_n12,0.002,28.0,34,938,78,200,0.39,8738.988019569897
kRkX_n12,0.002,28.0,35,938,55,200,0.275,13432.430355174742
kRkX_n12,0.002,28.0,36,938,80,200,0.4,8456.211735446657
kRkX_n12,0.002,28.0,37,938,84,200,0.42,7929.93232062344
kRkX_n12,0.002,28.0,38,938,94,200,0.47,6803.902136834407
kRkX_n12,0.002,28.0,39,938,97,200,0.485,6509.531775410613
kRkX_n12,0.002,28.0,40,938,88,200,0.44,7450.003181723981
kRkX_n12,0.002,28.0,41,938,84,200,0.42,7929.93232062344
kRkX_n12,0.002,28.0,42,938,50,200,0.25,15015.359134625452
kRkX_n12,0.002,28.0,43,938,0,200,0.0,inf
kRkX_n12,0.002,28.0,44,938,0,200,0.0,inf
kRkX_n12,0.002,28.0,45,938,93,200,0.465,6906.041298710826
kRkX_n12,0.002,28.0,46,938,0,200,0.0,inf
kRkX_n12,0.002,28.0,47,938,0,200,0.0,inf
kRkX_n12,0.002,28.0,48,938,100,200,0.5,6231.937106008691
kRkX_n12,0.002,28.0,49,938,126,200,0.63,4344.621330287729
kRkX_n12,0.002,28.0,50,938,75,200,0.375,9190.672934566544
kRkX_n12,0.002,28.0,51,938,53,200,0.265,14030.085013275306
kRkX_n12,0.002,28.0,52,938,0,200,0.0,inf
kRkX_n12,0.002,28.0,53,938,38,200,0.19,20499.375916522305
kRkX_n12,0.002,28.0,54,938,0,200,0.0,inf
kRkX_n12,0.002,28.0,55,938,0,200,0.0,inf
kRkX_n12,0.002,28.0,56,938,57,200,0.285,12876.306081537394
kRkX_n12,0.002,28.0,57,938,0,200,0.0,inf
kRkX_n12,0.002,28.0,58,938,52,200,0.26,14345.98662718962
kRkX_n12,0.002,28.0,59,938,0,200,0.0,inf
kRkX_n12,0.002,28.0,60,938,58,200,0.29,12612.472591532847
kRkX_n12,0.002,28.0,61,938,84,200,0.42,7929.93232062344
kRkX_n12,0.002,28.0,62,938,86,200,0.43,7684.58327046899
kRkX_n12,0.002,28.0,63,938,93,200,0.465,6906.041298710826
kRkX_n12,0.002,28.0,64,938,0,200,0.0,inf
kRkX_n12,0.002,28.0,65,938,54,200,0.27,13725.777417155135
kRkX_n12,0.002,28.0,66,938,121,200,0.605,4650.437514606679
kRkX_n12,0.002,28.0,67,938,105,200,0.525,5802.545374445804
kRkX_n12,0.002,28.0,68,938,77,200,0.385,8885.736074599394
kRkX_n12,0.002,28.0,69,938,0,200,0.0,inf
kRkX_n12,0.002,28.0,70,938,44,200,0.22,17385.5993006431
kRkX_n12,0.002,28.0,71,938,87,200,0.435,7565.994177095825
kRkX_n12,0.002,28.0,72,938,57,200,0.285,12876.306081537394
kRkX_n12,0.002,28.0,73,938,95,200,0.475,6703.814072909701
kRkX_n12,0.002,28.0,74,938,0,200,0.0,inf
kRkX_n12,0.002,28.0,75,938,99,200,0.495,6322.701336094846
kRkX_n12,0.002,28.0,76,938,0,200,0.0,inf
kRkX_n12,0.002,28.0,77,938,90,200,0.45,7225.463845491533
kRkX_n12,0.002,28.0,78,938,72,200,0.36,9679.082386688167
kRkX_n12,0.002,28.0,79,938,84,200,0.42,7929.93232062344
kRkX_n12,0.002,28.0,80,938,0,200,0.0,inf
kRkX_n12,0.002,28.0,81,938,45,200,0.225,16946.96343552113
kRkX_n12,0.002,28.0,82,938,55,200,0.275,13432.430355174742
kRkX_n12,0.002,28.0,83,938,0,200,0.0,inf
kRkX_n12,0.002,28.0,84,938,0,200,0.0,inf
kRkX_n12,0.002,28.0,85,938,57,200,0.285,12876.306081537394
kRkX_n12,0.002,28.0,86,938,0,200,0.0,inf
kRkX_n12,0.002,28.0,87,938,33,200,0.165,23954.99387346801
kRkX_n12,0.002,28.0,88,938,59,200,0.295,12357.480325660908
kRkX_n12,0.002,28.0,89,938,99,200,0.495,6322.701336094846
kRkX_n12,0.002,28.0,90,938,0,200,0.0,inf
kRkX_n12,0.002,28.0,91,938,82,200,0.41,8186.849090162157
kRkX_n12,0.002,28.0,92,938,58,200,0.29,12612.472591532847
kRkX_n12,0.002,28.0,93,938,0,200,0.0,inf
kRkX_n12,0.002,28.0,94,938,92,200,0.46,7010.299904662
kRkX_n12,0.002,28.0,95,938,44,200,0.22,17385.5993006431
kRkX_n12,0.002,28.0,96,938,60,200,0.3,12110.886138384963
kRkX_n12,0.002,28.0,97,938,102,200,0.51,6055.443069192484
kRkX_n12,0.002,28.0,98,938,0,200,0.0,inf
kRkX_n12,0.002,28.0,99,938,94,200,0.47,6803.902136834407
kRkX_n12,0.002,28.0,100,938,93,200,0.465,6906.041298710826
kRkX_n12,0.004,28.0,1,65,7,200,0.035,8401.902196335475
kRkX_n12,0.004,28.0,2,65,0,200,0.0,inf
kRkX_n12,0.004,28.0,3,65,0,200,0.0,inf
kRkX_n12,0.004,28.0,4,65,0,200,0.0,inf
kRkX_n12,0.004,28.0,5,65,2,200,0.01,29783.687475970248
kRkX_n12,0.004,28.0,6,65,0,200,0.0,inf
kRkX_n12,0.004,28.0,7,65,4,200,0.02,14816.63112694042
kRkX_n12,0.004,28.0,8,65,7,200,0.035,8401.902196335475
kRkX_n12,0.004,28.0,9,65,0,200,0.0,inf
kRkX_n12,0.004,28.0,10,65,9,200,0.045,6501.095949471825
kRkX_n12,0.004,28.0,11,65,6,200,0.03,9827.44092207591
kRkX_n12,0.004,28.0,12,65,0,200,0.0,inf
kRkX_n12,0.004,28.0,13,65,7,200,0.035,8401.902196335475
kRkX_n12,0.004,28.0,14,65,7,200,0.035,8401.902196335475
kRkX_n12,0.004,28.0,15,65,4,200,0.02,14816.63112694042
kRkX_n12,0.004,28.0,16,65,8,200,0.04,7332.715258209653
kRkX_n12,0.004,28.0,17,65,0,200,0.0,inf
kRkX_n12,0.004,28.0,18,65,3,200,0.015,19805.6924382702
kRkX_n12,0.004,28.0,19,65,9,200,0.045,6501.095949471825
kRkX_n12,0.004,28.0,20,65,7,200,0.035,8401.902196335475
kRkX_n12,0.004,28.0,21,65,7,200,0.035,8401.902196335475
kRkX_n12,0.004,28.0,22,65,0,200,0.0,inf
kRkX_n12,0.004,28.0,23,65,0,200,0.0,inf
kRkX_n12,0.004,28.0,24,65,4,200,0.02,14816.63112694042
kRkX_n12,0.004,28.0,25,65,7,200,0.035,8401.902196335475
kRkX_n12,0.004,28.0,26,65,9,200,0.045,6501.095949471825
kRkX_n12,0.004,28.0,27,65,6,200,0.03,9827.44092207591
kRkX_n12,0.004,28.0,28,65,7,200,0.035,8401.902196335475
kRkX_n12,0.004,28.0,29,65,8,200,0.04,7332.715258209653
kRkX_n12,0.004,28.0,30,65,0,200,0.0,inf
kRkX_n12,0.004,28.0,31,65,0,200,0.0,inf
kRkX_n12,0.004,28.0,32,65,0,200,0.0,inf
kRkX_n12,0.004,28.0,33,65,8,200,0.04,7332.715258209653
kRkX_n12,0.004,28.0,34,65,3,200,0.015,19805.6924382702
kRkX_n12,0.004,28.0,35,65,5,200,0.025,11823.142914859323
kRkX_n12,0.004,28.0,36,65,17,200,0.085,3369.7171253096685
kRkX_n12,0.004,28.0,37,65,9,200,0.045,6501.095949471825
kRkX_n12,0.004,28.0,38,65,10,200,0.05,5835.7737724461285
kRkX_n12,0.004,28.0,39,65,2,200,0.01,29783.687475970248
kRkX_n12,0.004,28.0,40,65,7,200,0.035,8401.902196335475
kRkX_n12,0.004,28.0,41,65,6,200,0.03,9827.44092207591
kRkX_n12,0.004,28.0,42,65,6,200,0.03,9827.44092207591
kRkX_n12,0.004,28.0,43,65,0,200,0.0,inf
kRkX_n12,0.004,28.0,44,65,0,200,0.0,inf
kRkX_n12,0.004,28.0,45,65,6,200,0.03,9827.44092207591
kRkX_n12,0.004,28.0,46,65,0,200,0.0,inf
kRkX_n12,0.004,28.0,47,65,0,200,0.0,inf
kRkX_n12,0.004,28.0,48,65,4,200,0.02,14816.63112694042
kRkX_n12,0.004,28.0,49,65,11,200,0.055,5291.394771528615
kRkX_n12,0.004,28.0,50,65,11,200,0.055,5291.394771528615
kRkX_n12,0.004,28.0,51,65,6,200,0.03,9827.44092207591
kRkX_n12,0.004,28.0,52,65,0,200,0.0,inf
kRkX_n12,0.004,28.0,53,65,3,200,0.015,19805.6924382702
kRkX_n12,0.004,28.0,54,65,0,200,0.0,inf
kRkX_n12,0.004,28.0,55,65,0,200,0.0,inf
kRkX_n12,0.004,28.0,56,65,7,200,0.035,8401.902196335475
kRkX_n12,0.004,28.0,57,65,0,200,0.0,inf
kRkX_n12,0.004,28.0,58,65,2,200,0.01,29783.687475970248
kRkX_n12,0.004,28.0,59,65,0,200,0.0,inf
kRkX_n12,0.004,28.0,60,65,7,200,0.035,8401.902196335475
kRkX_n12,0.004,28.0,61,65,13,200,0.065,4453.82578093695
kRkX_n12,0.004,28.0,62,65,9,200,0.045,6501.095949471825
kRkX_n12,0.004,28.0,63,65,8,200,0.04,7332.715258209653
kRkX_n12,0.004,28.0,64,65,0,200,0.0,inf
kRkX_n12,0.004,28.0,65,65,5,200,0.025,11823.142914859323
kRkX_n12,0.004,28.0,66,65,10,200,0.05,5835.7737724461285
kRkX_n12,0.004,28.0,67,65,7,200,0.035,8401.902196335475
kRkX_n12,0.004,28.0,68,65,8,200,0.04,7332.715258209653
kRkX_n12,0.004,28.0,69,65,0,200,0.0,inf
kRkX_n12,0.004,28.0,70,65,6,200,0.03,9827.44092207591
kRkX_n12,0.004,28.0,71,65,7,200,0.035,8401.902196335475
kRkX_n12,0.004,28.0,72,65,4,200,0.02,14816.63112694042
kRkX_n12,0.004,28.0,73,65,13,200,0.065,4453.82578093695
kRkX_n12,0.004,28.0,74,65,0,200,0.0,inf
kRkX_n12,0.004,28.0,75,65,13,200,0.065,4453.82578093695
kRkX_n12,0.004,28.0,76,65,0,200,0.0,inf
kRkX_n12,0.004,28.0,77,65,7,200,0.035,8401.902196335475
kRkX_n12,0.004,28.0,78,65,2,200,0.01,29783.687475970248
kRkX_n12,0.004,28.0,79,65,7,200,0.035,8401.902196335475
kRkX_n12,0.004,28.0,80,65,0,200,0.0,inf
kRkX_n12,0.004,28.0,81,65,8,200,0.04,7332.715258209653
kRkX_n12,0.004,28.0,82,65,1,200,0.005,59717.419350642
kRkX_n12,0.004,28.0,83,65,0,200,0.0,inf
kRkX_n12,0.004,28.0,84,65,0,200,0.0,inf
kRkX_n12,0.004,28.0,85,65,5,200,0.025,11823.142914859323
kRkX_n12,0.004,28.0,86,65,0,200,0.0,inf
kRkX_n12,0.004,28.0,87,65,2,200,0.01,29783.687475970248
kRkX_n12,0.004,28.0,88,65,4,200,0.02,14816.63112694042
kRkX_n12,0.004,28.0,89,65,7,200,0.035,8401.902196335475
kRkX_n12,0.004,28.0,90,65,0,200,0.0,inf
kRkX_n12,0.004,28.0,91,65,7,200,0.035,8401.902196335475
kRkX_n12,0.004,28.0,92,65,2,200,0.01,29783.687475970248
kRkX_n12,0.004,28.0,93,65,0,200,0.0,inf
kRkX_n12,0.004,28.0,94,65,7,200,0.035,8401.902196335475
kRkX_n12,0.004,28.0,95,65,5,200,0.025,11823.142914859323
kRkX_n12,0.004,28.0,96,65,4,200,0.02,14816.63112694042
kRkX_n12,0.004,28.0,97,65,14,200,0.07,4124.751334129996
kRkX_n12,0.004,28.0,98,65,0,200,0.0,inf
kRkX_n12,0.004,28.0,99,65,7,200,0.035,8401.902196335475
kRkX_n12,0.004,28.0,100,65,8,200,0.04,7332.715258209653
kRkX_n12,0.006,28.0,1,280,30,200,0.15,7934.138232767029
kRkX_n12,0.006,28.0,2,280,0,200,0.0,inf
kRkX_n12,0.006,28.0,3,280,0,200,0.0,inf
kRkX_n12,0.006,28.0,4,280,0,200,0.0,inf
kRkX_n12,0.006,28.0,5,280,20,200,0.1,12238.433382998388
kRkX_n12,0.006,28.0,6,280,0,200,0.0,inf
kRkX_n12,0.006,28.0,7,280,19,200,0.095,12917.685043144304
kRkX_n12,0.006,28.0,8,280,14,200,0.07,17768.15959317537
kRkX_n12,0.006,28.0,9,280,0,200,0.0,inf
kRkX_n12,0.006,28.0,10,280,32,200,0.16,7395.598520870415
kRkX_n12,0.006,28.0,11,280,31,200,0.155,7656.204580879935
kRkX_n12,0.006,28.0,12,280,0,200,0.0,inf
kRkX_n12,0.006,28.0,13,280,22,200,0.11,11065.00836842552
kRkX_n12,0.006,28.0,14,280,32,200,0.16,7395.598520870415
kRkX_n12,0.006,28.0,15,280,25,200,0.125,9656.513174414857
kRkX_n12,0.006,28.0,16,280,34,200,0.17,6920.252085535675
kRkX_n12,0.006,28.0,17,280,0,200,0.0,inf
kRkX_n12,0.006,28.0,18,280,19,200,0.095,12917.685043144304
kRkX_n12,0.006,28.0,19,280,32,200,0.16,7395.598520870415
kRkX_n12,0.006,28.0,20,280,35,200,0.175,6702.890086129829
kRkX_n12,0.006,28.0,21,280,41,200,0.205,5620.634961619695
kRkX_n12,0.006,28.0,22,280,0,200,0.0,inf
kRkX_n12,0.006,28.0,23,280,0,200,0.0,inf
kRkX_n12,0.006,28.0,24,280,34,200,0.17,6920.252085535675
kRkX_n12,0.006,28.0,25,280,23,200,0.115,10554.740319755216
kRkX_n12,0.006,28.0,26,280,31,200,0.155,7656.204580879935
kRkX_n12,0.006,28.0,27,280,16,200,0.08,15464.41317796117
kRkX_n12,0.006,28.0,28,280,24,200,0.12,10086.940810889566
kRkX_n12,0.006,28.0,29,280,16,200,0.08,15464.41317796117
kRkX_n12,0.006,28.0,30,280,0,200,0.0,inf
kRkX_n12,0.006,28.0,31,280,0,200,0.0,inf
kRkX_n12,0.006,28.0,32,280,0,200,0.0,inf
kRkX_n12,0.006,28.0,33,280,17,200,0.085,14515.704539795495
kRkX_n12,0.006,28.0,34,280,35,200,0.175,6702.890086129829
kRkX_n12,0.006,28.0,35,280,20,200,0.1,12238.433382998388
kRkX_n12,0.006,28.0,36,280,38,200,0.19,6119.216691499195
kRkX_n12,0.006,28.0,37,280,36,200,0.18,6497.563883389055
kRkX_n12,0.006,28.0,38,280,40,200,0.2,5778.556648769056
kRkX_n12,0.006,28.0,39,280,35,200,0.175,6702.890086129829
kRkX_n12,0.006,28.0,40,280,33,200,0.165,7150.744439841199
kRkX_n12,0.006,28.0,41,280,35,200,0.175,6702.890086129829
kRkX_n12,0.006,28.0,42,280,15,200,0.075,16539.53510626285
kRkX_n12,0.006,28.0,43,280,0,200,0.0,inf
kRkX_n12,0.006,28.0,44,280,0,200,0.0,inf
kRkX_n12,0.006,28.0,45,280,26,200,0.13,9259.14483941036
kRkX_n12,0.006,28.0,46,280,0,200,0.0,inf
kRkX_n12,0.006,28.0,47,280,0,200,0.0,inf
kRkX_n12,0.006,28.0,48,280,27,200,0.135,8891.16212827204
kRkX_n12,0.006,28.0,49,280,39,200,0.195,5944.538330030663
kRkX_n12,0.006,28.0,50,280,35,200,0.175,6702.890086129829
kRkX_n12,0.006,28.0,51,280,15,200,0.075,16539.53510626285
kRkX_n12,0.006,28.0,52,280,0,200,0.0,inf
kRkX_n12,0.006,28.0,53,280,11,200,0.055,22793.700554277115
kRkX_n12,0.006,28.0,54,280,0,200,0.0,inf
kRkX_n12,0.006,28.0,55,280,0,200,0.0,inf
kRkX_n12,0.006,28.0,56,280,22,200,0.11,11065.00836842552
kRkX_n12,0.006,28.0,57,280,0,200,0.0,inf
kRkX_n12,0.006,28.0,58,280,13,200,0.065,19185.711056343785
kRkX_n12,0.006,28.0,59,280,0,200,0.0,inf
kRkX_n12,0.006,28.0,60,280,22,200,0.11,11065.00836842552
kRkX_n12,0.006,28.0,61,280,23,200,0.115,10554.740319755216
kRkX_n12,0.006,28.0,62,280,29,200,0.145,8231.192408937644
kRkX_n12,0.006,28.0,63,280,40,200,0.2,5778.556648769056
kRkX_n12,0.006,28.0,64,280,0,200,0.0,inf
kRkX_n12,0.006,28.0,65,280,17,200,0.085,14515.704539795495
kRkX_n12,0.006,28.0,66,280,53,200,0.265,4188.085078589644
kRkX_n12,0.006,28.0,67,280,33,200,0.165,7150.744439841199
kRkX_n12,0.006,28.0,68,280,31,200,0.155,7656.204580879935
kRkX_n12,0.006,28.0,69,280,0,200,0.0,inf
kRkX_n12,0.006,28.0,70,280,14,200,0.07,17768.15959317537
kRkX_n12,0.006,28.0,71,280,27,200,0.135,8891.16212827204
kRkX_n12,0.006,28.0,72,280,22,200,0.11,11065.00836842552
kRkX_n12,0.006,28.0,73,280,46,200,0.23,4933.517554851287
kRkX_n12,0.006,28.0,74,280,0,200,0.0,inf
kRkX_n12,0.006,28.0,75,280,33,200,0.165,7150.744439841199
kRkX_n12,0.006,28.0,76,280,0,200,0.0,inf
kRkX_n12,0.006,28.0,77,280,32,200,0.16,7395.598520870415
kRkX_n12,0.006,28.0,78,280,25,200,0.125,9656.513174414857
kRkX_n12,0.006,28.0,79,280,29,200,0.145,8231.192408937644
kRkX_n12,0.006,28.0,80,280,0,200,0.0,inf
kRkX_n12,0.006,28.0,81,280,22,200,0.11,11065.00836842552
kRkX_n12,0.006,28.0,82,280,22,200,0.11,11065.00836842552
kRkX_n12,0.006,28.0,83,280,0,200,0.0,inf
kRkX_n12,0.006,28.0,84,280,0,200,0.0,inf
kRkX_n12,0.006,28.0,85,280,23,200,0.115,10554.740319755216
kRkX_n12,0.006,28.0,86,280,0,200,0.0,inf
kRkX_n12,0.006,28.0,87,280,13,200,0.065,19185.711056343785
kRkX_n12,0.006,28.0,88,280,21,200,0.105,11623.81241060124
kRkX_n12,0.006,28.0,89,280,45,200,0.225,5058.795055379442
kRkX_n12,0.006,28.0,90,280,0,200,0.0,inf
kRkX_n12,0.006,28.0,91,280,24,200,0.12,10086.940810889566
kRkX_n12,0.006,28.0,92,280,25,200,0.125,9656.513174414857
kRkX_n12,0.006,28.0,93,280,0,200,0.0,inf
kRkX_n12,0.006,28.0,94,280,29,200,0.145,8231.192408937644
kRkX_n12,0.006,28.0,95,280,11,200,0.055,22793.700554277115
kRkX_n12,0.006,28.0,96,280,16,200,0.08,15464.41317796117
kRkX_n12,0.006,28.0,97,280,32,200,0.16,7395.598520870415
kRkX_n12,0.006,28.0,98,280,0,200,0.0,inf
kRkX_n12,0.006,28.0,99,280,31,200,0.155,7656.204580879935
kRkX_n12,0.006,28.0,100,280,45,200,0.225,5058.795055379442
kRkX_n12,0.008,28.0,1,60,10,200,0.05,5386.868097642581
kRkX_n12,0.008,28.0,2,60,0,200,0.0,inf
kRkX_n12,0.008,28.0,3,60,0,200,0.0,inf
kRkX_n12,0.008,28.0,4,60,0,200,0.0,inf
kRkX_n12,0.008,28.0,5,60,5,200,0.025,10913.670382947068
kRkX_n12,0.008,28.0,6,60,0,200,0.0,inf
kRkX_n12,0.008,28.0,7,60,5,200,0.025,10913.670382947068
kRkX_n12,0.008,28.0,8,60,3,200,0.015,18282.17763532634
kRkX_n12,0.008,28.0,9,60,0,200,0.0,inf
kRkX_n12,0.008,28.0,10,60,8,200,0.04,6768.660238347373
kRkX_n12,0.008,28.0,11,60,7,200,0.035,7755.602027386594
kRkX_n12,0.008,28.0,12,60,0,200,0.0,inf
kRkX_n12,0.008,28.0,13,60,7,200,0.035,7755.602027386594
kRkX_n12,0.008,28.0,14,60,0,200,0.0,inf
kRkX_n12,0.008,28.0,15,60,7,200,0.035,7755.602027386594
kRkX_n12,0.008,28.0,16,60,13,200,0.065,4111.223797787954
kRkX_n12,0.008,28.0,17,60,0,200,0.0,inf
kRkX_n12,0.008,28.0,18,60,2,200,0.01,27492.634593203307
kRkX_n12,0.008,28.0,19,60,7,200,0.035,7755.602027386594
kRkX_n12,0.008,28.0,20,60,8,200,0.04,6768.660238347373
kRkX_n12,0.008,28.0,21,60,5,200,0.025,10913.670382947068
kRkX_n12,0.008,28.0,22,60,0,200,0.0,inf
kRkX_n12,0.008,28.0,23,60,0,200,0.0,inf
kRkX_n12,0.008,28.0,24,60,5,200,0.025,10913.670382947068
kRkX_n12,0.008,28.0,25,60,5,200,0.025,10913.670382947068
kRkX_n12,0.008,28.0,26,60,7,200,0.035,7755.602027386594
kRkX_n12,0.008,28.0,27,60,6,200,0.03,9071.483928070073
kRkX_n12,0.008,28.0,28,60,5,200,0.025,10913.670382947068
kRkX_n12,0.008,28.0,29,60,5,200,0.025,10913.670382947068
kRkX_n12,0.008,28.0,30,60,0,200,0.0,inf
kRkX_n12,0.008,28.0,31,60,0,200,0.0,inf
kRkX_n12,0.008,28.0,32,60,0,200,0.0,inf
kRkX_n12,0.008,28.0,33,60,4,200,0.02,13676.890271021926
kRkX_n12,0.008,28.0,34,60,5,200,0.025,10913.670382947068
kRkX_n12,0.008,28.0,35,60,6,200,0.03,9071.483928070073
kRkX_n12,0.008,28.0,36,60,6,200,0.03,9071.483928070073
kRkX_n12,0.008,28.0,37,60,3,200,0.015,18282.17763532634
kRkX_n12,0.008,28.0,38,60,7,200,0.035,7755.602027386594
kRkX_n12,0.008,28.0,39,60,8,200,0.04,6768.660238347373
kRkX_n12,0.008,28.0,40,60,6,200,0.03,9071.483928070073
kRkX_n12,0.008,28.0,41,60,11,200,0.055,4884.364404487953
kRkX_n12,0.008,28.0,42,60,1,200,0.005,55123.77170828493
kRkX_n12,0.008,28.0,43,60,0,200,0.0,inf
kRkX_n12,0.008,28.0,44,60,0,200,0.0,inf
kRkX_n12,0.008,28.0,45,60,10,200,0.05,5386.868097642581
kRkX_n12,0.008,28.0,46,60,0,200,0.0,inf
kRkX_n12,0.008,28.0,47,60,0,200,0.0,inf
kRkX_n12,0.008,28.0,48,60,5,200,0.025,10913.670382947068
kRkX_n12,0.008,28.0,49,60,11,200,0.055,4884.364404487953
kRkX_n12,0.008,28.0,50,60,5,200,0.025,10913.670382947068
kRkX_n12,0.008,28.0,51,60,5,200,0.025,10913.670382947068
kRkX_n12,0.008,28.0,52,60,0,200,0.0,inf
kRkX_n12,0.008,28.0,53,60,4,200,0.02,13676.890271021926
kRkX_n12,0.008,28.0,54,60,0,200,0.0,inf
kRkX_n12,0.008,28.0,55,60,0,200,0.0,inf
kRkX_n12,0.008,28.0,56,60,6,200,0.03,9071.483928070073
kRkX_n12,0.008,28.0,57,60,0,200,0.0,inf
kRkX_n12,0.008,28.0,58,60,5,200,0.025,10913.670382947068
kRkX_n12,0.008,28.0,59,60,0,200,0.0,inf
kRkX_n12,0.008,28.0,60,60,0,200,0.0,inf
kRkX_n12,0.008,28.0,61,60,11,200,0.055,4884.364404487953
kRkX_n12,0.008,28.0,62,60,6,200,0.03,9071.483928070073
kRkX_n12,0.008,28.0,63,60,12,200,0.06,4465.590437489364
kRkX_n12,0.008,28.0,64,60,0,200,0.0,inf
kRkX_n12,0.008,28.0,65,60,4,200,0.02,13676.890271021926
kRkX_n12,0.008,28.0,66,60,16,200,0.08,3313.8028238488228
kRkX_n12,0.008,28.0,67,60,9,198,0.0454545454545454,5939.598415612659
kRkX_n12,0.008,28.0,68,60,12,200,0.06,4465.590437489364
kRkX_n12,0.008,28.0,69,60,0,200,0.0,inf
kRkX_n12,0.008,28.0,70,60,5,200,0.025,10913.670382947068
kRkX_n12,0.008,28.0,71,60,8,200,0.04,6768.660238347373
kRkX_n12,0.008,28.0,72,60,6,200,0.03,9071.483928070073
kRkX_n12,0.008,28.0,73,60,10,200,0.05,5386.868097642581
kRkX_n12,0.008,28.0,74,60,0,200,0.0,inf
kRkX_n12,0.008,28.0,75,60,8,200,0.04,6768.660238347373
kRkX_n12,0.008,28.0,76,60,0,200,0.0,inf
kRkX_n12,0.008,28.0,77,60,6,200,0.03,9071.483928070073
kRkX_n12,0.008,28.0,78,60,4,200,0.02,13676.890271021926
kRkX_n12,0.008,28.0,79,60,5,200,0.025,10913.670382947068
kRkX_n12,0.008,28.0,80,60,0,200,0.0,inf
kRkX_n12,0.008,28.0,81,60,7,200,0.035,7755.602027386594
kRkX_n12,0.008,28.0,82,60,1,200,0.005,55123.77170828493
kRkX_n12,0.008,28.0,83,60,0,200,0.0,inf
kRkX_n12,0.008,28.0,84,60,0,200,0.0,inf
kRkX_n12,0.008,28.0,85,60,1,200,0.005,55123.77170828493
kRkX_n12,0.008,28.0,86,60,0,200,0.0,inf
kRkX_n12,0.008,28.0,87,60,2,200,0.01,27492.634593203307
kRkX_n12,0.008,28.0,88,60,8,200,0.04,6768.660238347373
kRkX_n12,0.008,28.0,89,60,4,200,0.02,13676.890271021926
kRkX_n12,0.008,28.0,90,60,0,200,0.0,inf
kRkX_n12,0.008,28.0,91,60,4,200,0.02,13676.890271021926
kRkX_n12,0.008,28.0,92,60,4,199,0.0201005025125628,13607.810356775935
kRkX_n12,0.008,28.0,93,60,0,200,0.0,inf
kRkX_n12,0.008,28.0,94,60,7,200,0.035,7755.602027386594
kRkX_n12,0.008,28.0,95,60,5,200,0.025,10913.670382947068
kRkX_n12,0.008,28.0,96,60,1,200,0.005,55123.77170828493
kRkX_n12,0.008,28.0,97,60,8,200,0.04,6768.660238347373
kRkX_n12,0.008,28.0,98,60,0,200,0.0,inf
kRkX_n12,0.008,28.0,99,60,5,200,0.025,10913.670382947068
kRkX_n12,0.008,28.0,100,60,6,200,0.03,9071.483928070073
kRkX_n12,0.01,28.0,1,146,24,200,0.12,5259.619137106703
kRkX_n12,0.01,28.0,2,146,0,200,0.0,inf
kRkX_n12,0.01,28.0,3,146,0,200,0.0,inf
kRkX_n12,0.01,28.0,4,146,0,200,0.0,inf
kRkX_n12,0.01,28.0,5,146,11,200,0.055,11885.286717587353
kRkX_n12,0.01,28.0,6,146,0,200,0.0,inf
kRkX_n12,0.01,28.0,7,146,7,200,0.035,18871.964933307376
kRkX_n12,0.01,28.0,8,146,6,200,0.03,22073.944224970503
kRkX_n12,0.01,28.0,9,146,0,200,0.0,inf
kRkX_n12,0.01,28.0,10,146,21,200,0.105,6060.987899813504
kRkX_n12,0.01,28.0,11,146,17,200,0.085,7568.903081464795
kRkX_n12,0.01,28.0,12,146,0,200,0.0,inf
kRkX_n12,0.01,28.0,13,146,10,200,0.05,13108.045704263614
kRkX_n12,0.01,28.0,14,146,19,200,0.095,6735.650058210958
kRkX_n12,0.01,28.0,15,146,8,200,0.04,16470.406579978608
kRkX_n12,0.01,28.0,16,146,19,200,0.095,6735.650058210958
kRkX_n12,0.01,28.0,17,146,0,200,0.0,inf
kRkX_n12,0.01,28.0,18,146,10,200,0.05,13108.045704263614
kRkX_n12,0.01,28.0,19,146,21,200,0.105,6060.987899813504
kRkX_n12,0.01,28.0,20,146,25,200,0.125,5035.181869516317
kRkX_n12,0.01,28.0,21,146,18,200,0.09,7129.14858554578
kRkX_n12,0.01,28.0,22,146,0,200,0.0,inf
kRkX_n12,0.01,28.0,23,146,0,200,0.0,inf
kRkX_n12,0.01,28.0,24,146,26,200,0.13,4827.982666263973
kRkX_n12,0.01,28.0,25,146,14,200,0.07,9264.8260735843
kRkX_n12,0.01,28.0,26,146,24,200,0.12,5259.619137106703
kRkX_n12,0.01,28.0,27,146,11,200,0.055,11885.286717587353
kRkX_n12,0.01,28.0,28,146,11,200,0.055,11885.286717587353
kRkX_n12,0.01,28.0,29,146,11,200,0.055,11885.286717587353
kRkX_n12,0.01,28.0,30,146,0,200,0.0,inf
kRkX_n12,0.01,28.0,31,146,0,200,0.0,inf
kRkX_n12,0.01,28.0,32,146,0,200,0.0,inf
kRkX_n12,0.01,28.0,33,146,7,200,0.035,18871.964933307376
kRkX_n12,0.01,28.0,34,146,15,200,0.075,8624.186162551343
kRkX_n12,0.01,28.0,35,146,11,200,0.055,11885.286717587353
kRkX_n12,0.01,28.0,36,146,22,200,0.11,5769.611506393308
kRkX_n12,0.01,28.0,37,146,16,200,0.08,8063.586871365468
kRkX_n12,0.01,28.0,38,146,25,200,0.125,5035.181869516317
kRkX_n12,0.01,28.0,39,146,15,200,0.075,8624.186162551343
kRkX_n12,0.01,28.0,40,146,11,200,0.055,11885.286717587353
kRkX_n12,0.01,28.0,41,146,17,200,0.085,7568.903081464795
kRkX_n12,0.01,28.0,42,146,9,200,0.045,14602.461671121331
kRkX_n12,0.01,28.0,43,146,0,200,0.0,inf
kRkX_n12,0.01,28.0,44,146,0,200,0.0,inf
kRkX_n12,0.01,28.0,45,146,14,200,0.07,9264.8260735843
kRkX_n12,0.01,28.0,46,146,0,200,0.0,inf
kRkX_n12,0.01,28.0,47,146,0,200,0.0,inf
kRkX_n12,0.01,28.0,48,146,18,200,0.09,7129.14858554578
kRkX_n12,0.01,28.0,49,146,18,200,0.09,7129.14858554578
kRkX_n12,0.01,28.0,50,146,16,200,0.08,8063.586871365468
kRkX_n12,0.01,28.0,51,146,5,200,0.025,26556.597931837867
kRkX_n12,0.01,28.0,52,146,0,200,0.0,inf
kRkX_n12,0.01,28.0,53,146,9,199,0.0452261306532663,14527.74230981649
kRkX_n12,0.01,28.0,54,146,0,200,0.0,inf
kRkX_n12,0.01,28.0,55,146,0,200,0.0,inf
kRkX_n12,0.01,28.0,56,146,9,200,0.045,14602.461671121331
kRkX_n12,0.01,28.0,57,146,0,200,0.0,inf
kRkX_n12,0.01,28.0,58,146,7,199,0.0351758793969849,18775.904028715224
kRkX_n12,0.01,28.0,59,146,0,200,0.0,inf
kRkX_n12,0.01,28.0,60,146,9,200,0.045,14602.461671121331
kRkX_n12,0.01,28.0,61,146,15,200,0.075,8624.186162551343
kRkX_n12,0.01,28.0,62,146,22,200,0.11,5769.611506393308
kRkX_n12,0.01,28.0,63,146,26,200,0.13,4827.982666263973
kRkX_n12,0.01,28.0,64,146,0,200,0.0,inf
kRkX_n12,0.01,28.0,65,146,14,200,0.07,9264.8260735843
kRkX_n12,0.01,28.0,66,146,32,200,0.16,3856.276371596716
kRkX_n12,0.01,28.0,67,146,26,200,0.13,4827.982666263973
kRkX_n12,0.01,28.0,68,146,14,200,0.07,9264.8260735843
kRkX_n12,0.01,28.0,69,146,0,200,0.0,inf
kRkX_n12,0.01,28.0,70,146,11,200,0.055,11885.286717587353
kRkX_n12,0.01,28.0,71,146,16,200,0.08,8063.586871365468
kRkX_n12,0.01,28.0,72,146,9,200,0.045,14602.461671121331
kRkX_n12,0.01,28.0,73,146,20,200,0.1,6381.468835420587
kRkX_n12,0.01,28.0,74,146,0,200,0.0,inf
kRkX_n12,0.01,28.0,75,146,15,200,0.075,8624.186162551343
kRkX_n12,0.01,28.0,76,146,0,200,0.0,inf
kRkX_n12,0.01,28.0,77,146,16,200,0.08,8063.586871365468
kRkX_n12,0.01,28.0,78,146,12,200,0.06,10866.27006455745
kRkX_n12,0.01,28.0,79,146,18,200,0.09,7129.14858554578
kRkX_n12,0.01,28.0,80,146,0,200,0.0,inf
kRkX_n12,0.01,28.0,81,146,12,200,0.06,10866.27006455745
kRkX_n12,0.01,28.0,82,146,11,200,0.055,11885.286717587353
kRkX_n12,0.01,28.0,83,146,0,200,0.0,inf
kRkX_n12,0.01,28.0,84,146,0,200,0.0,inf
kRkX_n12,0.01,28.0,85,146,8,200,0.04,16470.406579978608
kRkX_n12,0.01,28.0,86,146,0,200,0.0,inf
kRkX_n12,0.01,28.0,87,146,8,200,0.04,16470.406579978608
kRkX_n12,0.01,28.0,88,146,5,200,0.025,26556.597931837867
kRkX_n12,0.01,28.0,89,146,20,200,0.1,6381.468835420587
kRkX_n12,0.01,28.0,90,146,0,200,0.0,inf
kRkX_n12,0.01,28.0,91,146,15,200,0.075,8624.186162551343
kRkX_n12,0.01,28.0,92,146,10,200,0.05,13108.045704263614
kRkX_n12,0.01,28.0,93,146,0,199,0.0,inf
kRkX_n12,0.01,28.0,94,146,20,200,0.1,6381.468835420587
kRkX_n12,0.01,28.0,95,146,17,200,0.085,7568.903081464795
kRkX_n12,0.01,28.0,96,146,14,200,0.07,9264.8260735843
kRkX_n12,0.01,28.0,97,146,17,200,0.085,7568.903081464795
kRkX_n12,0.01,28.0,98,146,0,200,0.0,inf
kRkX_n12,0.01,28.0,99,146,32,200,0.16,3856.276371596716
kRkX_n12,0.01,28.0,100,146,21,200,0.105,6060.987899813504
kRkX_n12,0.03,28.0,1,72,13,200,0.065,4933.468557345545
kRkX_n12,0.03,28.0,2,72,0,200,0.0,inf
kRkX_n12,0.03,28.0,3,72,0,200,0.0,inf
kRkX_n12,0.03,28.0,4,72,0,200,0.0,inf
kRkX_n12,0.03,28.0,5,72,6,200,0.03,10885.780713684086
kRkX_n12,0.03,28.0,6,72,0,200,0.0,inf
kRkX_n12,0.03,28.0,7,72,7,200,0.035,9306.722432863911
kRkX_n12,0.03,28.0,8,72,4,200,0.02,16412.268325226312
kRkX_n12,0.03,28.0,9,72,0,200,0.0,inf
kRkX_n12,0.03,28.0,10,72,14,200,0.07,4568.9553239593815
kRkX_n12,0.03,28.0,11,72,10,200,0.05,6464.241717171098
kRkX_n12,0.03,28.0,12,72,0,200,0.0,inf
kRkX_n12,0.03,28.0,13,72,5,200,0.025,13096.404459536485
kRkX_n12,0.03,28.0,14,72,10,200,0.05,6464.241717171098
kRkX_n12,0.03,28.0,15,72,7,200,0.035,9306.722432863911
kRkX_n12,0.03,28.0,16,72,11,200,0.055,5861.237285385544
kRkX_n12,0.03,28.0,17,72,0,200,0.0,inf
kRkX_n12,0.03,28.0,18,72,7,200,0.035,9306.722432863911
kRkX_n12,0.03,28.0,19,72,10,200,0.05,6464.241717171098
kRkX_n12,0.03,28.0,20,72,11,200,0.055,5861.237285385544
kRkX_n12,0.03,28.0,21,72,9,200,0.045,7201.213974799562
kRkX_n12,0.03,28.0,22,72,0,200,0.0,inf
kRkX_n12,0.03,28.0,23,72,0,200,0.0,inf
kRkX_n12,0.03,28.0,24,72,14,200,0.07,4568.9553239593815
kRkX_n12,0.03,28.0,25,72,7,200,0.035,9306.722432863911
kRkX_n12,0.03,28.0,26,72,7,200,0.035,9306.722432863911
kRkX_n12,0.03,28.0,27,72,6,200,0.03,10885.780713684086
kRkX_n12,0.03,28.0,28,72,5,200,0.025,13096.404459536485
kRkX_n12,0.03,28.0,29,72,8,200,0.04,8122.392286016847
kRkX_n12,0.03,28.0,30,72,0,200,0.0,inf
kRkX_n12,0.03,28.0,31,72,0,200,0.0,inf
kRkX_n12,0.03,28.0,32,72,0,200,0.0,inf
kRkX_n12,0.03,28.0,33,72,8,200,0.04,8122.392286016847
kRkX_n12,0.03,28.0,34,72,7,200,0.035,9306.722432863911
kRkX_n12,0.03,28.0,35,72,4,200,0.02,16412.268325226312
kRkX_n12,0.03,28.0,36,72,8,200,0.04,8122.392286016847
kRkX_n12,0.03,28.0,37,72,3,200,0.015,21938.613162391608
kRkX_n12,0.03,28.0,38,72,9,200,0.045,7201.213974799562
kRkX_n12,0.03,28.0,39,72,9,200,0.045,7201.213974799562
kRkX_n12,0.03,28.0,40,72,12,200,0.06,5358.708524987236
kRkX_n12,0.03,28.0,41,72,10,200,0.05,6464.241717171098
kRkX_n12,0.03,28.0,42,72,5,200,0.025,13096.404459536485
kRkX_n12,0.03,28.0,43,72,0,200,0.0,inf
kRkX_n12,0.03,28.0,44,72,0,200,0.0,inf
kRkX_n12,0.03,28.0,45,72,12,200,0.06,5358.708524987236
kRkX_n12,0.03,28.0,46,72,0,200,0.0,inf
kRkX_n12,0.03,28.0,47,72,0,200,0.0,inf
kRkX_n12,0.03,28.0,48,72,11,200,0.055,5861.237285385544
kRkX_n12,0.03,28.0,49,72,13,200,0.065,4933.468557345545
kRkX_n12,0.03,28.0,50,72,9,200,0.045,7201.213974799562
kRkX_n12,0.03,28.0,51,72,7,200,0.035,9306.722432863911
kRkX_n12,0.03,28.0,52,72,0,200,0.0,inf
kRkX_n12,0.03,28.0,53,72,4,200,0.02,16412.268325226312
kRkX_n12,0.03,28.0,54,72,0,200,0.0,inf
kRkX_n12,0.03,28.0,55,72,0,200,0.0,inf
kRkX_n12,0.03,28.0,56,72,8,200,0.04,8122.392286016847
kRkX_n12,0.03,28.0,57,72,0,200,0.0,inf
kRkX_n12,0.03,28.0,58,72,0,200,0.0,inf
kRkX_n12,0.03,28.0,59,72,0,200,0.0,inf
kRkX_n12,0.03,28.0,60,72,7,200,0.035,9306.722432863911
kRkX_n12,0.03,28.0,61,72,7,200,0.035,9306.722432863911
kRkX_n12,0.03,28.0,62,72,10,200,0.05,6464.241717171098
kRkX_n12,0.03,28.0,63,72,3,200,0.015,21938.613162391608
kRkX_n12,0.03,28.0,64,72,0,200,0.0,inf
kRkX_n12,0.03,28.0,65,72,4,200,0.02,16412.268325226312
kRkX_n12,0.03,28.0,66,72,12,200,0.06,5358.708524987236
kRkX_n12,0.03,28.0,67,72,14,200,0.07,4568.9553239593815
kRkX_n12,0.03,28.0,68,72,9,200,0.045,7201.213974799562
kRkX_n12,0.03,28.0,69,72,0,198,0.0,inf
kRkX_n12,0.03,28.0,70,72,4,200,0.02,16412.268325226312
kRkX_n12,0.03,28.0,71,72,13,200,0.065,4933.468557345545
kRkX_n12,0.03,28.0,72,72,7,200,0.035,9306.722432863911
kRkX_n12,0.03,28.0,73,72,5,200,0.025,13096.404459536485
kRkX_n12,0.03,28.0,74,72,0,200,0.0,inf
kRkX_n12,0.03,28.0,75,72,12,200,0.06,5358.708524987236
kRkX_n12,0.03,28.0,76,72,0,200,0.0,inf
kRkX_n12,0.03,28.0,77,72,9,200,0.045,7201.213974799562
kRkX_n12,0.03,28.0,78,72,9,200,0.045,7201.213974799562
kRkX_n12,0.03,28.0,79,72,10,200,0.05,6464.241717171098
kRkX_n12,0.03,28.0,80,72,0,200,0.0,inf
kRkX_n12,0.03,28.0,81,72,6,200,0.03,10885.780713684086
kRkX_n12,0.03,28.0,82,72,4,200,0.02,16412.268325226312
kRkX_n12,0.03,28.0,83,72,0,200,0.0,inf
kRkX_n12,0.03,28.0,84,72,0,200,0.0,inf
kRkX_n12,0.03,28.0,85,72,9,200,0.045,7201.213974799562
kRkX_n12,0.03,28.0,86,72,0,200,0.0,inf
kRkX_n12,0.03,28.0,87,72,3,200,0.015,21938.613162391608
kRkX_n12,0.03,28.0,88,72,10,200,0.05,6464.241717171098
kRkX_n12,0.03,28.0,89,72,11,200,0.055,5861.237285385544
kRkX_n12,0.03,28.0,90,72,0,200,0.0,inf
kRkX_n12,0.03,28.0,91,72,8,200,0.04,8122.392286016847
kRkX_n12,0.03,28.0,92,72,12,200,0.06,5358.708524987236
kRkX_n12,0.03,28.0,93,72,0,200,0.0,inf
kRkX_n12,0.03,28.0,94,72,8,200,0.04,8122.392286016847
kRkX_n12,0.03,28.0,95,72,7,200,0.035,9306.722432863911
kRkX_n12,0.03,28.0,96,72,7,200,0.035,9306.722432863911
kRkX_n12,0.03,28.0,97,72,14,200,0.07,4568.9553239593815
kRkX_n12,0.03,28.0,98,72,0,200,0.0,inf
kRkX_n12,0.03,28.0,99,72,15,199,0.0753768844221105,4230.907239235656
kRkX_n12,0.03,28.0,100,72,17,200,0.085,3732.609738804557
kRkX_n12,0.09,28.0,1,12,3,200,0.015,3656.435527065268
kRkX_n12,0.09,28.0,2,12,0,200,0.0,inf
kRkX_n12,0.09,28.0,3,12,0,200,0.0,inf
kRkX_n12,0.09,28.0,4,12,0,200,0.0,inf
kRkX_n12,0.09,28.0,5,12,1,200,0.005,11024.754341656986
kRkX_n12,0.09,28.0,6,12,0,200,0.0,inf
kRkX_n12,0.09,28.0,7,12,0,200,0.0,inf
kRkX_n12,0.09,28.0,8,12,1,200,0.005,11024.754341656986
kRkX_n12,0.09,28.0,9,12,0,200,0.0,inf
kRkX_n12,0.09,28.0,10,12,1,200,0.005,11024.754341656986
kRkX_n12,0.09,28.0,11,12,6,200,0.03,1814.2967856140144
kRkX_n12,0.09,28.0,12,12,0,200,0.0,inf
kRkX_n12,0.09,28.0,13,12,1,200,0.005,11024.754341656986
kRkX_n12,0.09,28.0,14,12,3,200,0.015,3656.435527065268
kRkX_n12,0.09,28.0,15,12,0,200,0.0,inf
kRkX_n12,0.09,28.0,16,12,3,200,0.015,3656.435527065268
kRkX_n12,0.09,28.0,17,12,0,200,0.0,inf
kRkX_n12,0.09,28.0,18,12,1,200,0.005,11024.754341656986
kRkX_n12,0.09,28.0,19,12,0,200,0.0,inf
kRkX_n12,0.09,28.0,20,12,4,200,0.02,2735.3780542043855
kRkX_n12,0.09,28.0,21,12,4,200,0.02,2735.3780542043855
kRkX_n12,0.09,28.0,22,12,0,200,0.0,inf
kRkX_n12,0.09,28.0,23,12,0,200,0.0,inf
kRkX_n12,0.09,28.0,24,12,2,200,0.01,5498.526918640661
kRkX_n12,0.09,28.0,25,12,3,200,0.015,3656.435527065268
kRkX_n12,0.09,28.0,26,12,1,200,0.005,11024.754341656986
kRkX_n12,0.09,28.0,27,12,0,200,0.0,inf
kRkX_n12,0.09,28.0,28,12,2,200,0.01,5498.526918640661
kRkX_n12,0.09,28.0,29,12,1,200,0.005,11024.754341656986
kRkX_n12,0.09,28.0,30,12,0,200,0.0,inf
kRkX_n12,0.09,28.0,31,12,0,199,0.0,inf
kRkX_n12,0.09,28.0,32,12,0,200,0.0,inf
kRkX_n12,0.09,28.0,33,12,0,200,0.0,inf
kRkX_n12,0.09,28.0,34,12,3,200,0.015,3656.435527065268
kRkX_n12,0.09,28.0,35,12,0,200,0.0,inf
kRkX_n12,0.09,28.0,36,12,1,200,0.005,11024.754341656986
kRkX_n12,0.09,28.0,37,12,1,200,0.005,11024.754341656986
kRkX_n12,0.09,28.0,38,12,1,200,0.005,11024.754341656986
kRkX_n12,0.09,28.0,39,12,1,200,0.005,11024.754341656986
kRkX_n12,0.09,28.0,40,12,3,200,0.015,3656.435527065268
kRkX_n12,0.09,28.0,41,12,1,200,0.005,11024.754341656986
kRkX_n12,0.09,28.0,42,12,1,200,0.005,11024.754341656986
kRkX_n12,0.09,28.0,43,12,0,200,0.0,inf
kRkX_n12,0.09,28.0,44,12,0,200,0.0,inf
kRkX_n12,0.09,28.0,45,12,1,200,0.005,11024.754341656986
kRkX_n12,0.09,28.0,46,12,0,200,0.0,inf
kRkX_n12,0.09,28.0,47,12,0,200,0.0,inf
kRkX_n12,0.09,28.0,48,12,2,200,0.01,5498.526918640661
kRkX_n12,0.09,28.0,49,12,0,200,0.0,inf
kRkX_n12,0.09,28.0,50,12,2,200,0.01,5498.526918640661
kRkX_n12,0.09,28.0,51,12,1,200,0.005,11024.754341656986
kRkX_n12,0.09,28.0,52,12,0,200,0.0,inf
kRkX_n12,0.09,28.0,53,12,1,200,0.005,11024.754341656986
kRkX_n12,0.09,28.0,54,12,0,200,0.0,inf
kRkX_n12,0.09,28.0,55,12,0,200,0.0,inf
kRkX_n12,0.09,28.0,56,12,2,200,0.01,5498.526918640661
kRkX_n12,0.09,28.0,57,12,0,200,0.0,inf
kRkX_n12,0.09,28.0,58,12,0,200,0.0,inf
kRkX_n12,0.09,28.0,59,12,0,200,0.0,inf
kRkX_n12,0.09,28.0,60,12,1,200,0.005,11024.754341656986
kRkX_n12,0.09,28.0,61,12,0,200,0.0,inf
kRkX_n12,0.09,28.0,62,12,2,200,0.01,5498.526918640661
kRkX_n12,0.09,28.0,63,12,2,200,0.01,5498.526918640661
kRkX_n12,0.09,28.0,64,12,0,200,0.0,inf
kRkX_n12,0.09,28.0,65,12,1,200,0.005,11024.754341656986
kRkX_n12,0.09,28.0,66,12,3,200,0.015,3656.435527065268
kRkX_n12,0.09,28.0,67,12,1,200,0.005,11024.754341656986
kRkX_n12,0.09,28.0,68,12,1,200,0.005,11024.754341656986
kRkX_n12,0.09,28.0,69,12,0,200,0.0,inf
kRkX_n12,0.09,28.0,70,12,1,200,0.005,11024.754341656986
kRkX_n12,0.09,28.0,71,12,2,200,0.01,5498.526918640661
kRkX_n12,0.09,28.0,72,12,1,200,0.005,11024.754341656986
kRkX_n12,0.09,28.0,73,12,1,200,0.005,11024.754341656986
kRkX_n12,0.09,28.0,74,12,0,200,0.0,inf
kRkX_n12,0.09,28.0,75,12,1,200,0.005,11024.754341656986
kRkX_n12,0.09,28.0,76,12,0,200,0.0,inf
kRkX_n12,0.09,28.0,77,12,1,200,0.005,11024.754341656986
kRkX_n12,0.09,28.0,78,12,2,200,0.01,5498.526918640661
kRkX_n12,0.09,28.0,79,12,2,200,0.01,5498.526918640661
kRkX_n12,0.09,28.0,80,12,0,200,0.0,inf
kRkX_n12,0.09,28.0,81,12,0,200,0.0,inf
kRkX_n12,0.09,28.0,82,12,0,200,0.0,inf
kRkX_n12,0.09,28.0,83,12,0,200,0.0,inf
kRkX_n12,0.09,28.0,84,12,0,200,0.0,inf
kRkX_n12,0.09,28.0,85,12,1,200,0.005,11024.754341656986
kRkX_n12,0.09,28.0,86,12,0,200,0.0,inf
kRkX_n12,0.09,28.0,87,12,2,200,0.01,5498.526918640661
kRkX_n12,0.09,28.0,88,12,0,200,0.0,inf
kRkX_n12,0.09,28.0,89,12,3,200,0.015,3656.435527065268
kRkX_n12,0.09,28.0,90,12,0,200,0.0,inf
kRkX_n12,0.09,28.0,91,12,2,200,0.01,5498.526918640661
kRkX_n12,0.09,28.0,92,12,1,200,0.005,11024.754341656986
kRkX_n12,0.09,28.0,93,12,0,200,0.0,inf
kRkX_n12,0.09,28.0,94,12,0,200,0.0,inf
kRkX_n12,0.09,28.0,95,12,1,200,0.005,11024.754341656986
kRkX_n12,0.09,28.0,96,12,1,200,0.005,11024.754341656986
kRkX_n12,0.09,28.0,97,12,3,200,0.015,3656.435527065268
kRkX_n12,0.09,28.0,98,12,0,200,0.0,inf
kRkX_n12,0.09,28.0,99,12,0,200,0.0,inf
kRkX_n12,0.09,28.0,100,12,1,200,0.005,11024.754341656986
kRkX_n12,0.5,28.0,1,15,1,200,0.005,13780.942927071232
kRkX_n12,0.5,28.0,2,15,0,200,0.0,inf
kRkX_n12,0.5,28.0,3,15,0,200,0.0,inf
kRkX_n12,0.5,28.0,4,15,0,200,0.0,inf
kRkX_n12,0.5,28.0,5,15,0,200,0.0,inf
kRkX_n12,0.5,28.0,6,15,0,200,0.0,inf
kRkX_n12,0.5,28.0,7,15,1,200,0.005,13780.942927071232
kRkX_n12,0.5,28.0,8,15,0,200,0.0,inf
kRkX_n12,0.5,28.0,9,15,0,200,0.0,inf
kRkX_n12,0.5,28.0,10,15,4,200,0.02,3419.2225677554816
kRkX_n12,0.5,28.0,11,15,1,200,0.005,13780.942927071232
kRkX_n12,0.5,28.0,12,15,0,200,0.0,inf
kRkX_n12,0.5,28.0,13,15,4,200,0.02,3419.2225677554816
kRkX_n12,0.5,28.0,14,15,0,200,0.0,inf
kRkX_n12,0.5,28.0,15,15,0,200,0.0,inf
kRkX_n12,0.5,28.0,16,15,0,200,0.0,inf
kRkX_n12,0.5,28.0,17,15,0,200,0.0,inf
kRkX_n12,0.5,28.0,18,15,2,200,0.01,6873.158648300827
kRkX_n12,0.5,28.0,19,15,4,200,0.02,3419.2225677554816
kRkX_n12,0.5,28.0,20,15,1,200,0.005,13780.942927071232
kRkX_n12,0.5,28.0,21,15,6,200,0.03,2267.870982017518
kRkX_n12,0.5,28.0,22,15,0,200,0.0,inf
kRkX_n12,0.5,28.0,23,15,0,200,0.0,inf
kRkX_n12,0.5,28.0,24,15,7,200,0.035,1938.9005068466486
kRkX_n12,0.5,28.0,25,15,2,200,0.01,6873.158648300827
kRkX_n12,0.5,28.0,26,15,4,200,0.02,3419.2225677554816
kRkX_n12,0.5,28.0,27,15,2,200,0.01,6873.158648300827
kRkX_n12,0.5,28.0,28,15,3,200,0.015,4570.544408831585
kRkX_n12,0.5,28.0,29,15,0,200,0.0,inf
kRkX_n12,0.5,28.0,30,15,0,200,0.0,inf
kRkX_n12,0.5,28.0,31,15,0,200,0.0,inf
kRkX_n12,0.5,28.0,32,15,0,200,0.0,inf
kRkX_n12,0.5,28.0,33,15,0,200,0.0,inf
kRkX_n12,0.5,28.0,34,15,0,200,0.0,inf
kRkX_n12,0.5,28.0,35,15,0,200,0.0,inf
kRkX_n12,0.5,28.0,36,15,5,200,0.025,2728.417595736767
kRkX_n12,0.5,28.0,37,15,2,200,0.01,6873.158648300827
kRkX_n12,0.5,28.0,38,15,5,200,0.025,2728.417595736767
kRkX_n12,0.5,28.0,39,15,3,200,0.015,4570.544408831585
kRkX_n12,0.5,28.0,40,15,0,200,0.0,inf
kRkX_n12,0.5,28.0,41,15,4,200,0.02,3419.2225677554816
kRkX_n12,0.5,28.0,42,15,2,200,0.01,6873.158648300827
kRkX_n12,0.5,28.0,43,15,0,200,0.0,inf
kRkX_n12,0.5,28.0,44,15,0,200,0.0,inf
kRkX_n12,0.5,28.0,45,15,1,200,0.005,13780.942927071232
kRkX_n12,0.5,28.0,46,15,0,200,0.0,inf
kRkX_n12,0.5,28.0,47,15,0,200,0.0,inf
kRkX_n12,0.5,28.0,48,15,0,200,0.0,inf
kRkX_n12,0.5,28.0,49,15,1,200,0.005,13780.942927071232
kRkX_n12,0.5,28.0,50,15,2,200,0.01,6873.158648300827
kRkX_n12,0.5,28.0,51,15,1,200,0.005,13780.942927071232
kRkX_n12,0.5,28.0,52,15,0,200,0.0,inf
kRkX_n12,0.5,28.0,53,15,2,200,0.01,6873.158648300827
kRkX_n12,0.5,28.0,54,15,0,200,0.0,inf
kRkX_n12,0.5,28.0,55,15,0,200,0.0,inf
kRkX_n12,0.5,28.0,56,15,2,200,0.01,6873.158648300827
kRkX_n12,0.5,28.0,57,15,0,200,0.0,inf
kRkX_n12,0.5,28.0,58,15,1,200,0.005,13780.942927071232
kRkX_n12,0.5,28.0,59,15,0,200,0.0,inf
kRkX_n12,0.5,28.0,60,15,3,200,0.015,4570.544408831585
kRkX_n12,0.5,28.0,61,15,2,200,0.01,6873.158648300827
kRkX_n12,0.5,28.0,62,15,3,200,0.015,4570.544408831585
kRkX_n12,0.5,28.0,63,15,2,200,0.01,6873.158648300827
kRkX_n12,0.5,28.0,64,15,0,200,0.0,inf
kRkX_n12,0.5,28.0,65,15,0,200,0.0,inf
kRkX_n12,0.5,28.0,66,15,3,200,0.015,4570.544408831585
kRkX_n12,0.5,28.0,67,15,2,200,0.01,6873.158648300827
kRkX_n12,0.5,28.0,68,15,3,200,0.015,4570.544408831585
kRkX_n12,0.5,28.0,69,15,0,200,0.0,inf
kRkX_n12,0.5,28.0,70,15,0,200,0.0,inf
kRkX_n12,0.5,28.0,71,15,1,200,0.005,13780.942927071232
kRkX_n12,0.5,28.0,72,15,2,200,0.01,6873.158648300827
kRkX_n12,0.5,28.0,73,15,4,200,0.02,3419.2225677554816
kRkX_n12,0.5,28.0,74,15,0,200,0.0,inf
kRkX_n12,0.5,28.0,75,15,2,200,0.01,6873.158648300827
kRkX_n12,0.5,28.0,76,15,0,200,0.0,inf
kRkX_n12,0.5,28.0,77,15,1,200,0.005,13780.942927071232
kRkX_n12,0.5,28.0,78,15,3,200,0.015,4570.544408831585
kRkX_n12,0.5,28.0,79,15,3,200,0.015,4570.544408831585
kRkX_n12,0.5,28.0,80,15,0,200,0.0,inf
kRkX_n12,0.5,28.0,81,15,0,200,0.0,inf
kRkX_n12,0.5,28.0,82,15,0,200,0.0,inf
kRkX_n12,0.5,28.0,83,15,0,200,0.0,inf
kRkX_n12,0.5,28.0,84,15,0,200,0.0,inf
kRkX_n12,0.5,28.0,85,15,1,200,0.005,13780.942927071232
kRkX_n12,0.5,28.0,86,15,0,200,0.0,inf
kRkX_n12,0.5,28.0,87,15,0,200,0.0,inf
kRkX_n12,0.5,28.0,88,15,1,200,0.005,13780.942927071232
kRkX_n12,0.5,28.0,89,15,2,200,0.01,6873.158648300827
kRkX_n12,0.5,28.0,90,15,0,200,0.0,inf
kRkX_n12,0.5,28.0,91,15,5,200,0.025,2728.417595736767
kRkX_n12,0.5,28.0,92,15,0,200,0.0,inf
kRkX_n12,0.5,28.0,93,15,0,200,0.0,inf
kRkX_n12,0.5,28.0,94,15,1,200,0.005,13780.942927071232
kRkX_n12,0.5,28.0,95,15,1,200,0.005,13780.942927071232
kRkX_n12,0.5,28.0,96,15,1,200,0.005,13780.942927071232
kRkX_n12,0.5,28.0,97,15,3,200,0.015,4570.544408831585
kRkX_n12,0.5,28.0,98,15,0,200,0.0,inf
kRkX_n12,0.5,28.0,99,15,3,200,0.015,4570.544408831585
kRkX_n12,0.5,28.0,100,15,3,200,0.015,4570.544408831585
kRkX_n12,1.0,28.0,1,12,5,200,0.025,2182.7340765894137
kRkX_n12,1.0,28.0,2,12,0,200,0.0,inf
kRkX_n12,1.0,28.0,3,12,0,200,0.0,inf
kRkX_n12,1.0,28.0,4,12,0,200,0.0,inf
kRkX_n12,1.0,28.0,5,12,0,200,0.0,inf
kRkX_n12,1.0,28.0,6,12,0,200,0.0,inf
kRkX_n12,1.0,28.0,7,12,3,200,0.015,3656.435527065268
kRkX_n12,1.0,28.0,8,12,1,200,0.005,11024.754341656986
kRkX_n12,1.0,28.0,9,12,0,200,0.0,inf
kRkX_n12,1.0,28.0,10,12,2,200,0.01,5498.526918640661
kRkX_n12,1.0,28.0,11,12,3,200,0.015,3656.435527065268
kRkX_n12,1.0,28.0,12,12,0,200,0.0,inf
kRkX_n12,1.0,28.0,13,12,3,200,0.015,3656.435527065268
kRkX_n12,1.0,28.0,14,12,0,200,0.0,inf
kRkX_n12,1.0,28.0,15,12,0,200,0.0,inf
kRkX_n12,1.0,28.0,16,12,1,200,0.005,11024.754341656986
kRkX_n12,1.0,28.0,17,12,0,200,0.0,inf
kRkX_n12,1.0,28.0,18,12,0,200,0.0,inf
kRkX_n12,1.0,28.0,19,12,3,200,0.015,3656.435527065268
kRkX_n12,1.0,28.0,20,12,5,200,0.025,2182.7340765894137
kRkX_n12,1.0,28.0,21,12,1,200,0.005,11024.754341656986
kRkX_n12,1.0,28.0,22,12,0,200,0.0,inf
kRkX_n12,1.0,28.0,23,12,0,200,0.0,inf
kRkX_n12,1.0,28.0,24,12,2,200,0.01,5498.526918640661
kRkX_n12,1.0,28.0,25,12,0,200,0.0,inf
kRkX_n12,1.0,28.0,26,12,1,200,0.005,11024.754341656986
kRkX_n12,1.0,28.0,27,12,2,200,0.01,5498.526918640661
kRkX_n12,1.0,28.0,28,12,0,200,0.0,inf
kRkX_n12,1.0,28.0,29,12,0,200,0.0,inf
kRkX_n12,1.0,28.0,30,12,0,200,0.0,inf
kRkX_n12,1.0,28.0,31,12,0,200,0.0,inf
kRkX_n12,1.0,28.0,32,12,0,200,0.0,inf
kRkX_n12,1.0,28.0,33,12,1,200,0.005,11024.754341656986
kRkX_n12,1.0,28.0,34,12,0,200,0.0,inf
kRkX_n12,1.0,28.0,35,12,1,200,0.005,11024.754341656986
kRkX_n12,1.0,28.0,36,12,1,200,0.005,11024.754341656986
kRkX_n12,1.0,28.0,37,12,1,200,0.005,11024.754341656986
kRkX_n12,1.0,28.0,38,12,3,200,0.015,3656.435527065268
kRkX_n12,1.0,28.0,39,12,3,200,0.015,3656.435527065268
kRkX_n12,1.0,28.0,40,12,2,200,0.01,5498.526918640661
kRkX_n12,1.0,28.0,41,12,0,200,0.0,inf
kRkX_n12,1.0,28.0,42,12,0,200,0.0,inf
kRkX_n12,1.0,28.0,43,12,0,200,0.0,inf
kRkX_n12,1.0,28.0,44,12,0,200,0.0,inf
kRkX_n12,1.0,28.0,45,12,1,200,0.005,11024.754341656986
kRkX_n12,1.0,28.0,46,12,0,200,0.0,inf
kRkX_n12,1.0,28.0,47,12,0,200,0.0,inf
kRkX_n12,1.0,28.0,48,12,2,200,0.01,5498.526918640661
kRkX_n12,1.0,28.0,49,12,5,200,0.025,2182.7340765894137
kRkX_n12,1.0,28.0,50,12,1,200,0.005,11024.754341656986
kRkX_n12,1.0,28.0,51,12,1,200,0.005,11024.754341656986
kRkX_n12,1.0,28.0,52,12,0,200,0.0,inf
kRkX_n12,1.0,28.0,53,12,3,200,0.015,3656.435527065268
kRkX_n12,1.0,28.0,54,12,0,200,0.0,inf
kRkX_n12,1.0,28.0,55,12,0,200,0.0,inf
kRkX_n12,1.0,28.0,56,12,1,200,0.005,11024.754341656986
kRkX_n12,1.0,28.0,57,12,0,200,0.0,inf
kRkX_n12,1.0,28.0,58,12,1,200,0.005,11024.754341656986
kRkX_n12,1.0,28.0,59,12,0,200,0.0,inf
kRkX_n12,1.0,28.0,60,12,1,200,0.005,11024.754341656986
kRkX_n12,1.0,28.0,61,12,0,200,0.0,inf
kRkX_n12,1.0,28.0,62,12,2,200,0.01,5498.526918640661
kRkX_n12,1.0,28.0,63,12,2,200,0.01,5498.526918640661
kRkX_n12,1.0,28.0,64,12,0,200,0.0,inf
kRkX_n12,1.0,28.0,65,12,0,200,0.0,inf
kRkX_n12,1.0,28.0,66,12,2,200,0.01,5498.526918640661
kRkX_n12,1.0,28.0,67,12,2,200,0.01,5498.526918640661
kRkX_n12,1.0,28.0,68,12,2,200,0.01,5498.526918640661
kRkX_n12,1.0,28.0,69,12,0,200,0.0,inf
kRkX_n12,1.0,28.0,70,12,2,200,0.01,5498.526918640661
kRkX_n12,1.0,28.0,71,12,2,200,0.01,5498.526918640661
kRkX_n12,1.0,28.0,72,12,1,200,0.005,11024.754341656986
kRkX_n12,1.0,28.0,73,12,1,200,0.005,11024.754341656986
kRkX_n12,1.0,28.0,74,12,0,200,0.0,inf
kRkX_n12,1.0,28.0,75,12,1,200,0.005,11024.754341656986
kRkX_n12,1.0,28.0,76,12,0,200,0.0,inf
kRkX_n12,1.0,28.0,77,12,2,200,0.01,5498.526918640661
kRkX_n12,1.0,28.0,78,12,2,200,0.01,5498.526918640661
kRkX_n12,1.0,28.0,79,12,4,200,0.02,2735.3780542043855
kRkX_n12,1.0,28.0,80,12,0,200,0.0,inf
kRkX_n12,1.0,28.0,81,12,2,200,0.01,5498.526918640661
kRkX_n12,1.0,28.0,82,12,0,200,0.0,inf
kRkX_n12,1.0,28.0,83,12,0,200,0.0,inf
kRkX_n12,1.0,28.0,84,12,0,200,0.0,inf
kRkX_n12,1.0,28.0,85,12,1,200,0.005,11024.754341656986
kRkX_n12,1.0,28.0,86,12,0,200,0.0,inf
kRkX_n12,1.0,28.0,87,12,0,200,0.0,inf
kRkX_n12,1.0,28.0,88,12,1,200,0.005,11024.754341656986
kRkX_n12,1.0,28.0,89,12,1,200,0.005,11024.754341656986
kRkX_n12,1.0,28.0,90,12,0,200,0.0,inf
kRkX_n12,1.0,28.0,91,12,1,200,0.005,11024.754341656986
kRkX_n12,1.0,28.0,92,12,0,200,0.0,inf
kRkX_n12,1.0,28.0,93,12,0,200,0.0,inf
kRkX_n12,1.0,28.0,94,12,2,200,0.01,5498.526918640661
kRkX_n12,1.0,28.0,95,12,0,200,0.0,inf
kRkX_n12,1.0,28.0,96,12,0,200,0.0,inf
kRkX_n12,1.0,28.0,97,12,1,200,0.005,11024.754341656986
kRkX_n12,1.0,28.0,98,12,0,200,0.0,inf
kRkX_n12,1.0,28.0,99,12,1,200,0.005,11024.754341656986
kRkX_n12,1.0,28.0,100,12,1,200,0.005,11024.754341656986
kRkX_n18,0.0006,28.0,1,11119,0,200,0.0,inf
kRkX_n18,0.0006,28.0,2,11119,0,200,0.0,inf
kRkX_n18,0.0006,28.0,3,11119,75,200,0.375,108945.72746209528
kRkX_n18,0.0006,28.0,4,11119,0,200,0.0,inf
kRkX_n18,0.0006,28.0,5,11119,0,200,0.0,inf
kRkX_n18,0.0006,28.0,6,11119,110,200,0.55,64125.727955459566
kRkX_n18,0.0006,28.0,7,11119,61,200,0.305,140733.30063172328
kRkX_n18,0.0006,28.0,8,11119,60,200,0.3,143561.77289200685
kRkX_n18,0.0006,28.0,9,11119,0,200,0.0,inf
kRkX_n18,0.0006,28.0,10,11119,68,200,0.34,123232.21204438688
kRkX_n18,0.0006,28.0,11,11119,0,200,0.0,inf
kRkX_n18,0.0006,28.0,12,11119,77,200,0.385,105331.02282885996
kRkX_n18,0.0006,28.0,13,11119,59,200,0.295,146484.8867175092
kRkX_n18,0.0006,28.0,14,11119,73,200,0.365,112753.73949501073
kRkX_n18,0.0006,28.0,15,11119,68,200,0.34,123232.21204438688
kRkX_n18,0.0006,28.0,16,11119,161,200,0.805,31322.65368974912
kRkX_n18,0.0006,28.0,17,11119,79,200,0.395,101894.83459026022
kRkX_n18,0.0006,28.0,18,11119,129,200,0.645,49442.8676219424
kRkX_n18,0.0006,28.0,19,11119,0,200,0.0,inf
kRkX_n18,0.0006,28.0,20,11119,78,200,0.39,103591.47951982694
kRkX_n18,0.0006,28.0,21,11119,74,200,0.37,110824.58333979994
kRkX_n18,0.0006,28.0,22,11119,51,200,0.255,173946.74324706095
kRkX_n18,0.0006,28.0,23,11119,94,200,0.47,80653.07874143045
kRkX_n18,0.0006,28.0,24,11119,115,200,0.575,59842.13549669215
kRkX_n18,0.0006,28.0,25,11119,115,200,0.575,59842.13549669215
kRkX_n18,0.0006,28.0,26,11119,0,200,0.0,inf
kRkX_n18,0.0006,28.0,27,11119,64,200,0.32,132771.2438871247
kRkX_n18,0.0006,28.0,28,11119,0,200,0.0,inf
kRkX_n18,0.0006,28.0,29,11119,69,200,0.345,121017.39944288685
kRkX_n18,0.0006,28.0,30,11119,59,200,0.295,146484.8867175092
kRkX_n18,0.0006,28.0,31,11119,61,200,0.305,140733.30063172328
kRkX_n18,0.0006,28.0,32,11119,68,200,0.34,123232.21204438688
kRkX_n18,0.0006,28.0,33,11119,106,200,0.53,67819.01411196154
kRkX_n18,0.0006,28.0,34,11119,0,200,0.0,inf
kRkX_n18,0.0006,28.0,35,11119,0,200,0.0,inf
kRkX_n18,0.0006,28.0,36,11119,76,200,0.38,107115.1725393621
kRkX_n18,0.0006,28.0,37,11119,0,200,0.0,inf
kRkX_n18,0.0006,28.0,38,11119,116,200,0.58,59025.768056247005
kRkX_n18,0.0006,28.0,39,11119,0,200,0.0,inf
kRkX_n18,0.0006,28.0,40,11119,63,200,0.315,135342.20283028288
kRkX_n18,0.0006,28.0,41,11119,115,200,0.575,59842.13549669215
kRkX_n18,0.0006,28.0,42,11119,99,200,0.495,74948.9511258407
kRkX_n18,0.0006,28.0,43,11119,99,200,0.495,74948.9511258407
kRkX_n18,0.0006,28.0,44,11119,65,200,0.325,130278.2162723856
kRkX_n18,0.0006,28.0,45,11119,0,200,0.0,inf
kRkX_n18,0.0006,28.0,46,11119,123,199,0.6180904522613065,53195.93206928326
kRkX_n18,0.0006,28.0,47,11119,76,200,0.38,107115.1725393621
kRkX_n18,0.0006,28.0,48,11119,75,200,0.375,108945.72746209528
kRkX_n18,0.0006,28.0,49,11119,60,200,0.3,143561.77289200685
kRkX_n18,0.0006,28.0,50,11119,55,200,0.275,159227.28477525368
kRkX_n18,0.0006,28.0,51,11119,110,200,0.55,64125.727955459566
kRkX_n18,0.0006,28.0,52,11119,115,200,0.575,59842.13549669215
kRkX_n18,0.0006,28.0,53,11119,75,200,0.375,108945.72746209528
kRkX_n18,0.0006,28.0,54,11119,171,200,0.855,26516.99441383684
kRkX_n18,0.0006,28.0,55,11119,0,200,0.0,inf
kRkX_n18,0.0006,28.0,56,11119,0,200,0.0,inf
kRkX_n18,0.0006,28.0,57,11119,73,200,0.365,112753.73949501073
kRkX_n18,0.0006,28.0,58,11119,0,200,0.0,inf
kRkX_n18,0.0006,28.0,59,11119,116,200,0.58,59025.768056247005
kRkX_n18,0.0006,28.0,60,11119,93,200,0.465,81863.83070401456
kRkX_n18,0.0006,28.0,61,11119,0,200,0.0,inf
kRkX_n18,0.0006,28.0,62,11119,60,200,0.3,143561.77289200685
kRkX_n18,0.0006,28.0,63,11119,59,200,0.295,146484.8867175092
kRkX_n18,0.0006,28.0,64,11119,61,200,0.305,140733.30063172328
kRkX_n18,0.0006,28.0,65,11119,0,200,0.0,inf
kRkX_n18,0.0006,28.0,66,11119,0,200,0.0,inf
kRkX_n18,0.0006,28.0,67,11119,118,200,0.59,57430.45682861492
kRkX_n18,0.0006,28.0,68,11119,118,200,0.59,57430.45682861492
kRkX_n18,0.0006,28.0,69,11119,113,200,0.565,61514.077874055205
kRkX_n18,0.0006,28.0,70,11119,161,200,0.805,31322.65368974912
kRkX_n18,0.0006,28.0,71,11119,170,200,0.85,26990.853349258112
kRkX_n18,0.0006,28.0,72,11119,107,200,0.535,66871.74098599354
kRkX_n18,0.0006,28.0,73,11119,148,200,0.74,38011.94342662312
kRkX_n18,0.0006,28.0,74,11119,69,200,0.345,121017.39944288685
kRkX_n18,0.0006,28.0,75,11119,61,200,0.305,140733.30063172328
kRkX_n18,0.0006,28.0,76,11119,73,200,0.365,112753.73949501073
kRkX_n18,0.0006,28.0,77,11119,52,200,0.26,170056.53017880744
kRkX_n18,0.0006,28.0,78,11119,72,200,0.36,114735.30603154127
kRkX_n18,0.0006,28.0,79,11119,56,200,0.28,155872.91740397355
kRkX_n18,0.0006,28.0,80,11119,175,200,0.875,24624.34565803505
kRkX_n18,0.0006,28.0,81,11119,75,200,0.375,108945.72746209528
kRkX_n18,0.0006,28.0,82,11119,0,200,0.0,inf
kRkX_n18,0.0006,28.0,83,11119,108,200,0.54,65940.7455208945
kRkX_n18,0.0006,28.0,84,11119,65,200,0.325,130278.2162723856
kRkX_n18,0.0006,28.0,85,11119,63,200,0.315,135342.20283028288
kRkX_n18,0.0006,28.0,86,11119,67,200,0.335,125511.94550848631
kRkX_n18,0.0006,28.0,87,11119,0,200,0.0,inf
kRkX_n18,0.0006,28.0,88,11119,119,200,0.595,56650.83319143109
kRkX_n18,0.0006,28.0,89,11119,95,200,0.475,79466.64038025902
kRkX_n18,0.0006,28.0,90,11119,0,200,0.0,inf
kRkX_n18,0.0006,28.0,91,11119,58,200,0.29,149507.55090112335
kRkX_n18,0.0006,28.0,92,11119,0,200,0.0,inf
kRkX_n18,0.0006,28.0,93,11119,116,200,0.58,59025.768056247005
kRkX_n18,0.0006,28.0,94,11119,79,200,0.395,101894.83459026022
kRkX_n18,0.0006,28.0,95,11119,0,200,0.0,inf
kRkX_n18,0.0006,28.0,96,11119,114,200,0.57,60671.449261384456
kRkX_n18,0.0006,28.0,97,11119,71,200,0.355,116771.51164423884
kRkX_n18,0.0006,28.0,98,11119,0,200,0.0,inf
kRkX_n18,0.0006,28.0,99,11119,58,200,0.29,149507.55090112335
kRkX_n18,0.0006,28.0,100,11119,0,200,0.0,inf
kRkX_n18,0.0008,28.0,1,7887,0,200,0.0,inf
kRkX_n18,0.0008,28.0,2,7887,0,200,0.0,inf
kRkX_n18,0.0008,28.0,3,7887,44,200,0.22,146183.60520700656
kRkX_n18,0.0008,28.0,4,7887,0,200,0.0,inf
kRkX_n18,0.0008,28.0,5,7887,0,200,0.0,inf
kRkX_n18,0.0008,28.0,6,7887,94,200,0.47,57209.35624009911
kRkX_n18,0.0008,28.0,7,7887,50,200,0.25,126253.87792621634
kRkX_n18,0.0008,28.0,8,7887,63,200,0.315,96001.79456088148
kRkX_n18,0.0008,28.0,9,7887,0,200,0.0,inf
kRkX_n18,0.0008,28.0,10,7887,45,200,0.225,142495.41643492022
kRkX_n18,0.0008,28.0,11,7887,0,200,0.0,inf
kRkX_n18,0.0008,28.0,12,7887,58,200,0.29,106049.6496049249
kRkX_n18,0.0008,28.0,13,7887,44,200,0.22,146183.60520700656
kRkX_n18,0.0008,28.0,14,7887,54,200,0.27,115410.66789883
kRkX_n18,0.0008,28.0,15,7887,48,200,0.24,132347.30622271943
kRkX_n18,0.0008,28.0,16,7887,135,200,0.675,32316.046491742927
kRkX_n18,0.0008,28.0,17,7887,53,200,0.265,117969.3821958447
kRkX_n18,0.0008,28.0,18,7887,98,200,0.49,53941.14659550866
kRkX_n18,0.0008,28.0,19,7887,0,200,0.0,inf
kRkX_n18,0.0008,28.0,20,7887,57,200,0.285,108268.04484550684
kRkX_n18,0.0008,28.0,21,7887,59,200,0.295,103905.5941668311
kRkX_n18,0.0008,28.0,22,7887,45,200,0.225,142495.41643492022
kRkX_n18,0.0008,28.0,23,7887,94,200,0.47,57209.35624009911
kRkX_n18,0.0008,28.0,24,7887,94,200,0.47,57209.35624009911
kRkX_n18,0.0008,28.0,25,7887,81,200,0.405,69956.48276140491
kRkX_n18,0.0008,28.0,26,7887,0,200,0.0,inf
kRkX_n18,0.0008,28.0,27,7887,48,200,0.24,132347.30622271943
kRkX_n18,0.0008,28.0,28,7887,0,200,0.0,inf
kRkX_n18,0.0008,28.0,29,7887,51,200,0.255,123385.0133995476
kRkX_n18,0.0008,28.0,30,7887,45,200,0.225,142495.41643492022
kRkX_n18,0.0008,28.0,31,7887,49,200,0.245,129238.88596437756
kRkX_n18,0.0008,28.0,32,7887,39,200,0.195,167444.9064605423
kRkX_n18,0.0008,28.0,33,7887,89,200,0.445,61687.787033109154
kRkX_n18,0.0008,28.0,34,7887,0,200,0.0,inf
kRkX_n18,0.0008,28.0,35,7887,0,200,0.0,inf
kRkX_n18,0.0008,28.0,36,7887,51,200,0.255,123385.0133995476
kRkX_n18,0.0008,28.0,37,7887,0,200,0.0,inf
kRkX_n18,0.0008,28.0,38,7887,91,200,0.455,59839.87365962133
kRkX_n18,0.0008,28.0,39,7887,0,200,0.0,inf
kRkX_n18,0.0008,28.0,40,7887,47,200,0.235,135587.02585706257
kRkX_n18,0.0008,28.0,41,7887,86,200,0.43,64614.40112386879
kRkX_n18,0.0008,28.0,42,7887,79,200,0.395,72276.69398447544
kRkX_n18,0.0008,28.0,43,7887,86,200,0.43,64614.40112386879
kRkX_n18,0.0008,28.0,44,7887,58,200,0.29,106049.6496049249
kRkX_n18,0.0008,28.0,45,7887,0,200,0.0,inf
kRkX_n18,0.0008,28.0,46,7887,95,200,0.475,56367.78421432709
kRkX_n18,0.0008,28.0,47,7887,49,200,0.245,129238.88596437756
kRkX_n18,0.0008,28.0,48,7887,41,200,0.205,158321.2426510519
kRkX_n18,0.0008,28.0,49,7887,48,200,0.24,132347.30622271943
kRkX_n18,0.0008,28.0,50,7887,48,200,0.24,132347.30622271943
kRkX_n18,0.0008,28.0,51,7887,88,200,0.44,62641.97771242755
kRkX_n18,0.0008,28.0,52,7887,103,200,0.515,50194.38448440936
kRkX_n18,0.0008,28.0,53,7887,45,200,0.225,142495.41643492022
kRkX_n18,0.0008,28.0,54,7887,134,200,0.67,32761.07307447169
kRkX_n18,0.0008,28.0,55,7887,0,200,0.0,inf
kRkX_n18,0.0008,28.0,56,7887,0,200,0.0,inf
kRkX_n18,0.0008,28.0,57,7887,51,200,0.255,123385.0133995476
kRkX_n18,0.0008,28.0,58,7887,0,200,0.0,inf
kRkX_n18,0.0008,28.0,59,7887,89,200,0.445,61687.787033109154
kRkX_n18,0.0008,28.0,60,7887,79,200,0.395,72276.69398447544
kRkX_n18,0.0008,28.0,61,7887,0,200,0.0,inf
kRkX_n18,0.0008,28.0,62,7887,52,200,0.26,120625.58265313916
kRkX_n18,0.0008,28.0,63,7887,63,200,0.315,96001.79456088148
kRkX_n18,0.0008,28.0,64,7887,55,200,0.275,112944.11323162388
kRkX_n18,0.0008,28.0,65,7887,0,200,0.0,inf
kRkX_n18,0.0008,28.0,66,7887,0,200,0.0,inf
kRkX_n18,0.0008,28.0,67,7887,101,200,0.505,51651.17397191298
kRkX_n18,0.0008,28.0,68,7887,104,200,0.52,49485.69843266143
kRkX_n18,0.0008,28.0,69,7887,83,200,0.415,67744.88897181021
kRkX_n18,0.0008,28.0,70,7887,136,200,0.68,31876.324762894368
kRkX_n18,0.0008,28.0,71,7887,149,200,0.745,26579.727017634334
kRkX_n18,0.0008,28.0,72,7887,79,200,0.395,72276.69398447544
kRkX_n18,0.0008,28.0,73,7887,134,200,0.67,32761.07307447169
kRkX_n18,0.0008,28.0,74,7887,53,200,0.265,117969.3821958447
kRkX_n18,0.0008,28.0,75,7887,45,200,0.225,142495.41643492022
kRkX_n18,0.0008,28.0,76,7887,52,200,0.26,120625.58265313916
kRkX_n18,0.0008,28.0,77,7887,48,200,0.24,132347.30622271943
kRkX_n18,0.0008,28.0,78,7887,73,200,0.365,79979.20167255595
kRkX_n18,0.0008,28.0,79,7887,53,200,0.265,117969.3821958447
kRkX_n18,0.0008,28.0,80,7887,145,200,0.725,28134.33176220294
kRkX_n18,0.0008,28.0,81,7887,56,200,0.28,110564.7719727619
kRkX_n18,0.0008,28.0,82,7887,0,200,0.0,inf
kRkX_n18,0.0008,28.0,83,7887,75,200,0.375,77278.07828883402
kRkX_n18,0.0008,28.0,84,7887,53,200,0.265,117969.3821958447
kRkX_n18,0.0008,28.0,85,7887,43,200,0.215,150042.31425152966
kRkX_n18,0.0008,28.0,86,7887,58,200,0.29,106049.6496049249
kRkX_n18,0.0008,28.0,87,7887,0,200,0.0,inf
kRkX_n18,0.0008,28.0,88,7887,96,200,0.48,55542.90744788095
kRkX_n18,0.0008,28.0,89,7887,85,200,0.425,65634.16360007737
kRkX_n18,0.0008,28.0,90,7887,0,200,0.0,inf
kRkX_n18,0.0008,28.0,91,7887,42,200,0.21,154083.73366387683
kRkX_n18,0.0008,28.0,92,7887,0,200,0.0,inf
kRkX_n18,0.0008,28.0,93,7887,95,200,0.475,56367.78421432709
kRkX_n18,0.0008,28.0,94,7887,53,200,0.265,117969.3821958447
kRkX_n18,0.0008,28.0,95,7887,0,200,0.0,inf
kRkX_n18,0.0008,28.0,96,7887,89,200,0.445,61687.787033109154
kRkX_n18,0.0008,28.0,97,7887,47,200,0.235,135587.02585706257
kRkX_n18,0.0008,28.0,98,7887,0,200,0.0,inf
kRkX_n18,0.0008,28.0,99,7887,43,200,0.215,150042.31425152966
kRkX_n18,0.0008,28.0,100,7887,0,200,0.0,inf
kRkX_n18,0.002,28.0,1,3025,0,200,0.0,inf
kRkX_n18,0.002,28.0,2,3025,0,200,0.0,inf
kRkX_n18,0.002,28.0,3,3025,22,200,0.11,119541.60826602572
kRkX_n18,0.002,28.0,4,3025,0,200,0.0,inf
kRkX_n18,0.002,28.0,5,3025,0,200,0.0,inf
kRkX_n18,0.002,28.0,6,3025,42,200,0.21,59097.66632854412
kRkX_n18,0.002,28.0,7,3025,28,200,0.14,92364.22824896772
kRkX_n18,0.002,28.0,8,3025,27,200,0.135,96056.30513579617
kRkX_n18,0.002,28.0,9,3025,0,200,0.0,inf
kRkX_n18,0.002,28.0,10,3025,24,200,0.12,108974.98554621763
kRkX_n18,0.002,28.0,11,3025,0,200,0.0,inf
kRkX_n18,0.002,28.0,12,3025,25,200,0.125,104324.82983073192
kRkX_n18,0.002,28.0,13,3025,16,200,0.08,167070.8923690448
kRkX_n18,0.002,28.0,14,3025,17,200,0.085,156821.4508317192
kRkX_n18,0.002,28.0,15,3025,17,200,0.085,156821.4508317192
kRkX_n18,0.002,28.0,16,3025,73,200,0.365,30675.42602503889
kRkX_n18,0.002,28.0,17,3025,28,200,0.14,92364.22824896772
kRkX_n18,0.002,28.0,18,3025,43,200,0.215,57547.61006857833
kRkX_n18,0.002,28.0,19,3025,0,200,0.0,inf
kRkX_n18,0.002,28.0,20,3025,24,200,0.12,108974.98554621763
kRkX_n18,0.002,28.0,21,3025,19,200,0.095,139557.1330553983
kRkX_n18,0.002,28.0,22,3025,21,200,0.105,125578.68765024554
kRkX_n18,0.002,28.0,23,3025,46,200,0.23,53299.60929794694
kRkX_n18,0.002,28.0,24,3025,40,200,0.2,62429.04950902284
kRkX_n18,0.002,28.0,25,3025,36,200,0.18,70196.89552589961
kRkX_n18,0.002,28.0,26,3025,0,200,0.0,inf
kRkX_n18,0.002,28.0,27,3025,19,200,0.095,139557.1330553983
kRkX_n18,0.002,28.0,28,3025,0,200,0.0,inf
kRkX_n18,0.002,28.0,29,3025,20,200,0.1,132218.78922703615
kRkX_n18,0.002,28.0,30,3025,22,200,0.11,119541.60826602572
kRkX_n18,0.002,28.0,31,3025,17,200,0.085,156821.4508317192
kRkX_n18,0.002,28.0,32,3025,15,200,0.075,178686.04891587544
kRkX_n18,0.002,28.0,33,3025,33,200,0.165,77253.57832328438
kRkX_n18,0.002,28.0,34,3025,0,200,0.0,inf
kRkX_n18,0.002,28.0,35,3025,0,200,0.0,inf
kRkX_n18,0.002,28.0,36,3025,18,200,0.09,147710.09911832865
kRkX_n18,0.002,28.0,37,3025,0,200,0.0,inf
kRkX_n18,0.002,28.0,38,3025,31,200,0.155,82714.35306129215
kRkX_n18,0.002,28.0,39,3025,0,200,0.0,inf
kRkX_n18,0.002,28.0,40,3025,22,200,0.11,119541.60826602572
kRkX_n18,0.002,28.0,41,3025,42,200,0.21,59097.66632854412
kRkX_n18,0.002,28.0,42,3025,36,200,0.18,70196.89552589961
kRkX_n18,0.002,28.0,43,3025,45,200,0.225,54653.05372329576
kRkX_n18,0.002,28.0,44,3025,13,200,0.065,207274.19980514268
kRkX_n18,0.002,28.0,45,3025,0,200,0.0,inf
kRkX_n18,0.002,28.0,46,3025,49,200,0.245,49568.610376853314
kRkX_n18,0.002,28.0,47,3025,18,200,0.09,147710.09911832865
kRkX_n18,0.002,28.0,48,3025,22,200,0.11,119541.60826602572
kRkX_n18,0.002,28.0,49,3025,19,200,0.095,139557.1330553983
kRkX_n18,0.002,28.0,50,3025,21,200,0.105,125578.68765024554
kRkX_n18,0.002,28.0,51,3025,27,200,0.135,96056.30513579617
kRkX_n18,0.002,28.0,52,3025,38,200,0.19,66109.39461351809
kRkX_n18,0.002,28.0,53,3025,13,200,0.065,207274.19980514268
kRkX_n18,0.002,28.0,54,3025,70,200,0.35,32337.95791851735
kRkX_n18,0.002,28.0,55,3025,0,200,0.0,inf
kRkX_n18,0.002,28.0,56,3025,0,200,0.0,inf
kRkX_n18,0.002,28.0,57,3025,18,200,0.09,147710.09911832865
kRkX_n18,0.002,28.0,58,3025,0,200,0.0,inf
kRkX_n18,0.002,28.0,59,3025,29,200,0.145,88926.27513227276
kRkX_n18,0.002,28.0,60,3025,33,200,0.165,77253.57832328438
kRkX_n18,0.002,28.0,61,3025,0,200,0.0,inf
kRkX_n18,0.002,28.0,62,3025,21,200,0.105,125578.68765024554
kRkX_n18,0.002,28.0,63,3025,26,200,0.13,100031.83264005836
kRkX_n18,0.002,28.0,64,3025,22,200,0.11,119541.60826602572
kRkX_n18,0.002,28.0,65,3025,0,200,0.0,inf
kRkX_n18,0.002,28.0,66,3025,0,199,0.0,inf
kRkX_n18,0.002,28.0,67,3025,44,200,0.22,56067.631006871416
kRkX_n18,0.002,28.0,68,3025,48,200,0.24,50760.82177300955
kRkX_n18,0.002,28.0,69,3025,37,200,0.185,68098.12201354299
kRkX_n18,0.002,28.0,70,3025,65,200,0.325,35443.079793503595
kRkX_n18,0.002,28.0,71,3025,68,200,0.34,33526.166151117046
kRkX_n18,0.002,28.0,72,3025,41,200,0.205,60722.9312817842
kRkX_n18,0.002,28.0,73,3025,73,200,0.365,30675.42602503889
kRkX_n18,0.002,28.0,74,3025,17,200,0.085,156821.4508317192
kRkX_n18,0.002,28.0,75,3025,22,200,0.11,119541.60826602572
kRkX_n18,0.002,28.0,76,3025,26,200,0.13,100031.83264005836
kRkX_n18,0.002,28.0,77,3025,18,200,0.09,147710.09911832865
kRkX_n18,0.002,28.0,78,3025,22,200,0.11,119541.60826602572
kRkX_n18,0.002,28.0,79,3025,22,200,0.11,119541.60826602572
kRkX_n18,0.002,28.0,80,3025,57,200,0.285,41525.400742697886
kRkX_n18,0.002,28.0,81,3025,26,200,0.13,100031.83264005836
kRkX_n18,0.002,28.0,82,3025,0,200,0.0,inf
kRkX_n18,0.002,28.0,83,3025,42,200,0.21,59097.66632854412
kRkX_n18,0.002,28.0,84,3025,10,200,0.05,271587.9332561468
kRkX_n18,0.002,28.0,85,3025,22,200,0.11,119541.60826602572
kRkX_n18,0.002,28.0,86,3025,22,200,0.11,119541.60826602572
kRkX_n18,0.002,28.0,87,3025,0,200,0.0,inf
kRkX_n18,0.002,28.0,88,3025,35,200,0.175,72415.1518233669
kRkX_n18,0.002,28.0,89,3025,41,200,0.205,60722.9312817842
kRkX_n18,0.002,28.0,90,3025,0,200,0.0,inf
kRkX_n18,0.002,28.0,91,3025,27,200,0.135,96056.30513579617
kRkX_n18,0.002,28.0,92,3025,0,200,0.0,inf
kRkX_n18,0.002,28.0,93,3025,39,200,0.195,64222.24445836699
kRkX_n18,0.002,28.0,94,3025,25,200,0.125,104324.82983073192
kRkX_n18,0.002,28.0,95,3025,0,200,0.0,inf
kRkX_n18,0.002,28.0,96,3025,30,200,0.15,85717.02912185808
kRkX_n18,0.002,28.0,97,3025,18,200,0.09,147710.09911832865
kRkX_n18,0.002,28.0,98,3025,0,200,0.0,inf
kRkX_n18,0.002,28.0,99,3025,19,200,0.095,139557.1330553983
kRkX_n18,0.002,28.0,100,3025,0,200,0.0,inf
kRkX_n18,0.004,28.0,1,1717,0,200,0.0,inf
kRkX_n18,0.004,28.0,2,1717,0,200,0.0,inf
kRkX_n18,0.004,28.0,3,1717,7,200,0.035,221939.47801704635
kRkX_n18,0.004,28.0,4,1717,0,200,0.0,inf
kRkX_n18,0.004,28.0,5,1717,0,200,0.0,inf
kRkX_n18,0.004,28.0,6,1717,18,200,0.09,83840.74055741167
kRkX_n18,0.004,28.0,7,1717,10,200,0.05,154154.20872753853
kRkX_n18,0.004,28.0,8,1717,12,200,0.06,127790.31301948726
kRkX_n18,0.004,28.0,9,1717,0,200,0.0,inf
kRkX_n18,0.004,28.0,10,1717,11,200,0.055,139774.2280417636
kRkX_n18,0.004,28.0,11,1717,0,200,0.0,inf
kRkX_n18,0.004,28.0,12,1717,8,200,0.04,193696.49382070728
kRkX_n18,0.004,28.0,13,1717,13,200,0.065,117649.52101336529
kRkX_n18,0.004,28.0,14,1717,22,200,0.11,67852.2120306665
kRkX_n18,0.004,28.0,15,1717,16,200,0.08,94829.99080914046
kRkX_n18,0.004,28.0,16,1717,44,200,0.22,31824.17270704073
kRkX_n18,0.004,28.0,17,1717,7,200,0.035,221939.47801704635
kRkX_n18,0.004,28.0,18,1717,28,200,0.14,52426.24129040581
kRkX_n18,0.004,28.0,19,1717,0,200,0.0,inf
kRkX_n18,0.004,28.0,20,1717,9,200,0.045,171728.9499268173
kRkX_n18,0.004,28.0,21,1717,8,200,0.04,193696.49382070728
kRkX_n18,0.004,28.0,22,1717,9,200,0.045,171728.9499268173
kRkX_n18,0.004,28.0,23,1717,33,200,0.165,43849.3864400262
kRkX_n18,0.004,28.0,24,1717,22,200,0.11,67852.2120306665
kRkX_n18,0.004,28.0,25,1717,19,200,0.095,79213.09006813847
kRkX_n18,0.004,28.0,26,1717,0,200,0.0,inf
kRkX_n18,0.004,28.0,27,1717,14,200,0.07,108956.89293386468
kRkX_n18,0.004,28.0,28,1717,0,200,0.0,inf
kRkX_n18,0.004,28.0,29,1717,13,200,0.065,117649.52101336529
kRkX_n18,0.004,28.0,30,1717,12,200,0.06,127790.31301948726
kRkX_n18,0.004,28.0,31,1717,6,200,0.03,259595.6317416052
kRkX_n18,0.004,28.0,32,1717,10,200,0.05,154154.20872753853
kRkX_n18,0.004,28.0,33,1717,19,200,0.095,79213.09006813847
kRkX_n18,0.004,28.0,34,1717,0,200,0.0,inf
kRkX_n18,0.004,28.0,35,1717,0,200,0.0,inf
kRkX_n18,0.004,28.0,36,1717,11,200,0.055,139774.2280417636
kRkX_n18,0.004,28.0,37,1717,0,200,0.0,inf
kRkX_n18,0.004,28.0,38,1717,25,200,0.125,59215.118287393954
kRkX_n18,0.004,28.0,39,1717,0,200,0.0,inf
kRkX_n18,0.004,28.0,40,1717,13,200,0.065,117649.52101336529
kRkX_n18,0.004,28.0,41,1717,26,200,0.13,56778.39889024138
kRkX_n18,0.004,28.0,42,1717,23,200,0.115,64723.17546078467
kRkX_n18,0.004,28.0,43,1717,24,200,0.12,61854.56204391923
kRkX_n18,0.004,28.0,44,1717,16,200,0.08,94829.99080914046
kRkX_n18,0.004,28.0,45,1717,0,200,0.0,inf
kRkX_n18,0.004,28.0,46,1717,28,200,0.14,52426.24129040581
kRkX_n18,0.004,28.0,47,1717,14,200,0.07,108956.89293386468
kRkX_n18,0.004,28.0,48,1717,10,200,0.05,154154.20872753853
kRkX_n18,0.004,28.0,49,1717,12,200,0.06,127790.31301948726
kRkX_n18,0.004,28.0,50,1717,9,200,0.045,171728.9499268173
kRkX_n18,0.004,28.0,51,1717,31,200,0.155,46948.94023346731
kRkX_n18,0.004,28.0,52,1717,25,200,0.125,59215.118287393954
kRkX_n18,0.004,28.0,53,1717,13,200,0.065,117649.52101336529
kRkX_n18,0.004,28.0,54,1717,43,200,0.215,32664.21371495834
kRkX_n18,0.004,28.0,55,1717,0,200,0.0,inf
kRkX_n18,0.004,28.0,56,1717,0,200,0.0,inf
kRkX_n18,0.004,28.0,57,1717,12,200,0.06,127790.31301948726
kRkX_n18,0.004,28.0,58,1717,0,200,0.0,inf
kRkX_n18,0.004,28.0,59,1717,26,200,0.13,56778.39889024138
kRkX_n18,0.004,28.0,60,1717,22,200,0.11,67852.2120306665
kRkX_n18,0.004,28.0,61,1717,0,200,0.0,inf
kRkX_n18,0.004,28.0,62,1717,12,200,0.06,127790.31301948726
kRkX_n18,0.004,28.0,63,1717,12,200,0.06,127790.31301948726
kRkX_n18,0.004,28.0,64,1717,11,200,0.055,139774.2280417636
kRkX_n18,0.004,28.0,65,1717,0,200,0.0,inf
kRkX_n18,0.004,28.0,66,1717,0,200,0.0,inf
kRkX_n18,0.004,28.0,67,1717,28,200,0.14,52426.24129040581
kRkX_n18,0.004,28.0,68,1717,28,200,0.14,52426.24129040581
kRkX_n18,0.004,28.0,69,1717,19,200,0.095,79213.09006813847
kRkX_n18,0.004,28.0,70,1717,36,200,0.18,39843.9899563536
kRkX_n18,0.004,28.0,71,1717,53,200,0.265,25681.93599978006
kRkX_n18,0.004,28.0,72,1717,21,200,0.105,71278.87824643689
kRkX_n18,0.004,28.0,73,1717,33,200,0.165,43849.3864400262
kRkX_n18,0.004,28.0,74,1717,5,200,0.025,312312.8674586686
kRkX_n18,0.004,28.0,75,1717,12,200,0.06,127790.31301948726
kRkX_n18,0.004,28.0,76,1717,9,200,0.045,171728.9499268173
kRkX_n18,0.004,28.0,77,1717,12,200,0.06,127790.31301948726
kRkX_n18,0.004,28.0,78,1717,10,200,0.05,154154.20872753853
kRkX_n18,0.004,28.0,79,1717,10,200,0.05,154154.20872753853
kRkX_n18,0.004,28.0,80,1717,40,200,0.2,35434.93487834453
kRkX_n18,0.004,28.0,81,1717,12,200,0.06,127790.31301948726
kRkX_n18,0.004,28.0,82,1717,0,200,0.0,inf
kRkX_n18,0.004,28.0,83,1717,16,200,0.08,94829.99080914046
kRkX_n18,0.004,28.0,84,1717,10,200,0.05,154154.20872753853
kRkX_n18,0.004,28.0,85,1717,15,200,0.075,101422.79206233326
kRkX_n18,0.004,28.0,86,1717,10,200,0.05,154154.20872753853
kRkX_n18,0.004,28.0,87,1717,0,200,0.0,inf
kRkX_n18,0.004,28.0,88,1717,27,200,0.135,54521.87633658248
kRkX_n18,0.004,28.0,89,1717,26,200,0.13,56778.39889024138
kRkX_n18,0.004,28.0,90,1717,0,200,0.0,inf
kRkX_n18,0.004,28.0,91,1717,2,200,0.01,786747.559942168
kRkX_n18,0.004,28.0,92,1717,0,200,0.0,inf
kRkX_n18,0.004,28.0,93,1717,23,200,0.115,64723.17546078467
kRkX_n18,0.004,28.0,94,1717,11,200,0.055,139774.2280417636
kRkX_n18,0.004,28.0,95,1717,0,200,0.0,inf
kRkX_n18,0.004,28.0,96,1717,23,200,0.115,64723.17546078467
kRkX_n18,0.004,28.0,97,1717,13,200,0.065,117649.52101336529
kRkX_n18,0.004,28.0,98,1717,0,200,0.0,inf
kRkX_n18,0.004,28.0,99,1717,12,200,0.06,127790.31301948726
kRkX_n18,0.004,28.0,100,1717,0,200,0.0,inf
kRkX_n18,0.006,28.0,1,826,0,200,0.0,inf
kRkX_n18,0.006,28.0,2,826,0,200,0.0,inf
kRkX_n18,0.006,28.0,3,826,3,200,0.015,251684.645446326
kRkX_n18,0.006,28.0,4,826,0,200,0.0,inf
kRkX_n18,0.006,28.0,5,826,0,200,0.0,inf
kRkX_n18,0.006,28.0,6,826,12,200,0.06,61476.29502277023
kRkX_n18,0.006,28.0,7,826,10,200,0.05,74159.2174775462
kRkX_n18,0.006,28.0,8,826,7,200,0.035,106768.78791035544
kRkX_n18,0.006,28.0,9,826,0,200,0.0,inf
kRkX_n18,0.006,28.0,10,826,5,200,0.025,150244.86227190465
kRkX_n18,0.006,28.0,11,826,0,200,0.0,inf
kRkX_n18,0.006,28.0,12,826,7,200,0.035,106768.78791035544
kRkX_n18,0.006,28.0,13,826,7,200,0.035,106768.78791035544
kRkX_n18,0.006,28.0,14,826,6,200,0.03,124884.09540976465
kRkX_n18,0.006,28.0,15,826,3,200,0.015,251684.645446326
kRkX_n18,0.006,28.0,16,826,35,200,0.175,19773.525754082995
kRkX_n18,0.006,28.0,17,826,5,200,0.025,150244.86227190465
kRkX_n18,0.006,28.0,18,826,11,200,0.055,67241.4166351175
kRkX_n18,0.006,28.0,19,826,0,200,0.0,inf
kRkX_n18,0.006,28.0,20,826,7,200,0.035,106768.78791035544
kRkX_n18,0.006,28.0,21,826,5,200,0.025,150244.86227190465
kRkX_n18,0.006,28.0,22,826,4,200,0.02,188285.1893977352
kRkX_n18,0.006,28.0,23,826,12,200,0.06,61476.29502277023
kRkX_n18,0.006,28.0,24,826,18,200,0.09,40333.402271649415
kRkX_n18,0.006,28.0,25,826,8,200,0.04,93181.88928124882
kRkX_n18,0.006,28.0,26,826,0,200,0.0,inf
kRkX_n18,0.006,28.0,27,826,6,200,0.03,124884.09540976465
kRkX_n18,0.006,28.0,28,826,0,200,0.0,inf
kRkX_n18,0.006,28.0,29,826,4,200,0.02,188285.1893977352
kRkX_n18,0.006,28.0,30,826,5,200,0.025,150244.86227190465
kRkX_n18,0.006,28.0,31,826,4,200,0.02,188285.1893977352
kRkX_n18,0.006,28.0,32,826,1,200,0.005,758870.5905173891
kRkX_n18,0.006,28.0,33,826,10,200,0.05,74159.2174775462
kRkX_n18,0.006,28.0,34,826,0,200,0.0,inf
kRkX_n18,0.006,28.0,35,826,0,200,0.0,inf
kRkX_n18,0.006,28.0,36,826,8,198,0.0404040404040404,92230.78820802306
kRkX_n18,0.006,28.0,37,826,0,200,0.0,inf
kRkX_n18,0.006,28.0,38,826,11,200,0.055,67241.4166351175
kRkX_n18,0.006,28.0,39,826,0,200,0.0,inf
kRkX_n18,0.006,28.0,40,826,6,200,0.03,124884.09540976465
kRkX_n18,0.006,28.0,41,826,11,200,0.055,67241.4166351175
kRkX_n18,0.006,28.0,42,826,14,200,0.07,52416.07079986735
kRkX_n18,0.006,28.0,43,826,12,200,0.06,61476.29502277023
kRkX_n18,0.006,28.0,44,826,6,200,0.03,124884.09540976465
kRkX_n18,0.006,28.0,45,826,0,200,0.0,inf
kRkX_n18,0.006,28.0,46,826,14,200,0.07,52416.07079986735
kRkX_n18,0.006,28.0,47,826,6,200,0.03,124884.09540976465
kRkX_n18,0.006,28.0,48,826,6,200,0.03,124884.09540976465
kRkX_n18,0.006,28.0,49,826,8,200,0.04,93181.88928124882
kRkX_n18,0.006,28.0,50,826,4,200,0.02,188285.1893977352
kRkX_n18,0.006,28.0,51,826,9,200,0.045,82613.92698867274
kRkX_n18,0.006,28.0,52,826,15,200,0.075,48791.62856347541
kRkX_n18,0.006,28.0,53,826,6,200,0.03,124884.09540976465
kRkX_n18,0.006,28.0,54,826,18,200,0.09,40333.402271649415
kRkX_n18,0.006,28.0,55,826,0,200,0.0,inf
kRkX_n18,0.006,28.0,56,826,0,200,0.0,inf
kRkX_n18,0.006,28.0,57,826,9,200,0.045,82613.92698867274
kRkX_n18,0.006,28.0,58,826,0,200,0.0,inf
kRkX_n18,0.006,28.0,59,826,7,200,0.035,106768.78791035544
kRkX_n18,0.006,28.0,60,826,6,200,0.03,124884.09540976465
kRkX_n18,0.006,28.0,61,826,0,200,0.0,inf
kRkX_n18,0.006,28.0,62,826,3,200,0.015,251684.645446326
kRkX_n18,0.006,28.0,63,826,5,200,0.025,150244.86227190465
kRkX_n18,0.006,28.0,64,826,4,200,0.02,188285.1893977352
kRkX_n18,0.006,28.0,65,826,0,200,0.0,inf
kRkX_n18,0.006,28.0,66,826,0,200,0.0,inf
kRkX_n18,0.006,28.0,67,826,12,200,0.06,61476.29502277023
kRkX_n18,0.006,28.0,68,826,12,200,0.06,61476.29502277023
kRkX_n18,0.006,28.0,69,826,6,200,0.03,124884.09540976465
kRkX_n18,0.006,28.0,70,826,25,200,0.125,28486.713864523823
kRkX_n18,0.006,28.0,71,826,21,200,0.105,34290.24661127366
kRkX_n18,0.006,28.0,72,826,13,200,0.065,56597.84761621417
kRkX_n18,0.006,28.0,73,826,15,200,0.075,48791.62856347541
kRkX_n18,0.006,28.0,74,826,6,200,0.03,124884.09540976465
kRkX_n18,0.006,28.0,75,826,4,200,0.02,188285.1893977352
kRkX_n18,0.006,28.0,76,826,6,200,0.03,124884.09540976465
kRkX_n18,0.006,28.0,77,826,2,200,0.01,378481.93623309885
kRkX_n18,0.006,28.0,78,826,5,200,0.025,150244.86227190465
kRkX_n18,0.006,28.0,79,826,12,200,0.06,61476.29502277023
kRkX_n18,0.006,28.0,80,826,24,200,0.12,29756.475392124223
kRkX_n18,0.006,28.0,81,826,2,200,0.01,378481.93623309885
kRkX_n18,0.006,28.0,82,826,0,200,0.0,inf
kRkX_n18,0.006,28.0,83,826,15,200,0.075,48791.62856347541
kRkX_n18,0.006,28.0,84,826,0,200,0.0,inf
kRkX_n18,0.006,28.0,85,826,4,200,0.02,188285.1893977352
kRkX_n18,0.006,28.0,86,826,9,200,0.045,82613.92698867274
kRkX_n18,0.006,28.0,87,826,0,200,0.0,inf
kRkX_n18,0.006,28.0,88,826,12,200,0.06,61476.29502277023
kRkX_n18,0.006,28.0,89,826,12,200,0.06,61476.29502277023
kRkX_n18,0.006,28.0,90,826,0,200,0.0,inf
kRkX_n18,0.006,28.0,91,826,4,199,0.0201005025125628,187334.1892449487
kRkX_n18,0.006,28.0,92,826,0,200,0.0,inf
kRkX_n18,0.006,28.0,93,826,10,200,0.05,74159.2174775462
kRkX_n18,0.006,28.0,94,826,6,200,0.03,124884.09540976465
kRkX_n18,0.006,28.0,95,826,0,200,0.0,inf
kRkX_n18,0.006,28.0,96,826,13,200,0.065,56597.84761621417
kRkX_n18,0.006,28.0,97,826,4,200,0.02,188285.1893977352
kRkX_n18,0.006,28.0,98,826,0,200,0.0,inf
kRkX_n18,0.006,28.0,99,826,6,200,0.03,124884.09540976465
kRkX_n18,0.006,28.0,100,826,0,200,0.0,inf
kRkX_n18,0.008,28.0,1,734,0,200,0.0,inf
kRkX_n18,0.008,28.0,2,734,0,200,0.0,inf
kRkX_n18,0.008,28.0,3,734,6,200,0.03,110974.4867200572
kRkX_n18,0.008,28.0,4,734,0,200,0.0,inf
kRkX_n18,0.008,28.0,5,734,0,200,0.0,inf
kRkX_n18,0.008,28.0,6,734,16,200,0.08,40538.85454508392
kRkX_n18,0.008,28.0,7,734,9,200,0.045,73412.37579865108
kRkX_n18,0.008,28.0,8,734,3,200,0.015,223651.97307215887
kRkX_n18,0.008,28.0,9,734,0,200,0.0,inf
kRkX_n18,0.008,28.0,10,734,11,200,0.055,59752.05788156929
kRkX_n18,0.008,28.0,11,734,0,200,0.0,inf
kRkX_n18,0.008,28.0,12,734,6,200,0.03,110974.4867200572
kRkX_n18,0.008,28.0,13,734,2,200,0.01,336326.5631901871
kRkX_n18,0.008,28.0,14,734,1,200,0.005,674347.473898019
kRkX_n18,0.008,28.0,15,734,7,200,0.035,94876.864801696
kRkX_n18,0.008,28.0,16,734,23,200,0.115,27668.49783821546
kRkX_n18,0.008,28.0,17,734,3,200,0.015,223651.97307215887
kRkX_n18,0.008,28.0,18,734,8,200,0.04,82803.27691578286
kRkX_n18,0.008,28.0,19,734,0,200,0.0,inf
kRkX_n18,0.008,28.0,20,734,8,200,0.04,82803.27691578286
kRkX_n18,0.008,28.0,21,734,5,200,0.025,133510.56768471914
kRkX_n18,0.008,28.0,22,734,2,200,0.01,336326.5631901871
kRkX_n18,0.008,28.0,23,734,11,200,0.055,59752.05788156929
kRkX_n18,0.008,28.0,24,734,9,200,0.045,73412.37579865108
kRkX_n18,0.008,28.0,25,734,11,200,0.055,59752.05788156929
kRkX_n18,0.008,28.0,26,734,0,200,0.0,inf
kRkX_n18,0.008,28.0,27,734,1,200,0.005,674347.473898019
kRkX_n18,0.008,28.0,28,734,0,200,0.0,inf
kRkX_n18,0.008,28.0,29,734,6,200,0.03,110974.4867200572
kRkX_n18,0.008,28.0,30,734,5,200,0.025,133510.56768471914
kRkX_n18,0.008,28.0,31,734,4,200,0.02,167313.95764883488
kRkX_n18,0.008,28.0,32,734,5,200,0.025,133510.56768471914
kRkX_n18,0.008,28.0,33,734,15,200,0.075,43357.20988570333
kRkX_n18,0.008,28.0,34,734,0,200,0.0,inf
kRkX_n18,0.008,28.0,35,734,0,200,0.0,inf
kRkX_n18,0.008,28.0,36,734,3,200,0.015,223651.97307215887
kRkX_n18,0.008,28.0,37,734,0,200,0.0,inf
kRkX_n18,0.008,28.0,38,734,5,200,0.025,133510.56768471914
kRkX_n18,0.008,28.0,39,734,0,200,0.0,inf
kRkX_n18,0.008,28.0,40,734,5,200,0.025,133510.56768471914
kRkX_n18,0.008,28.0,41,734,6,200,0.03,110974.4867200572
kRkX_n18,0.008,28.0,42,734,18,200,0.09,35841.06206705892
kRkX_n18,0.008,28.0,43,734,15,200,0.075,43357.20988570333
kRkX_n18,0.008,28.0,44,734,8,200,0.04,82803.27691578286
kRkX_n18,0.008,28.0,45,734,0,200,0.0,inf
kRkX_n18,0.008,28.0,46,734,12,200,0.06,54629.05635195321
kRkX_n18,0.008,28.0,47,734,6,200,0.03,110974.4867200572
kRkX_n18,0.008,28.0,48,734,3,200,0.015,223651.97307215887
kRkX_n18,0.008,28.0,49,734,2,200,0.01,336326.5631901871
kRkX_n18,0.008,28.0,50,734,8,200,0.04,82803.27691578286
kRkX_n18,0.008,28.0,51,734,9,200,0.045,73412.37579865108
kRkX_n18,0.008,28.0,52,734,4,200,0.02,167313.95764883488
kRkX_n18,0.008,28.0,53,734,8,200,0.04,82803.27691578286
kRkX_n18,0.008,28.0,54,734,25,200,0.125,25313.85953578752
kRkX_n18,0.008,28.0,55,734,0,200,0.0,inf
kRkX_n18,0.008,28.0,56,734,0,200,0.0,inf
kRkX_n18,0.008,28.0,57,734,5,200,0.025,133510.56768471914
kRkX_n18,0.008,28.0,58,734,0,200,0.0,inf
kRkX_n18,0.008,28.0,59,734,6,200,0.03,110974.4867200572
kRkX_n18,0.008,28.0,60,734,5,200,0.025,133510.56768471914
kRkX_n18,0.008,28.0,61,734,0,200,0.0,inf
kRkX_n18,0.008,28.0,62,734,9,200,0.045,73412.37579865108
kRkX_n18,0.008,28.0,63,734,7,200,0.035,94876.864801696
kRkX_n18,0.008,28.0,64,734,7,200,0.035,94876.864801696
kRkX_n18,0.008,28.0,65,734,0,200,0.0,inf
kRkX_n18,0.008,28.0,66,734,0,200,0.0,inf
kRkX_n18,0.008,28.0,67,734,10,200,0.05,65899.3530611609
kRkX_n18,0.008,28.0,68,734,7,200,0.035,94876.864801696
kRkX_n18,0.008,28.0,69,734,10,200,0.05,65899.3530611609
kRkX_n18,0.008,28.0,70,734,18,200,0.09,35841.06206705892
kRkX_n18,0.008,28.0,71,734,20,200,0.1,32082.1789397172
kRkX_n18,0.008,28.0,72,734,19,200,0.095,33862.788648814
kRkX_n18,0.008,28.0,73,734,20,200,0.1,32082.1789397172
kRkX_n18,0.008,28.0,74,734,7,200,0.035,94876.864801696
kRkX_n18,0.008,28.0,75,734,6,200,0.03,110974.4867200572
kRkX_n18,0.008,28.0,76,734,6,200,0.03,110974.4867200572
kRkX_n18,0.008,28.0,77,734,4,200,0.02,167313.95764883488
kRkX_n18,0.008,28.0,78,734,6,200,0.03,110974.4867200572
kRkX_n18,0.008,28.0,79,734,7,200,0.035,94876.864801696
kRkX_n18,0.008,28.0,80,734,13,200,0.065,50293.97112627264
kRkX_n18,0.008,28.0,81,734,5,200,0.025,133510.56768471914
kRkX_n18,0.008,28.0,82,734,0,200,0.0,inf
kRkX_n18,0.008,28.0,83,734,11,200,0.055,59752.05788156929
kRkX_n18,0.008,28.0,84,734,3,200,0.015,223651.97307215887
kRkX_n18,0.008,28.0,85,734,6,200,0.03,110974.4867200572
kRkX_n18,0.008,28.0,86,734,8,200,0.04,82803.27691578286
kRkX_n18,0.008,28.0,87,734,0,200,0.0,inf
kRkX_n18,0.008,28.0,88,734,10,200,0.05,65899.3530611609
kRkX_n18,0.008,28.0,89,734,11,200,0.055,59752.05788156929
kRkX_n18,0.008,28.0,90,734,0,200,0.0,inf
kRkX_n18,0.008,28.0,91,734,4,200,0.02,167313.95764883488
kRkX_n18,0.008,28.0,92,734,0,200,0.0,inf
kRkX_n18,0.008,28.0,93,734,9,200,0.045,73412.37579865108
kRkX_n18,0.008,28.0,94,734,9,200,0.045,73412.37579865108
kRkX_n18,0.008,28.0,95,734,0,200,0.0,inf
kRkX_n18,0.008,28.0,96,734,9,200,0.045,73412.37579865108
kRkX_n18,0.008,28.0,97,734,9,200,0.045,73412.37579865108
kRkX_n18,0.008,28.0,98,734,0,200,0.0,inf
kRkX_n18,0.008,28.0,99,734,6,200,0.03,110974.4867200572
kRkX_n18,0.008,28.0,100,734,0,200,0.0,inf
kRkX_n18,0.01,28.0,1,588,0,200,0.0,inf
kRkX_n18,0.01,28.0,2,588,0,200,0.0,inf
kRkX_n18,0.01,28.0,3,588,5,200,0.025,106953.96975288128
kRkX_n18,0.01,28.0,4,588,0,200,0.0,inf
kRkX_n18,0.01,28.0,5,588,0,200,0.0,inf
kRkX_n18,0.01,28.0,6,588,8,200,0.04,66332.87033580424
kRkX_n18,0.01,28.0,7,588,4,200,0.02,134033.52465601487
kRkX_n18,0.01,28.0,8,588,7,200,0.035,76004.89986838862
kRkX_n18,0.01,28.0,9,588,0,200,0.0,inf
kRkX_n18,0.01,28.0,10,588,6,200,0.03,88900.5424950867
kRkX_n18,0.01,28.0,11,588,0,200,0.0,inf
kRkX_n18,0.01,28.0,12,588,7,200,0.035,76004.89986838862
kRkX_n18,0.01,28.0,13,588,8,200,0.04,66332.87033580424
kRkX_n18,0.01,28.0,14,588,5,200,0.025,106953.96975288128
kRkX_n18,0.01,28.0,15,588,4,200,0.02,134033.52465601487
kRkX_n18,0.01,28.0,16,588,13,200,0.065,40289.99321832195
kRkX_n18,0.01,28.0,17,588,4,200,0.02,134033.52465601487
kRkX_n18,0.01,28.0,18,588,9,200,0.045,58809.91412752975
kRkX_n18,0.01,28.0,19,588,0,200,0.0,inf
kRkX_n18,0.01,28.0,20,588,4,200,0.02,134033.52465601487
kRkX_n18,0.01,28.0,21,588,3,200,0.015,179165.3408261981
kRkX_n18,0.01,28.0,22,588,5,200,0.025,106953.96975288128
kRkX_n18,0.01,28.0,23,588,8,200,0.04,66332.87033580424
kRkX_n18,0.01,28.0,24,588,8,200,0.04,66332.87033580424
kRkX_n18,0.01,28.0,25,588,7,200,0.035,76004.89986838862
kRkX_n18,0.01,28.0,26,588,0,200,0.0,inf
kRkX_n18,0.01,28.0,27,588,4,200,0.02,134033.52465601487
kRkX_n18,0.01,28.0,28,588,0,200,0.0,inf
kRkX_n18,0.01,28.0,29,588,2,200,0.01,269427.8190133924
kRkX_n18,0.01,28.0,30,588,5,200,0.025,106953.96975288128
kRkX_n18,0.01,28.0,31,588,9,200,0.045,58809.91412752975
kRkX_n18,0.01,28.0,32,588,3,200,0.015,179165.3408261981
kRkX_n18,0.01,28.0,33,588,9,200,0.045,58809.91412752975
kRkX_n18,0.01,28.0,34,588,0,200,0.0,inf
kRkX_n18,0.01,28.0,35,588,0,200,0.0,inf
kRkX_n18,0.01,28.0,36,588,6,200,0.03,88900.5424950867
kRkX_n18,0.01,28.0,37,588,0,200,0.0,inf
kRkX_n18,0.01,28.0,38,588,7,200,0.035,76004.89986838862
kRkX_n18,0.01,28.0,39,588,0,200,0.0,inf
kRkX_n18,0.01,28.0,40,588,5,200,0.025,106953.96975288128
kRkX_n18,0.01,28.0,41,588,7,200,0.035,76004.89986838862
kRkX_n18,0.01,28.0,42,588,8,200,0.04,66332.87033580424
kRkX_n18,0.01,28.0,43,588,9,200,0.045,58809.91412752975
kRkX_n18,0.01,28.0,44,588,4,200,0.02,134033.52465601487
kRkX_n18,0.01,28.0,45,588,0,200,0.0,inf
kRkX_n18,0.01,28.0,46,588,14,200,0.07,37313.13514566828
kRkX_n18,0.01,28.0,47,588,4,200,0.02,134033.52465601487
kRkX_n18,0.01,28.0,48,588,2,200,0.01,269427.8190133924
kRkX_n18,0.01,28.0,49,588,2,200,0.01,269427.8190133924
kRkX_n18,0.01,28.0,50,588,4,200,0.02,134033.52465601487
kRkX_n18,0.01,28.0,51,588,9,200,0.045,58809.91412752975
kRkX_n18,0.01,28.0,52,588,10,200,0.05,52791.30735689729
kRkX_n18,0.01,28.0,53,588,4,200,0.02,134033.52465601487
kRkX_n18,0.01,28.0,54,588,16,200,0.08,32475.26767371846
kRkX_n18,0.01,28.0,55,588,0,200,0.0,inf
kRkX_n18,0.01,28.0,56,588,0,200,0.0,inf
kRkX_n18,0.01,28.0,57,588,3,200,0.015,179165.3408261981
kRkX_n18,0.01,28.0,58,588,0,200,0.0,inf
kRkX_n18,0.01,28.0,59,588,7,200,0.035,76004.89986838862
kRkX_n18,0.01,28.0,60,588,3,200,0.015,179165.3408261981
kRkX_n18,0.01,28.0,61,588,0,200,0.0,inf
kRkX_n18,0.01,28.0,62,588,5,200,0.025,106953.96975288128
kRkX_n18,0.01,28.0,63,588,8,200,0.04,66332.87033580424
kRkX_n18,0.01,28.0,64,588,9,200,0.045,58809.91412752975
kRkX_n18,0.01,28.0,65,588,0,200,0.0,inf
kRkX_n18,0.01,28.0,66,588,0,200,0.0,inf
kRkX_n18,0.01,28.0,67,588,8,200,0.04,66332.87033580424
kRkX_n18,0.01,28.0,68,588,7,200,0.035,76004.89986838862
kRkX_n18,0.01,28.0,69,588,9,200,0.045,58809.91412752975
kRkX_n18,0.01,28.0,70,588,22,200,0.11,23236.5175736936
kRkX_n18,0.01,28.0,71,588,20,200,0.1,25700.710104296613
kRkX_n18,0.01,28.0,72,588,7,200,0.035,76004.89986838862
kRkX_n18,0.01,28.0,73,588,12,200,0.06,43762.78628739576
kRkX_n18,0.01,28.0,74,588,6,200,0.03,88900.5424950867
kRkX_n18,0.01,28.0,75,588,4,200,0.02,134033.52465601487
kRkX_n18,0.01,28.0,76,588,4,200,0.02,134033.52465601487
kRkX_n18,0.01,28.0,77,588,7,200,0.035,76004.89986838862
kRkX_n18,0.01,28.0,78,588,5,200,0.025,106953.96975288128
kRkX_n18,0.01,28.0,79,588,1,200,0.005,540212.9627411922
kRkX_n18,0.01,28.0,80,588,20,200,0.1,25700.710104296613
kRkX_n18,0.01,28.0,81,588,3,200,0.015,179165.3408261981
kRkX_n18,0.01,28.0,82,588,0,200,0.0,inf
kRkX_n18,0.01,28.0,83,588,5,197,0.0253807106598984,105329.17758550902
kRkX_n18,0.01,28.0,84,588,7,200,0.035,76004.89986838862
kRkX_n18,0.01,28.0,85,588,7,200,0.035,76004.89986838862
kRkX_n18,0.01,28.0,86,588,3,200,0.015,179165.3408261981
kRkX_n18,0.01,28.0,87,588,0,200,0.0,inf
kRkX_n18,0.01,28.0,88,588,13,200,0.065,40289.99321832195
kRkX_n18,0.01,28.0,89,588,8,200,0.04,66332.87033580424
kRkX_n18,0.01,28.0,90,588,0,200,0.0,inf
kRkX_n18,0.01,28.0,91,588,5,200,0.025,106953.96975288128
kRkX_n18,0.01,28.0,92,588,0,200,0.0,inf
kRkX_n18,0.01,28.0,93,588,12,200,0.06,43762.78628739576
kRkX_n18,0.01,28.0,94,588,7,200,0.035,76004.89986838862
kRkX_n18,0.01,28.0,95,588,0,200,0.0,inf
kRkX_n18,0.01,28.0,96,588,6,200,0.03,88900.5424950867
kRkX_n18,0.01,28.0,97,588,5,200,0.025,106953.96975288128
kRkX_n18,0.01,28.0,98,588,0,200,0.0,inf
kRkX_n18,0.01,28.0,99,588,2,200,0.01,269427.8190133924
kRkX_n18,0.01,28.0,100,588,0,200,0.0,inf
kRkX_n18,0.03,28.0,1,246,0,200,0.0,inf
kRkX_n18,0.03,28.0,2,246,0,200,0.0,inf
kRkX_n18,0.03,28.0,3,246,1,200,0.005,226007.4640039682
kRkX_n18,0.03,28.0,4,246,0,200,0.0,inf
kRkX_n18,0.03,28.0,5,246,0,200,0.0,inf
kRkX_n18,0.03,28.0,6,246,4,200,0.02,56075.2501111899
kRkX_n18,0.03,28.0,7,246,6,200,0.03,37193.08410508729
kRkX_n18,0.03,28.0,8,246,2,200,0.01,112719.80183213355
kRkX_n18,0.03,28.0,9,246,0,199,0.0,inf
kRkX_n18,0.03,28.0,10,246,0,200,0.0,inf
kRkX_n18,0.03,28.0,11,246,0,200,0.0,inf
kRkX_n18,0.03,28.0,12,246,2,200,0.01,112719.80183213355
kRkX_n18,0.03,28.0,13,246,0,200,0.0,inf
kRkX_n18,0.03,28.0,14,246,5,200,0.025,44746.048570082974
kRkX_n18,0.03,28.0,15,246,1,200,0.005,226007.4640039682
kRkX_n18,0.03,28.0,16,246,4,200,0.02,56075.2501111899
kRkX_n18,0.03,28.0,17,246,4,200,0.02,56075.2501111899
kRkX_n18,0.03,28.0,18,246,11,200,0.055,20025.894058400605
kRkX_n18,0.03,28.0,19,246,0,200,0.0,inf
kRkX_n18,0.03,28.0,20,246,3,200,0.015,74956.92830483799
kRkX_n18,0.03,28.0,21,246,3,200,0.015,74956.92830483799
kRkX_n18,0.03,28.0,22,246,3,200,0.015,74956.92830483799
kRkX_n18,0.03,28.0,23,246,5,200,0.025,44746.048570082974
kRkX_n18,0.03,28.0,24,246,3,200,0.015,74956.92830483799
kRkX_n18,0.03,28.0,25,246,2,200,0.01,112719.80183213355
kRkX_n18,0.03,28.0,26,246,0,200,0.0,inf
kRkX_n18,0.03,28.0,27,246,1,200,0.005,226007.4640039682
kRkX_n18,0.03,28.0,28,246,0,200,0.0,inf
kRkX_n18,0.03,28.0,29,246,1,200,0.005,226007.4640039682
kRkX_n18,0.03,28.0,30,246,1,200,0.005,226007.4640039682
kRkX_n18,0.03,28.0,31,246,1,200,0.005,226007.4640039682
kRkX_n18,0.03,28.0,32,246,0,200,0.0,inf
kRkX_n18,0.03,28.0,33,246,7,200,0.035,31797.96831228504
kRkX_n18,0.03,28.0,34,246,0,200,0.0,inf
kRkX_n18,0.03,28.0,35,246,0,200,0.0,inf
kRkX_n18,0.03,28.0,36,246,4,200,0.02,56075.2501111899
kRkX_n18,0.03,28.0,37,246,0,200,0.0,inf
kRkX_n18,0.03,28.0,38,246,5,200,0.025,44746.048570082974
kRkX_n18,0.03,28.0,39,246,0,199,0.0,inf
kRkX_n18,0.03,28.0,40,246,1,200,0.005,226007.4640039682
kRkX_n18,0.03,28.0,41,246,2,200,0.01,112719.80183213355
kRkX_n18,0.03,28.0,42,246,3,200,0.015,74956.92830483799
kRkX_n18,0.03,28.0,43,246,5,200,0.025,44746.048570082974
kRkX_n18,0.03,28.0,44,246,1,200,0.005,226007.4640039682
kRkX_n18,0.03,28.0,45,246,0,200,0.0,inf
kRkX_n18,0.03,28.0,46,246,1,200,0.005,226007.4640039682
kRkX_n18,0.03,28.0,47,246,2,200,0.01,112719.80183213355
kRkX_n18,0.03,28.0,48,246,0,200,0.0,inf
kRkX_n18,0.03,28.0,49,246,3,200,0.015,74956.92830483799
kRkX_n18,0.03,28.0,50,246,0,200,0.0,inf
kRkX_n18,0.03,28.0,51,246,4,200,0.02,56075.2501111899
kRkX_n18,0.03,28.0,52,246,6,200,0.03,37193.08410508729
kRkX_n18,0.03,28.0,53,246,1,200,0.005,226007.4640039682
kRkX_n18,0.03,28.0,54,246,8,200,0.04,27751.506977224224
kRkX_n18,0.03,28.0,55,246,0,200,0.0,inf
kRkX_n18,0.03,28.0,56,246,0,200,0.0,inf
kRkX_n18,0.03,28.0,57,246,2,200,0.01,112719.80183213355
kRkX_n18,0.03,28.0,58,246,0,200,0.0,inf
kRkX_n18,0.03,28.0,59,246,4,200,0.02,56075.2501111899
kRkX_n18,0.03,28.0,60,246,1,200,0.005,226007.4640039682
kRkX_n18,0.03,28.0,61,246,0,200,0.0,inf
kRkX_n18,0.03,28.0,62,246,3,200,0.015,74956.92830483799
kRkX_n18,0.03,28.0,63,246,1,200,0.005,226007.4640039682
kRkX_n18,0.03,28.0,64,246,3,200,0.015,74956.92830483799
kRkX_n18,0.03,28.0,65,246,0,200,0.0,inf
kRkX_n18,0.03,28.0,66,246,0,200,0.0,inf
kRkX_n18,0.03,28.0,67,246,4,200,0.02,56075.2501111899
kRkX_n18,0.03,28.0,68,246,6,200,0.03,37193.08410508729
kRkX_n18,0.03,28.0,69,246,7,200,0.035,31797.96831228504
kRkX_n18,0.03,28.0,70,246,5,200,0.025,44746.048570082974
kRkX_n18,0.03,28.0,71,246,7,200,0.035,31797.96831228504
kRkX_n18,0.03,28.0,72,246,5,200,0.025,44746.048570082974
kRkX_n18,0.03,28.0,73,246,8,200,0.04,27751.506977224224
kRkX_n18,0.03,28.0,74,246,3,200,0.015,74956.92830483799
kRkX_n18,0.03,28.0,75,246,1,200,0.005,226007.4640039682
kRkX_n18,0.03,28.0,76,246,3,200,0.015,74956.92830483799
kRkX_n18,0.03,28.0,77,246,2,200,0.01,112719.80183213355
kRkX_n18,0.03,28.0,78,246,2,200,0.01,112719.80183213355
kRkX_n18,0.03,28.0,79,246,6,200,0.03,37193.08410508729
kRkX_n18,0.03,28.0,80,246,7,200,0.035,31797.96831228504
kRkX_n18,0.03,28.0,81,246,1,200,0.005,226007.4640039682
kRkX_n18,0.03,28.0,82,246,0,200,0.0,inf
kRkX_n18,0.03,28.0,83,246,2,200,0.01,112719.80183213355
kRkX_n18,0.03,28.0,84,246,3,200,0.015,74956.92830483799
kRkX_n18,0.03,28.0,85,246,0,200,0.0,inf
kRkX_n18,0.03,28.0,86,246,5,200,0.025,44746.048570082974
kRkX_n18,0.03,28.0,87,246,0,200,0.0,inf
kRkX_n18,0.03,28.0,88,246,2,200,0.01,112719.80183213355
kRkX_n18,0.03,28.0,89,246,3,200,0.015,74956.92830483799
kRkX_n18,0.03,28.0,90,246,0,200,0.0,inf
kRkX_n18,0.03,28.0,91,246,1,200,0.005,226007.4640039682
kRkX_n18,0.03,28.0,92,246,0,200,0.0,inf
kRkX_n18,0.03,28.0,93,246,4,200,0.02,56075.2501111899
kRkX_n18,0.03,28.0,94,246,1,199,0.0050251256281407,224874.58975425785
kRkX_n18,0.03,28.0,95,246,0,200,0.0,inf
kRkX_n18,0.03,28.0,96,246,3,200,0.015,74956.92830483799
kRkX_n18,0.03,28.0,97,246,2,200,0.01,112719.80183213355
kRkX_n18,0.03,28.0,98,246,0,200,0.0,inf
kRkX_n18,0.03,28.0,99,246,3,200,0.015,74956.92830483799
kRkX_n18,0.03,28.0,100,246,0,200,0.0,inf
kRkX_n18,0.05,28.0,1,133,0,200,0.0,inf
kRkX_n18,0.05,28.0,2,133,0,200,0.0,inf
kRkX_n18,0.05,28.0,3,133,0,200,0.0,inf
kRkX_n18,0.05,28.0,4,133,0,200,0.0,inf
kRkX_n18,0.05,28.0,5,133,0,200,0.0,inf
kRkX_n18,0.05,28.0,6,133,1,200,0.005,122191.02728669826
kRkX_n18,0.05,28.0,7,133,3,200,0.015,40525.49375830672
kRkX_n18,0.05,28.0,8,133,1,200,0.005,122191.02728669826
kRkX_n18,0.05,28.0,9,133,0,200,0.0,inf
kRkX_n18,0.05,28.0,10,133,2,200,0.01,60942.006681600666
kRkX_n18,0.05,28.0,11,133,0,200,0.0,inf
kRkX_n18,0.05,28.0,12,133,2,200,0.01,60942.006681600666
kRkX_n18,0.05,28.0,13,133,0,200,0.0,inf
kRkX_n18,0.05,28.0,14,133,0,200,0.0,inf
kRkX_n18,0.05,28.0,15,133,0,200,0.0,inf
kRkX_n18,0.05,28.0,16,133,3,200,0.015,40525.49375830672
kRkX_n18,0.05,28.0,17,133,0,200,0.0,inf
kRkX_n18,0.05,28.0,18,133,2,200,0.01,60942.006681600666
kRkX_n18,0.05,28.0,19,133,0,200,0.0,inf
kRkX_n18,0.05,28.0,20,133,4,200,0.02,30317.10676743194
kRkX_n18,0.05,28.0,21,133,2,200,0.01,60942.006681600666
kRkX_n18,0.05,28.0,22,133,1,200,0.005,122191.02728669826
kRkX_n18,0.05,28.0,23,133,1,200,0.005,122191.02728669826
kRkX_n18,0.05,28.0,24,133,3,200,0.015,40525.49375830672
kRkX_n18,0.05,28.0,25,133,0,200,0.0,inf
kRkX_n18,0.05,28.0,26,133,0,200,0.0,inf
kRkX_n18,0.05,28.0,27,133,0,200,0.0,inf
kRkX_n18,0.05,28.0,28,133,0,200,0.0,inf
kRkX_n18,0.05,28.0,29,133,0,200,0.0,inf
kRkX_n18,0.05,28.0,30,133,1,200,0.005,122191.02728669826
kRkX_n18,0.05,28.0,31,133,1,200,0.005,122191.02728669826
kRkX_n18,0.05,28.0,32,133,0,200,0.0,inf
kRkX_n18,0.05,28.0,33,133,4,200,0.02,30317.10676743194
kRkX_n18,0.05,28.0,34,133,0,200,0.0,inf
kRkX_n18,0.05,28.0,35,133,0,200,0.0,inf
kRkX_n18,0.05,28.0,36,133,1,200,0.005,122191.02728669826
kRkX_n18,0.05,28.0,37,133,0,200,0.0,inf
kRkX_n18,0.05,28.0,38,133,0,200,0.0,inf
kRkX_n18,0.05,28.0,39,133,0,200,0.0,inf
kRkX_n18,0.05,28.0,40,133,0,200,0.0,inf
kRkX_n18,0.05,28.0,41,133,5,200,0.025,24191.969348866
kRkX_n18,0.05,28.0,42,133,2,200,0.01,60942.006681600666
kRkX_n18,0.05,28.0,43,133,2,200,0.01,60942.006681600666
kRkX_n18,0.05,28.0,44,133,1,200,0.005,122191.02728669826
kRkX_n18,0.05,28.0,45,133,0,200,0.0,inf
kRkX_n18,0.05,28.0,46,133,2,200,0.01,60942.006681600666
kRkX_n18,0.05,28.0,47,133,1,200,0.005,122191.02728669826
kRkX_n18,0.05,28.0,48,133,1,200,0.005,122191.02728669826
kRkX_n18,0.05,28.0,49,133,1,200,0.005,122191.02728669826
kRkX_n18,0.05,28.0,50,133,0,200,0.0,inf
kRkX_n18,0.05,28.0,51,133,1,200,0.005,122191.02728669826
kRkX_n18,0.05,28.0,52,133,1,200,0.005,122191.02728669826
kRkX_n18,0.05,28.0,53,133,1,200,0.005,122191.02728669826
kRkX_n18,0.05,28.0,54,133,4,200,0.02,30317.10676743194
kRkX_n18,0.05,28.0,55,133,0,200,0.0,inf
kRkX_n18,0.05,28.0,56,133,0,200,0.0,inf
kRkX_n18,0.05,28.0,57,133,1,200,0.005,122191.02728669826
kRkX_n18,0.05,28.0,58,133,0,200,0.0,inf
kRkX_n18,0.05,28.0,59,133,3,200,0.015,40525.49375830672
kRkX_n18,0.05,28.0,60,133,0,200,0.0,inf
kRkX_n18,0.05,28.0,61,133,0,200,0.0,inf
kRkX_n18,0.05,28.0,62,133,1,200,0.005,122191.02728669826
kRkX_n18,0.05,28.0,63,133,0,200,0.0,inf
kRkX_n18,0.05,28.0,64,133,1,200,0.005,122191.02728669826
kRkX_n18,0.05,28.0,65,133,0,200,0.0,inf
kRkX_n18,0.05,28.0,66,133,0,200,0.0,inf
kRkX_n18,0.05,28.0,67,133,1,200,0.005,122191.02728669826
kRkX_n18,0.05,28.0,68,133,4,200,0.02,30317.10676743194
kRkX_n18,0.05,28.0,69,133,4,200,0.02,30317.10676743194
kRkX_n18,0.05,28.0,70,133,5,200,0.025,24191.969348866
kRkX_n18,0.05,28.0,71,133,3,200,0.015,40525.49375830672
kRkX_n18,0.05,28.0,72,133,4,200,0.02,30317.10676743194
kRkX_n18,0.05,28.0,73,133,2,200,0.01,60942.006681600666
kRkX_n18,0.05,28.0,74,133,1,200,0.005,122191.02728669826
kRkX_n18,0.05,28.0,75,133,0,200,0.0,inf
kRkX_n18,0.05,28.0,76,133,0,200,0.0,inf
kRkX_n18,0.05,28.0,77,133,0,200,0.0,inf
kRkX_n18,0.05,28.0,78,133,3,200,0.015,40525.49375830672
kRkX_n18,0.05,28.0,79,133,0,200,0.0,inf
kRkX_n18,0.05,28.0,80,133,2,200,0.01,60942.006681600666
kRkX_n18,0.05,28.0,81,133,2,200,0.01,60942.006681600666
kRkX_n18,0.05,28.0,82,133,0,200,0.0,inf
kRkX_n18,0.05,28.0,83,133,3,200,0.015,40525.49375830672
kRkX_n18,0.05,28.0,84,133,2,200,0.01,60942.006681600666
kRkX_n18,0.05,28.0,85,133,0,200,0.0,inf
kRkX_n18,0.05,28.0,86,133,1,200,0.005,122191.02728669826
kRkX_n18,0.05,28.0,87,133,0,200,0.0,inf
kRkX_n18,0.05,28.0,88,133,1,200,0.005,122191.02728669826
kRkX_n18,0.05,28.0,89,133,1,200,0.005,122191.02728669826
kRkX_n18,0.05,28.0,90,133,0,200,0.0,inf
kRkX_n18,0.05,28.0,91,133,0,200,0.0,inf
kRkX_n18,0.05,28.0,92,133,0,200,0.0,inf
kRkX_n18,0.05,28.0,93,133,1,200,0.005,122191.02728669826
kRkX_n18,0.05,28.0,94,133,0,200,0.0,inf
kRkX_n18,0.05,28.0,95,133,0,200,0.0,inf
kRkX_n18,0.05,28.0,96,133,2,200,0.01,60942.006681600666
kRkX_n18,0.05,28.0,97,133,0,200,0.0,inf
kRkX_n18,0.05,28.0,98,133,0,200,0.0,inf
kRkX_n18,0.05,28.0,99,133,1,200,0.005,122191.02728669826
kRkX_n18,0.05,28.0,100,133,0,200,0.0,inf
kRkX_n18,0.09,28.0,1,119,0,200,0.0,inf
kRkX_n18,0.09,28.0,2,119,0,200,0.0,inf
kRkX_n18,0.09,28.0,3,119,0,200,0.0,inf
kRkX_n18,0.09,28.0,4,119,0,200,0.0,inf
kRkX_n18,0.09,28.0,5,119,0,200,0.0,inf
kRkX_n18,0.09,28.0,6,119,3,200,0.015,36259.65231006391
kRkX_n18,0.09,28.0,7,119,0,200,0.0,inf
kRkX_n18,0.09,28.0,8,119,1,200,0.005,109328.81388809845
kRkX_n18,0.09,28.0,9,119,0,200,0.0,inf
kRkX_n18,0.09,28.0,10,119,2,200,0.01,54527.05860985323
kRkX_n18,0.09,28.0,11,119,0,200,0.0,inf
kRkX_n18,0.09,28.0,12,119,1,200,0.005,109328.81388809845
kRkX_n18,0.09,28.0,13,119,0,200,0.0,inf
kRkX_n18,0.09,28.0,14,119,0,200,0.0,inf
kRkX_n18,0.09,28.0,15,119,2,200,0.01,54527.05860985323
kRkX_n18,0.09,28.0,16,119,4,200,0.02,27125.832370860157
kRkX_n18,0.09,28.0,17,119,1,200,0.005,109328.81388809845
kRkX_n18,0.09,28.0,18,119,1,200,0.005,109328.81388809845
kRkX_n18,0.09,28.0,19,119,0,200,0.0,inf
kRkX_n18,0.09,28.0,20,119,1,200,0.005,109328.81388809845
kRkX_n18,0.09,28.0,21,119,1,200,0.005,109328.81388809845
kRkX_n18,0.09,28.0,22,119,0,200,0.0,inf
kRkX_n18,0.09,28.0,23,119,1,200,0.005,109328.81388809845
kRkX_n18,0.09,28.0,24,119,0,200,0.0,inf
kRkX_n18,0.09,28.0,25,119,1,200,0.005,109328.81388809845
kRkX_n18,0.09,28.0,26,119,0,200,0.0,inf
kRkX_n18,0.09,28.0,27,119,0,200,0.0,inf
kRkX_n18,0.09,28.0,28,119,0,200,0.0,inf
kRkX_n18,0.09,28.0,29,119,0,200,0.0,inf
kRkX_n18,0.09,28.0,30,119,2,200,0.01,54527.05860985323
kRkX_n18,0.09,28.0,31,119,1,200,0.005,109328.81388809845
kRkX_n18,0.09,28.0,32,119,1,200,0.005,109328.81388809845
kRkX_n18,0.09,28.0,33,119,1,200,0.005,109328.81388809845
kRkX_n18,0.09,28.0,34,119,0,200,0.0,inf
kRkX_n18,0.09,28.0,35,119,0,200,0.0,inf
kRkX_n18,0.09,28.0,36,119,0,200,0.0,inf
kRkX_n18,0.09,28.0,37,119,0,200,0.0,inf
kRkX_n18,0.09,28.0,38,119,1,200,0.005,109328.81388809845
kRkX_n18,0.09,28.0,39,119,0,200,0.0,inf
kRkX_n18,0.09,28.0,40,119,0,200,0.0,inf
kRkX_n18,0.09,28.0,41,119,3,200,0.015,36259.65231006391
kRkX_n18,0.09,28.0,42,119,4,200,0.02,27125.832370860157
kRkX_n18,0.09,28.0,43,119,1,200,0.005,109328.81388809845
kRkX_n18,0.09,28.0,44,119,1,200,0.005,109328.81388809845
kRkX_n18,0.09,28.0,45,119,0,200,0.0,inf
kRkX_n18,0.09,28.0,46,119,1,200,0.005,109328.81388809845
kRkX_n18,0.09,28.0,47,119,0,200,0.0,inf
kRkX_n18,0.09,28.0,48,119,0,200,0.0,inf
kRkX_n18,0.09,28.0,49,119,1,200,0.005,109328.81388809845
kRkX_n18,0.09,28.0,50,119,1,200,0.005,109328.81388809845
kRkX_n18,0.09,28.0,51,119,0,200,0.0,inf
kRkX_n18,0.09,28.0,52,119,0,200,0.0,inf
kRkX_n18,0.09,28.0,53,119,1,200,0.005,109328.81388809845
kRkX_n18,0.09,28.0,54,119,3,200,0.015,36259.65231006391
kRkX_n18,0.09,28.0,55,119,0,200,0.0,inf
kRkX_n18,0.09,28.0,56,119,0,200,0.0,inf
kRkX_n18,0.09,28.0,57,119,0,200,0.0,inf
kRkX_n18,0.09,28.0,58,119,0,198,0.0,inf
kRkX_n18,0.09,28.0,59,119,0,200,0.0,inf
kRkX_n18,0.09,28.0,60,119,3,200,0.015,36259.65231006391
kRkX_n18,0.09,28.0,61,119,0,200,0.0,inf
kRkX_n18,0.09,28.0,62,119,0,200,0.0,inf
kRkX_n18,0.09,28.0,63,119,2,200,0.01,54527.05860985323
kRkX_n18,0.09,28.0,64,119,0,200,0.0,inf
kRkX_n18,0.09,28.0,65,119,0,200,0.0,inf
kRkX_n18,0.09,28.0,66,119,0,200,0.0,inf
kRkX_n18,0.09,28.0,67,119,2,200,0.01,54527.05860985323
kRkX_n18,0.09,28.0,68,119,4,200,0.02,27125.832370860157
kRkX_n18,0.09,28.0,69,119,1,200,0.005,109328.81388809845
kRkX_n18,0.09,28.0,70,119,4,200,0.02,27125.832370860157
kRkX_n18,0.09,28.0,71,119,3,200,0.015,36259.65231006391
kRkX_n18,0.09,28.0,72,119,2,200,0.01,54527.05860985323
kRkX_n18,0.09,28.0,73,119,3,200,0.015,36259.65231006391
kRkX_n18,0.09,28.0,74,119,1,200,0.005,109328.81388809845
kRkX_n18,0.09,28.0,75,119,1,200,0.005,109328.81388809845
kRkX_n18,0.09,28.0,76,119,0,200,0.0,inf
kRkX_n18,0.09,28.0,77,119,1,200,0.005,109328.81388809845
kRkX_n18,0.09,28.0,78,119,0,200,0.0,inf
kRkX_n18,0.09,28.0,79,119,2,200,0.01,54527.05860985323
kRkX_n18,0.09,28.0,80,119,6,200,0.03,17991.776457338976
kRkX_n18,0.09,28.0,81,119,2,200,0.01,54527.05860985323
kRkX_n18,0.09,28.0,82,119,0,200,0.0,inf
kRkX_n18,0.09,28.0,83,119,2,200,0.01,54527.05860985323
kRkX_n18,0.09,28.0,84,119,2,200,0.01,54527.05860985323
kRkX_n18,0.09,28.0,85,119,3,200,0.015,36259.65231006391
kRkX_n18,0.09,28.0,86,119,0,200,0.0,inf
kRkX_n18,0.09,28.0,87,119,0,200,0.0,inf
kRkX_n18,0.09,28.0,88,119,2,200,0.01,54527.05860985323
kRkX_n18,0.09,28.0,89,119,2,200,0.01,54527.05860985323
kRkX_n18,0.09,28.0,90,119,0,200,0.0,inf
kRkX_n18,0.09,28.0,91,119,2,200,0.01,54527.05860985323
kRkX_n18,0.09,28.0,92,119,0,200,0.0,inf
kRkX_n18,0.09,28.0,93,119,3,200,0.015,36259.65231006391
kRkX_n18,0.09,28.0,94,119,0,200,0.0,inf
kRkX_n18,0.09,28.0,95,119,0,200,0.0,inf
kRkX_n18,0.09,28.0,96,119,3,200,0.015,36259.65231006391
kRkX_n18,0.09,28.0,97,119,1,200,0.005,109328.81388809845
kRkX_n18,0.09,28.0,98,119,0,200,0.0,inf
kRkX_n18,0.09,28.0,99,119,1,200,0.005,109328.81388809845
kRkX_n18,0.09,28.0,100,119,0,200,0.0,inf
kRkX_n24,5e-05,28.0,1,159030,0,200,0.0,inf
kRkX_n24,5e-05,28.0,2,159030,180,200,0.9,318059.99999999994
kRkX_n24,5e-05,28.0,3,159030,0,200,0.0,inf
kRkX_n24,5e-05,28.0,4,159030,106,200,0.53,969984.5142751366
kRkX_n24,5e-05,28.0,5,159030,129,200,0.645,707158.8486300476
kRkX_n24,5e-05,28.0,6,159030,0,200,0.0,inf
kRkX_n24,5e-05,28.0,7,159030,0,200,0.0,inf
kRkX_n24,5e-05,28.0,8,159030,126,200,0.63,736593.9553898267
kRkX_n24,5e-05,28.0,9,159030,124,200,0.62,756895.7266762507
kRkX_n24,5e-05,28.0,10,159030,0,200,0.0,inf
kRkX_n24,5e-05,28.0,11,159030,168,200,0.84,399633.1018102395
kRkX_n24,5e-05,28.0,12,159030,177,200,0.885,338613.08284411643
kRkX_n24,5e-05,28.0,13,159030,0,200,0.0,inf
kRkX_n24,5e-05,28.0,14,159030,0,200,0.0,inf
kRkX_n24,5e-05,28.0,15,159030,120,200,0.6,799266.203620479
kRkX_n24,5e-05,28.0,16,159030,0,200,0.0,inf
kRkX_n24,5e-05,28.0,17,159030,108,200,0.54,943120.4928669712
kRkX_n24,5e-05,28.0,18,159030,0,200,0.0,inf
kRkX_n24,5e-05,28.0,19,159030,124,200,0.62,756895.7266762507
kRkX_n24,5e-05,28.0,20,159030,166,200,0.83,413305.8985111798
kRkX_n24,5e-05,28.0,21,159030,0,200,0.0,inf
kRkX_n24,5e-05,28.0,22,159030,103,200,0.515,1012097.4977248156
kRkX_n24,5e-05,28.0,23,159030,162,200,0.81,440986.6037739457
kRkX_n24,5e-05,28.0,24,159030,159,200,0.795,462131.17953396286
kRkX_n24,5e-05,28.0,25,159030,181,200,0.905,311129.163937967
kRkX_n24,5e-05,28.0,26,159030,114,200,0.57,867756.1449804812
kRkX_n24,5e-05,28.0,27,159030,0,200,0.0,inf
kRkX_n24,5e-05,28.0,28,159030,0,200,0.0,inf
kRkX_n24,5e-05,28.0,29,159030,0,200,0.0,inf
kRkX_n24,5e-05,28.0,30,159030,132,200,0.66,678859.5253645934
kRkX_n24,5e-05,28.0,31,159030,167,200,0.835,406458.11373222986
kRkX_n24,5e-05,28.0,32,159030,177,200,0.885,338613.08284411643
kRkX_n24,5e-05,28.0,33,159030,182,200,0.91,304143.1716922003
kRkX_n24,5e-05,28.0,34,159030,139,200,0.695,616753.7345676366
kRkX_n24,5e-05,28.0,35,159030,169,200,0.845,392827.5310781466
kRkX_n24,5e-05,28.0,36,159030,129,199,0.6482412060301508,700950.8974855962
kRkX_n24,5e-05,28.0,37,159030,110,200,0.55,917161.1221114072
kRkX_n24,5e-05,28.0,38,159030,129,200,0.645,707158.8486300476
kRkX_n24,5e-05,28.0,39,159030,120,200,0.6,799266.203620479
kRkX_n24,5e-05,28.0,40,159030,137,200,0.685,633977.8570239473
kRkX_n24,5e-05,28.0,41,159030,127,200,0.635,726650.2512120283
kRkX_n24,5e-05,28.0,42,159030,134,200,0.67,660579.8720721735
kRkX_n24,5e-05,28.0,43,159030,0,200,0.0,inf
kRkX_n24,5e-05,28.0,44,159030,0,200,0.0,inf
kRkX_n24,5e-05,28.0,45,159030,0,200,0.0,inf
kRkX_n24,5e-05,28.0,46,159030,172,200,0.86,372491.4428507298
kRkX_n24,5e-05,28.0,47,159030,110,200,0.55,917161.1221114072
kRkX_n24,5e-05,28.0,48,159030,170,200,0.85,386037.8998230522
kRkX_n24,5e-05,28.0,49,159030,180,200,0.9,318059.99999999994
kRkX_n24,5e-05,28.0,50,159030,0,200,0.0,inf
kRkX_n24,5e-05,28.0,51,159030,132,200,0.66,678859.5253645934
kRkX_n24,5e-05,28.0,52,159030,0,200,0.0,inf
kRkX_n24,5e-05,28.0,53,159030,123,200,0.615,767261.4457561318
kRkX_n24,5e-05,28.0,54,159030,165,200,0.825,420179.6397401582
kRkX_n24,5e-05,28.0,55,159030,0,200,0.0,inf
kRkX_n24,5e-05,28.0,56,159030,0,200,0.0,inf
kRkX_n24,5e-05,28.0,57,159030,0,200,0.0,inf
kRkX_n24,5e-05,28.0,58,159030,177,200,0.885,338613.08284411643
kRkX_n24,5e-05,28.0,59,159030,0,200,0.0,inf
kRkX_n24,5e-05,28.0,60,159030,123,200,0.615,767261.4457561318
kRkX_n24,5e-05,28.0,61,159030,121,200,0.605,788442.5138037314
kRkX_n24,5e-05,28.0,62,159030,0,200,0.0,inf
kRkX_n24,5e-05,28.0,63,159030,0,200,0.0,inf
kRkX_n24,5e-05,28.0,64,159030,169,200,0.845,392827.5310781466
kRkX_n24,5e-05,28.0,65,159030,0,200,0.0,inf
kRkX_n24,5e-05,28.0,66,159030,0,200,0.0,inf
kRkX_n24,5e-05,28.0,67,159030,0,200,0.0,inf
kRkX_n24,5e-05,28.0,68,159030,0,200,0.0,inf
kRkX_n24,5e-05,28.0,69,159030,164,200,0.82,427082.3921226653
kRkX_n24,5e-05,28.0,70,159030,179,200,0.895,324945.36450999224
kRkX_n24,5e-05,28.0,71,159030,169,200,0.845,392827.5310781466
kRkX_n24,5e-05,28.0,72,159030,111,200,0.555,904504.6352300746
kRkX_n24,5e-05,28.0,73,159030,0,200,0.0,inf
kRkX_n24,5e-05,28.0,74,159030,0,200,0.0,inf
kRkX_n24,5e-05,28.0,75,159030,175,200,0.875,352190.81661995815
kRkX_n24,5e-05,28.0,76,159030,0,200,0.0,inf
kRkX_n24,5e-05,28.0,77,159030,176,200,0.88,345409.9936983365
kRkX_n24,5e-05,28.0,78,159030,0,200,0.0,inf
kRkX_n24,5e-05,28.0,79,159030,0,200,0.0,inf
kRkX_n24,5e-05,28.0,80,159030,0,200,0.0,inf
kRkX_n24,5e-05,28.0,81,159030,0,200,0.0,inf
kRkX_n24,5e-05,28.0,82,159030,122,200,0.61,777775.6718177006
kRkX_n24,5e-05,28.0,83,159030,0,200,0.0,inf
kRkX_n24,5e-05,28.0,84,159030,176,200,0.88,345409.9936983365
kRkX_n24,5e-05,28.0,85,159030,0,200,0.0,inf
kRkX_n24,5e-05,28.0,86,159030,0,200,0.0,inf
kRkX_n24,5e-05,28.0,87,159030,114,200,0.57,867756.1449804812
kRkX_n24,5e-05,28.0,88,159030,196,200,0.98,187207.5429161578
kRkX_n24,5e-05,28.0,89,159030,121,200,0.605,788442.5138037314
kRkX_n24,5e-05,28.0,90,159030,126,200,0.63,736593.9553898267
kRkX_n24,5e-05,28.0,91,159030,169,200,0.845,392827.5310781466
kRkX_n24,5e-05,28.0,92,159030,164,200,0.82,427082.3921226653
kRkX_n24,5e-05,28.0,93,159030,136,200,0.68,642740.1961510195
kRkX_n24,5e-05,28.0,94,159030,158,200,0.79,469266.8255806088
kRkX_n24,5e-05,28.0,95,159030,127,200,0.635,726650.2512120283
kRkX_n24,5e-05,28.0,96,159030,0,200,0.0,inf
kRkX_n24,5e-05,28.0,97,159030,164,200,0.82,427082.3921226653
kRkX_n24,5e-05,28.0,98,159030,0,200,0.0,inf
kRkX_n24,5e-05,28.0,99,159030,0,200,0.0,inf
kRkX_n24,5e-05,28.0,100,159030,136,200,0.68,642740.1961510195
kRkX_n24,7e-05,28.0,1,105769,0,199,0.0,inf
kRkX_n24,7e-05,28.0,2,105769,141,200,0.705,398994.3120521715
kRkX_n24,7e-05,28.0,3,105769,0,200,0.0,inf
kRkX_n24,7e-05,28.0,4,105769,91,200,0.455,802485.558146886
kRkX_n24,7e-05,28.0,5,105769,101,200,0.505,692670.599700173
kRkX_n24,7e-05,28.0,6,105769,0,200,0.0,inf
kRkX_n24,7e-05,28.0,7,105769,0,200,0.0,inf
kRkX_n24,7e-05,28.0,8,105769,95,200,0.475,755922.9324920961
kRkX_n24,7e-05,28.0,9,105769,102,200,0.51,682812.5351656928
kRkX_n24,7e-05,28.0,10,105769,0,200,0.0,inf
kRkX_n24,7e-05,28.0,11,105769,144,200,0.72,382637.3755841714
kRkX_n24,7e-05,28.0,12,105769,145,200,0.725,377296.8348112645
kRkX_n24,7e-05,28.0,13,105769,0,200,0.0,inf
kRkX_n24,7e-05,28.0,14,105769,0,200,0.0,inf
kRkX_n24,7e-05,28.0,15,105769,93,200,0.465,778726.1003447179
kRkX_n24,7e-05,28.0,16,105769,0,200,0.0,inf
kRkX_n24,7e-05,28.0,17,105769,84,200,0.42,894180.1829637748
kRkX_n24,7e-05,28.0,18,105769,0,200,0.0,inf
kRkX_n24,7e-05,28.0,19,105769,95,200,0.475,755922.9324920961
kRkX_n24,7e-05,28.0,20,105769,145,200,0.725,377296.8348112645
kRkX_n24,7e-05,28.0,21,105769,0,200,0.0,inf
kRkX_n24,7e-05,28.0,22,105769,81,200,0.405,938154.8402676604
kRkX_n24,7e-05,28.0,23,105769,137,200,0.685,421651.28566664073
kRkX_n24,7e-05,28.0,24,105769,140,200,0.7,404564.1592996584
kRkX_n24,7e-05,28.0,25,105769,161,200,0.805,297955.3699173554
kRkX_n24,7e-05,28.0,26,105769,84,200,0.42,894180.1829637748
kRkX_n24,7e-05,28.0,27,105769,0,200,0.0,inf
kRkX_n24,7e-05,28.0,28,105769,0,200,0.0,inf
kRkX_n24,7e-05,28.0,29,105769,0,200,0.0,inf
kRkX_n24,7e-05,28.0,30,105769,95,200,0.475,755922.9324920961
kRkX_n24,7e-05,28.0,31,105769,149,200,0.745,356448.73170130164
kRkX_n24,7e-05,28.0,32,105769,149,200,0.745,356448.73170130164
kRkX_n24,7e-05,28.0,33,105769,153,200,0.765,336344.7140165018
kRkX_n24,7e-05,28.0,34,105769,107,200,0.535,636114.5042132882
kRkX_n24,7e-05,28.0,35,105769,132,200,0.66,451501.5603237608
kRkX_n24,7e-05,28.0,36,105769,99,200,0.495,712948.6115324261
kRkX_n24,7e-05,28.0,37,105769,86,200,0.43,866514.5926804207
kRkX_n24,7e-05,28.0,38,105769,101,200,0.505,692670.599700173
kRkX_n24,7e-05,28.0,39,105769,94,200,0.47,767208.8753846891
kRkX_n24,7e-05,28.0,40,105769,114,200,0.57,577134.5010277339
kRkX_n24,7e-05,28.0,41,105769,89,200,0.445,827267.0909984687
kRkX_n24,7e-05,28.0,42,105769,94,200,0.47,767208.8753846891
kRkX_n24,7e-05,28.0,43,105769,0,200,0.0,inf
kRkX_n24,7e-05,28.0,44,105769,0,200,0.0,inf
kRkX_n24,7e-05,28.0,45,105769,0,200,0.0,inf
kRkX_n24,7e-05,28.0,46,105769,151,200,0.755,346310.1746404031
kRkX_n24,7e-05,28.0,47,105769,94,200,0.47,767208.8753846891
kRkX_n24,7e-05,28.0,48,105769,140,200,0.7,404564.1592996584
kRkX_n24,7e-05,28.0,49,105769,150,200,0.75,351357.01266814145
kRkX_n24,7e-05,28.0,50,105769,0,199,0.0,inf
kRkX_n24,7e-05,28.0,51,105769,105,200,0.525,654295.7587524075
kRkX_n24,7e-05,28.0,52,105769,0,200,0.0,inf
kRkX_n24,7e-05,28.0,53,105769,100,200,0.5,702714.0253362829
kRkX_n24,7e-05,28.0,54,105769,142,200,0.71,393484.3977017794
kRkX_n24,7e-05,28.0,55,105769,0,200,0.0,inf
kRkX_n24,7e-05,28.0,56,105769,0,200,0.0,inf
kRkX_n24,7e-05,28.0,57,105769,0,200,0.0,inf
kRkX_n24,7e-05,28.0,58,105769,155,200,0.775,326539.5052064437
kRkX_n24,7e-05,28.0,59,105769,0,200,0.0,inf
kRkX_n24,7e-05,28.0,60,105769,101,200,0.505,692670.599700173
kRkX_n24,7e-05,28.0,61,105769,102,200,0.51,682812.5351656928
kRkX_n24,7e-05,28.0,62,105769,0,200,0.0,inf
kRkX_n24,7e-05,28.0,63,105769,0,200,0.0,inf
kRkX_n24,7e-05,28.0,64,105769,156,200,0.78,321692.9687667724
kRkX_n24,7e-05,28.0,65,105769,0,200,0.0,inf
kRkX_n24,7e-05,28.0,66,105769,0,200,0.0,inf
kRkX_n24,7e-05,28.0,67,105769,0,200,0.0,inf
kRkX_n24,7e-05,28.0,68,105769,0,200,0.0,inf
kRkX_n24,7e-05,28.0,69,105769,131,200,0.655,457695.2395589281
kRkX_n24,7e-05,28.0,70,105769,153,200,0.765,336344.7140165018
kRkX_n24,7e-05,28.0,71,105769,134,200,0.67,439343.975911474
kRkX_n24,7e-05,28.0,72,105769,85,200,0.425,880190.1673407613
kRkX_n24,7e-05,28.0,73,105769,0,200,0.0,inf
kRkX_n24,7e-05,28.0,74,105769,0,200,0.0,inf
kRkX_n24,7e-05,28.0,75,105769,154,200,0.77,331422.8818630271
kRkX_n24,7e-05,28.0,76,105769,0,200,0.0,inf
kRkX_n24,7e-05,28.0,77,105769,152,200,0.76,341306.60998786497
kRkX_n24,7e-05,28.0,78,105769,0,200,0.0,inf
kRkX_n24,7e-05,28.0,79,105769,0,200,0.0,inf
kRkX_n24,7e-05,28.0,80,105769,0,200,0.0,inf
kRkX_n24,7e-05,28.0,81,105769,0,200,0.0,inf
kRkX_n24,7e-05,28.0,82,105769,88,200,0.44,840063.3118632876
kRkX_n24,7e-05,28.0,83,105769,0,200,0.0,inf
kRkX_n24,7e-05,28.0,84,105769,142,200,0.71,393484.3977017794
kRkX_n24,7e-05,28.0,85,105769,0,200,0.0,inf
kRkX_n24,7e-05,28.0,86,105769,0,200,0.0,inf
kRkX_n24,7e-05,28.0,87,105769,93,200,0.465,778726.1003447179
kRkX_n24,7e-05,28.0,88,105769,188,200,0.94,173129.44835964355
kRkX_n24,7e-05,28.0,89,105769,95,200,0.475,755922.9324920961
kRkX_n24,7e-05,28.0,90,105769,93,200,0.465,778726.1003447179
kRkX_n24,7e-05,28.0,91,105769,132,200,0.66,451501.5603237608
kRkX_n24,7e-05,28.0,92,105769,137,200,0.685,421651.28566664073
kRkX_n24,7e-05,28.0,93,105769,94,200,0.47,767208.8753846891
kRkX_n24,7e-05,28.0,94,105769,128,200,0.64,476761.7585535488
kRkX_n24,7e-05,28.0,95,105769,98,200,0.49,723380.3897883043
kRkX_n24,7e-05,28.0,96,105769,0,200,0.0,inf
kRkX_n24,7e-05,28.0,97,105769,138,200,0.69,415890.8156065532
kRkX_n24,7e-05,28.0,98,105769,0,200,0.0,inf
kRkX_n24,7e-05,28.0,99,105769,0,200,0.0,inf
kRkX_n24,7e-05,28.0,100,105769,106,200,0.53,645125.3982919382
kRkX_n24,9e-05,28.0,1,109570,0,199,0.0,inf
kRkX_n24,9e-05,28.0,2,109570,140,200,0.7,419102.9028776255
kRkX_n24,9e-05,28.0,3,109570,0,200,0.0,inf
kRkX_n24,9e-05,28.0,4,109570,85,200,0.425,911821.3903462
kRkX_n24,9e-05,28.0,5,109570,105,200,0.525,677809.0582921393
kRkX_n24,9e-05,28.0,6,109570,0,200,0.0,inf
kRkX_n24,9e-05,28.0,7,109570,0,200,0.0,inf
kRkX_n24,9e-05,28.0,8,109570,107,200,0.535,658974.4275416236
kRkX_n24,9e-05,28.0,9,109570,108,200,0.54,649800.1157230337
kRkX_n24,9e-05,28.0,10,109570,0,200,0.0,inf
kRkX_n24,9e-05,28.0,11,109570,157,200,0.785,328269.3607128652
kRkX_n24,9e-05,28.0,12,109570,157,200,0.785,328269.3607128652
kRkX_n24,9e-05,28.0,13,109570,0,200,0.0,inf
kRkX_n24,9e-05,28.0,14,109570,0,200,0.0,inf
kRkX_n24,9e-05,28.0,15,109570,101,200,0.505,717562.9684420573
kRkX_n24,9e-05,28.0,16,109570,0,200,0.0,inf
kRkX_n24,9e-05,28.0,17,109570,88,200,0.44,870252.5038608706
kRkX_n24,9e-05,28.0,18,109570,0,200,0.0,inf
kRkX_n24,9e-05,28.0,19,109570,96,200,0.48,771628.8029750623
kRkX_n24,9e-05,28.0,20,109570,152,200,0.76,353572.0793084019
kRkX_n24,9e-05,28.0,21,109570,0,200,0.0,inf
kRkX_n24,9e-05,28.0,22,109570,87,200,0.435,883801.6865505219
kRkX_n24,9e-05,28.0,23,109570,142,200,0.71,407624.9700402194
kRkX_n24,9e-05,28.0,24,109570,138,200,0.69,430836.6030312287
kRkX_n24,9e-05,28.0,25,109570,157,200,0.785,328269.3607128652
kRkX_n24,9e-05,28.0,26,109570,96,200,0.48,771628.8029750623
kRkX_n24,9e-05,28.0,27,109570,0,200,0.0,inf
kRkX_n24,9e-05,28.0,28,109570,0,200,0.0,inf
kRkX_n24,9e-05,28.0,29,109570,0,200,0.0,inf
kRkX_n24,9e-05,28.0,30,109570,97,200,0.485,760393.8130402354
kRkX_n24,9e-05,28.0,31,109570,143,200,0.715,401977.3160414866
kRkX_n24,9e-05,28.0,32,109570,154,200,0.77,343333.16156654485
kRkX_n24,9e-05,28.0,33,109570,159,200,0.795,318403.5297839169
kRkX_n24,9e-05,28.0,34,109570,110,200,0.55,631914.3818760415
kRkX_n24,9e-05,28.0,35,109570,139,200,0.695,424936.8464854176
kRkX_n24,9e-05,28.0,36,109570,100,200,0.5,727967.3227136165
kRkX_n24,9e-05,28.0,37,109570,91,200,0.455,831324.3257112602
kRkX_n24,9e-05,28.0,38,109570,115,200,0.575,589702.5619545425
kRkX_n24,9e-05,28.0,39,109570,95,200,0.475,783088.3880263496
kRkX_n24,9e-05,28.0,40,109570,113,200,0.565,606178.3894828878
kRkX_n24,9e-05,28.0,41,109570,99,200,0.495,738569.707245109
kRkX_n24,9e-05,28.0,42,109570,94,200,0.47,794779.9116555926
kRkX_n24,9e-05,28.0,43,109570,0,200,0.0,inf
kRkX_n24,9e-05,28.0,44,109570,0,200,0.0,inf
kRkX_n24,9e-05,28.0,45,109570,0,200,0.0,inf
kRkX_n24,9e-05,28.0,46,109570,156,200,0.78,333253.5864740638
kRkX_n24,9e-05,28.0,47,109570,80,200,0.4,987790.1064529746
kRkX_n24,9e-05,28.0,48,109570,141,200,0.705,413332.89311193663
kRkX_n24,9e-05,28.0,49,109570,152,200,0.76,353572.0793084019
kRkX_n24,9e-05,28.0,50,109570,0,200,0.0,inf
kRkX_n24,9e-05,28.0,51,109570,118,200,0.59,565937.1485485508
kRkX_n24,9e-05,28.0,52,109570,0,200,0.0,inf
kRkX_n24,9e-05,28.0,53,109570,98,200,0.49,749376.3702890687
kRkX_n24,9e-05,28.0,54,109570,136,200,0.68,442841.2456282916
kRkX_n24,9e-05,28.0,55,109570,0,200,0.0,inf
kRkX_n24,9e-05,28.0,56,109570,0,200,0.0,inf
kRkX_n24,9e-05,28.0,57,109570,0,200,0.0,inf
kRkX_n24,9e-05,28.0,58,109570,160,200,0.8,313518.4609362033
kRkX_n24,9e-05,28.0,59,109570,0,200,0.0,inf
kRkX_n24,9e-05,28.0,60,109570,94,200,0.47,794779.9116555926
kRkX_n24,9e-05,28.0,61,109570,98,200,0.49,749376.3702890687
kRkX_n24,9e-05,28.0,62,109570,0,200,0.0,inf
kRkX_n24,9e-05,28.0,63,109570,0,200,0.0,inf
kRkX_n24,9e-05,28.0,64,109570,147,200,0.735,379953.9354764666
kRkX_n24,9e-05,28.0,65,109570,0,200,0.0,inf
kRkX_n24,9e-05,28.0,66,109570,0,200,0.0,inf
kRkX_n24,9e-05,28.0,67,109570,0,200,0.0,inf
kRkX_n24,9e-05,28.0,68,109570,0,200,0.0,inf
kRkX_n24,9e-05,28.0,69,109570,151,200,0.755,358755.4560915671
kRkX_n24,9e-05,28.0,70,109570,160,200,0.8,313518.4609362033
kRkX_n24,9e-05,28.0,71,109570,151,200,0.755,358755.4560915671
kRkX_n24,9e-05,28.0,72,109570,98,200,0.49,749376.3702890687
kRkX_n24,9e-05,28.0,73,109570,0,200,0.0,inf
kRkX_n24,9e-05,28.0,74,109570,0,200,0.0,inf
kRkX_n24,9e-05,28.0,75,109570,144,200,0.72,396388.1405965611
kRkX_n24,9e-05,28.0,76,109570,0,200,0.0,inf
kRkX_n24,9e-05,28.0,77,109570,152,200,0.76,353572.0793084019
kRkX_n24,9e-05,28.0,78,109570,0,200,0.0,inf
kRkX_n24,9e-05,28.0,79,109570,0,200,0.0,inf
kRkX_n24,9e-05,28.0,80,109570,0,200,0.0,inf
kRkX_n24,9e-05,28.0,81,109570,0,200,0.0,inf
kRkX_n24,9e-05,28.0,82,109570,90,200,0.45,844023.5325698372
kRkX_n24,9e-05,28.0,83,109570,0,200,0.0,inf
kRkX_n24,9e-05,28.0,84,109570,157,200,0.785,328269.3607128652
kRkX_n24,9e-05,28.0,85,109570,0,200,0.0,inf
kRkX_n24,9e-05,28.0,86,109570,0,200,0.0,inf
kRkX_n24,9e-05,28.0,87,109570,97,200,0.485,760393.8130402354
kRkX_n24,9e-05,28.0,88,109570,183,200,0.915,204692.57794997952
kRkX_n24,9e-05,28.0,89,109570,102,200,0.51,707350.6365580175
kRkX_n24,9e-05,28.0,90,109570,102,200,0.51,707350.6365580175
kRkX_n24,9e-05,28.0,91,109570,146,199,0.7336683417085427,381393.4792454752
kRkX_n24,9e-05,28.0,92,109570,141,200,0.705,413332.89311193663
kRkX_n24,9e-05,28.0,93,109570,90,200,0.45,844023.5325698372
kRkX_n24,9e-05,28.0,94,109570,136,200,0.68,442841.2456282916
kRkX_n24,9e-05,28.0,95,109570,90,200,0.45,844023.5325698372
kRkX_n24,9e-05,28.0,96,109570,0,200,0.0,inf
kRkX_n24,9e-05,28.0,97,109570,146,200,0.73,385378.1841318854
kRkX_n24,9e-05,28.0,98,109570,0,200,0.0,inf
kRkX_n24,9e-05,28.0,99,109570,0,200,0.0,inf
kRkX_n24,9e-05,28.0,100,109570,107,200,0.535,658974.4275416236
kRkX_n24,0.0002,28.0,1,37705,0,200,0.0,inf
kRkX_n24,0.0002,28.0,2,37705,71,200,0.355,395977.1424180255
kRkX_n24,0.0002,28.0,3,37705,0,200,0.0,inf
kRkX_n24,0.0002,28.0,4,37705,34,200,0.17,931886.088875438
kRkX_n24,0.0002,28.0,5,37705,45,200,0.225,681220.9555824352
kRkX_n24,0.0002,28.0,6,37705,0,200,0.0,inf
kRkX_n24,0.0002,28.0,7,37705,0,200,0.0,inf
kRkX_n24,0.0002,28.0,8,37705,40,200,0.2,778144.5658637045
kRkX_n24,0.0002,28.0,9,37705,50,200,0.25,603575.816813489
kRkX_n24,0.0002,28.0,10,37705,0,200,0.0,inf
kRkX_n24,0.0002,28.0,11,37705,69,200,0.345,410375.1277987273
kRkX_n24,0.0002,28.0,12,37705,71,200,0.355,395977.1424180255
kRkX_n24,0.0002,28.0,13,37705,0,200,0.0,inf
kRkX_n24,0.0002,28.0,14,37705,0,200,0.0,inf
kRkX_n24,0.0002,28.0,15,37705,33,200,0.165,962924.3539436158
kRkX_n24,0.0002,28.0,16,37705,0,200,0.0,inf
kRkX_n24,0.0002,28.0,17,37705,37,200,0.185,848806.5092630209
kRkX_n24,0.0002,28.0,18,37705,0,200,0.0,inf
kRkX_n24,0.0002,28.0,19,37705,39,200,0.195,800495.7776207364
kRkX_n24,0.0002,28.0,20,37705,74,200,0.37,375810.8566262395
kRkX_n24,0.0002,28.0,21,37705,0,200,0.0,inf
kRkX_n24,0.0002,28.0,22,37705,31,200,0.155,1030989.9775788498
kRkX_n24,0.0002,28.0,23,37705,72,200,0.36,389072.2829318522
kRkX_n24,0.0002,28.0,24,37705,79,200,0.395,345529.7003530679
kRkX_n24,0.0002,28.0,25,37705,85,200,0.425,313774.0761431365
kRkX_n24,0.0002,28.0,26,37705,39,200,0.195,800495.7776207364
kRkX_n24,0.0002,28.0,27,37705,0,200,0.0,inf
kRkX_n24,0.0002,28.0,28,37705,0,200,0.0,inf
kRkX_n24,0.0002,28.0,29,37705,0,200,0.0,inf
kRkX_n24,0.0002,28.0,30,37705,36,200,0.18,874966.5936542298
kRkX_n24,0.0002,28.0,31,37705,70,200,0.35,403075.273824032
kRkX_n24,0.0002,28.0,32,37705,84,200,0.42,318761.2986664252
kRkX_n24,0.0002,28.0,33,37705,77,200,0.385,357181.9602268338
kRkX_n24,0.0002,28.0,34,37705,59,200,0.295,496736.4559478087
kRkX_n24,0.0002,28.0,35,37705,64,200,0.32,450232.91220110055
kRkX_n24,0.0002,28.0,36,37705,39,200,0.195,800495.7776207364
kRkX_n24,0.0002,28.0,37,37705,41,200,0.205,756878.7186709665
kRkX_n24,0.0002,28.0,38,37705,43,200,0.215,717300.0454994201
kRkX_n24,0.0002,28.0,39,37705,39,200,0.195,800495.7776207364
kRkX_n24,0.0002,28.0,40,37705,47,200,0.235,648194.3463852599
kRkX_n24,0.0002,28.0,41,37705,39,200,0.195,800495.7776207364
kRkX_n24,0.0002,28.0,42,37705,42,200,0.21,736620.6641050433
kRkX_n24,0.0002,28.0,43,37705,0,200,0.0,inf
kRkX_n24,0.0002,28.0,44,37705,0,200,0.0,inf
kRkX_n24,0.0002,28.0,45,37705,0,200,0.0,inf
kRkX_n24,0.0002,28.0,46,37705,77,200,0.385,357181.9602268338
kRkX_n24,0.0002,28.0,47,37705,39,200,0.195,800495.7776207364
kRkX_n24,0.0002,28.0,48,37705,75,200,0.375,369439.57675674994
kRkX_n24,0.0002,28.0,49,37705,90,200,0.45,290443.61865059513
kRkX_n24,0.0002,28.0,50,37705,0,200,0.0,inf
kRkX_n24,0.0002,28.0,51,37705,42,200,0.21,736620.6641050433
kRkX_n24,0.0002,28.0,52,37705,0,200,0.0,inf
kRkX_n24,0.0002,28.0,53,37705,37,200,0.185,848806.5092630209
kRkX_n24,0.0002,28.0,54,37705,74,200,0.37,375810.8566262395
kRkX_n24,0.0002,28.0,55,37705,0,200,0.0,inf
kRkX_n24,0.0002,28.0,56,37705,0,200,0.0,inf
kRkX_n24,0.0002,28.0,57,37705,0,200,0.0,inf
kRkX_n24,0.0002,28.0,58,37705,79,200,0.395,345529.7003530679
kRkX_n24,0.0002,28.0,59,37705,0,200,0.0,inf
kRkX_n24,0.0002,28.0,60,37705,39,200,0.195,800495.7776207364
kRkX_n24,0.0002,28.0,61,37705,41,200,0.205,756878.7186709665
kRkX_n24,0.0002,28.0,62,37705,0,200,0.0,inf
kRkX_n24,0.0002,28.0,63,37705,0,200,0.0,inf
kRkX_n24,0.0002,28.0,64,37705,65,200,0.325,441778.9499550589
kRkX_n24,0.0002,28.0,65,37705,0,200,0.0,inf
kRkX_n24,0.0002,28.0,66,37705,0,200,0.0,inf
kRkX_n24,0.0002,28.0,67,37705,0,200,0.0,inf
kRkX_n24,0.0002,28.0,68,37705,0,200,0.0,inf
kRkX_n24,0.0002,28.0,69,37705,68,200,0.34,417885.6511497085
kRkX_n24,0.0002,28.0,70,37705,85,200,0.425,313774.0761431365
kRkX_n24,0.0002,28.0,71,37705,78,200,0.39,351283.0951789797
kRkX_n24,0.0002,28.0,72,37705,36,200,0.18,874966.5936542298
kRkX_n24,0.0002,28.0,73,37705,0,200,0.0,inf
kRkX_n24,0.0002,28.0,74,37705,0,200,0.0,inf
kRkX_n24,0.0002,28.0,75,37705,86,200,0.43,308898.94692221034
kRkX_n24,0.0002,28.0,76,37705,0,200,0.0,inf
kRkX_n24,0.0002,28.0,77,37705,73,200,0.365,382352.70686746825
kRkX_n24,0.0002,28.0,78,37705,0,200,0.0,inf
kRkX_n24,0.0002,28.0,79,37705,0,200,0.0,inf
kRkX_n24,0.0002,28.0,80,37705,0,200,0.0,inf
kRkX_n24,0.0002,28.0,81,37705,0,200,0.0,inf
kRkX_n24,0.0002,28.0,82,37705,39,200,0.195,800495.7776207364
kRkX_n24,0.0002,28.0,83,37705,0,200,0.0,inf
kRkX_n24,0.0002,28.0,84,37705,76,200,0.38,363232.0874715935
kRkX_n24,0.0002,28.0,85,37705,0,200,0.0,inf
kRkX_n24,0.0002,28.0,86,37705,0,200,0.0,inf
kRkX_n24,0.0002,28.0,87,37705,40,200,0.2,778144.5658637045
kRkX_n24,0.0002,28.0,88,37705,125,200,0.625,177031.77319549734
kRkX_n24,0.0002,28.0,89,37705,30,200,0.15,1068416.721666003
kRkX_n24,0.0002,28.0,90,37705,54,200,0.27,551738.2063047275
kRkX_n24,0.0002,28.0,91,37705,65,200,0.325,441778.9499550589
kRkX_n24,0.0002,28.0,92,37705,70,200,0.35,403075.273824032
kRkX_n24,0.0002,28.0,93,37705,43,200,0.215,717300.0454994201
kRkX_n24,0.0002,28.0,94,37705,58,200,0.29,506986.4382342708
kRkX_n24,0.0002,28.0,95,37705,42,200,0.21,736620.6641050433
kRkX_n24,0.0002,28.0,96,37705,0,200,0.0,inf
kRkX_n24,0.0002,28.0,97,37705,68,200,0.34,417885.6511497085
kRkX_n24,0.0002,28.0,98,37705,0,200,0.0,inf
kRkX_n24,0.0002,28.0,99,37705,0,200,0.0,inf
kRkX_n24,0.0002,28.0,100,37705,62,200,0.31,467946.4754185751
kRkX_n24,0.0008,28.0,1,11696,0,200,0.0,inf
kRkX_n24,0.0008,28.0,2,11696,28,200,0.14,357121.326809893
kRkX_n24,0.0008,28.0,3,11696,0,200,0.0,inf
kRkX_n24,0.0008,28.0,4,11696,19,200,0.095,539590.1580879134
kRkX_n24,0.0008,28.0,5,11696,22,200,0.11,462201.206703946
kRkX_n24,0.0008,28.0,6,11696,0,200,0.0,inf
kRkX_n24,0.0008,28.0,7,11696,0,200,0.0,inf
kRkX_n24,0.0008,28.0,8,11696,19,200,0.095,539590.1580879134
kRkX_n24,0.0008,28.0,9,11696,15,200,0.075,690880.0092958938
kRkX_n24,0.0008,28.0,10,11696,0,200,0.0,inf
kRkX_n24,0.0008,28.0,11,11696,22,200,0.11,462201.206703946
kRkX_n24,0.0008,28.0,12,11696,39,200,0.195,248311.8582429952
kRkX_n24,0.0008,28.0,13,11696,0,200,0.0,inf
kRkX_n24,0.0008,28.0,14,11696,0,200,0.0,inf
kRkX_n24,0.0008,28.0,15,11696,15,200,0.075,690880.0092958938
kRkX_n24,0.0008,28.0,16,11696,0,200,0.0,inf
kRkX_n24,0.0008,28.0,17,11696,17,200,0.085,606341.7153480289
kRkX_n24,0.0008,28.0,18,11696,0,200,0.0,inf
kRkX_n24,0.0008,28.0,19,11696,14,200,0.07,742201.4092920682
kRkX_n24,0.0008,28.0,20,11696,34,200,0.17,289068.81568723306
kRkX_n24,0.0008,28.0,21,11696,0,200,0.0,inf
kRkX_n24,0.0008,28.0,22,11696,12,200,0.06,870492.4292812598
kRkX_n24,0.0008,28.0,23,11696,23,200,0.115,440886.5813566322
kRkX_n24,0.0008,28.0,24,11696,35,200,0.175,279989.2944549088
kRkX_n24,0.0008,28.0,25,11696,34,200,0.17,289068.81568723306
kRkX_n24,0.0008,28.0,26,11696,9,200,0.045,1169797.2034618843
kRkX_n24,0.0008,28.0,27,11696,0,200,0.0,inf
kRkX_n24,0.0008,28.0,28,11696,0,200,0.0,inf
kRkX_n24,0.0008,28.0,29,11696,0,200,0.0,inf
kRkX_n24,0.0008,28.0,30,11696,9,200,0.045,1169797.2034618843
kRkX_n24,0.0008,28.0,31,11696,25,200,0.125,403366.3503141291
kRkX_n24,0.0008,28.0,32,11696,26,200,0.13,386767.7072919413
kRkX_n24,0.0008,28.0,33,11696,29,200,0.145,343828.6657676238
kRkX_n24,0.0008,28.0,34,11696,18,200,0.09,571113.1634009824
kRkX_n24,0.0008,28.0,35,11696,21,200,0.105,485543.24983711465
kRkX_n24,0.0008,28.0,36,11696,15,200,0.075,690880.0092958938
kRkX_n24,0.0008,28.0,37,11696,14,200,0.07,742201.4092920682
kRkX_n24,0.0008,28.0,38,11696,15,200,0.075,690880.0092958938
kRkX_n24,0.0008,28.0,39,11696,13,200,0.065,801414.5589821318
kRkX_n24,0.0008,28.0,40,11696,10,200,0.05,1050080.1545004605
kRkX_n24,0.0008,28.0,41,11696,14,200,0.07,742201.4092920682
kRkX_n24,0.0008,28.0,42,11696,15,200,0.075,690880.0092958938
kRkX_n24,0.0008,28.0,43,11696,0,200,0.0,inf
kRkX_n24,0.0008,28.0,44,11696,0,200,0.0,inf
kRkX_n24,0.0008,28.0,45,11696,0,200,0.0,inf
kRkX_n24,0.0008,28.0,46,11696,37,200,0.185,263297.7306017847
kRkX_n24,0.0008,28.0,47,11696,12,200,0.06,870492.4292812598
kRkX_n24,0.0008,28.0,48,11696,29,200,0.145,343828.6657676238
kRkX_n24,0.0008,28.0,49,11696,32,200,0.16,308924.7153575013
kRkX_n24,0.0008,28.0,50,11696,0,200,0.0,inf
kRkX_n24,0.0008,28.0,51,11696,12,200,0.06,870492.4292812598
kRkX_n24,0.0008,28.0,52,11696,0,200,0.0,inf
kRkX_n24,0.0008,28.0,53,11696,11,200,0.055,952125.4345815184
kRkX_n24,0.0008,28.0,54,11696,19,200,0.095,539590.1580879134
kRkX_n24,0.0008,28.0,55,11696,0,200,0.0,inf
kRkX_n24,0.0008,28.0,56,11696,0,200,0.0,inf
kRkX_n24,0.0008,28.0,57,11696,0,200,0.0,inf
kRkX_n24,0.0008,28.0,58,11696,34,200,0.17,289068.81568723306
kRkX_n24,0.0008,28.0,59,11696,0,200,0.0,inf
kRkX_n24,0.0008,28.0,60,11696,9,200,0.045,1169797.2034618843
kRkX_n24,0.0008,28.0,61,11696,15,198,0.0757575757575757,683694.7234294807
kRkX_n24,0.0008,28.0,62,11696,0,200,0.0,inf
kRkX_n24,0.0008,28.0,63,11696,0,200,0.0,inf
kRkX_n24,0.0008,28.0,64,11696,25,200,0.125,403366.3503141291
kRkX_n24,0.0008,28.0,65,11696,0,200,0.0,inf
kRkX_n24,0.0008,28.0,66,11696,0,200,0.0,inf
kRkX_n24,0.0008,28.0,67,11696,0,200,0.0,inf
kRkX_n24,0.0008,28.0,68,11696,0,200,0.0,inf
kRkX_n24,0.0008,28.0,69,11696,29,200,0.145,343828.6657676238
kRkX_n24,0.0008,28.0,70,11696,32,200,0.16,308924.7153575013
kRkX_n24,0.0008,28.0,71,11696,25,200,0.125,403366.3503141291
kRkX_n24,0.0008,28.0,72,11696,12,200,0.06,870492.4292812598
kRkX_n24,0.0008,28.0,73,11696,0,200,0.0,inf
kRkX_n24,0.0008,28.0,74,11696,0,200,0.0,inf
kRkX_n24,0.0008,28.0,75,11696,28,200,0.14,357121.326809893
kRkX_n24,0.0008,28.0,76,11696,0,200,0.0,inf
kRkX_n24,0.0008,28.0,77,11696,26,200,0.13,386767.7072919413
kRkX_n24,0.0008,28.0,78,11696,0,200,0.0,inf
kRkX_n24,0.0008,28.0,79,11696,0,200,0.0,inf
kRkX_n24,0.0008,28.0,80,11696,0,200,0.0,inf
kRkX_n24,0.0008,28.0,81,11696,0,200,0.0,inf
kRkX_n24,0.0008,28.0,82,11696,13,200,0.065,801414.5589821318
kRkX_n24,0.0008,28.0,83,11696,0,200,0.0,inf
kRkX_n24,0.0008,28.0,84,11696,17,200,0.085,606341.7153480289
kRkX_n24,0.0008,28.0,85,11696,0,200,0.0,inf
kRkX_n24,0.0008,28.0,86,11696,0,200,0.0,inf
kRkX_n24,0.0008,28.0,87,11696,9,200,0.045,1169797.2034618843
kRkX_n24,0.0008,28.0,88,11696,53,200,0.265,174942.29671137308
kRkX_n24,0.0008,28.0,89,11696,7,200,0.035,1511825.3552052265
kRkX_n24,0.0008,28.0,90,11696,13,200,0.065,801414.5589821318
kRkX_n24,0.0008,28.0,91,11696,27,200,0.135,371396.5437581064
kRkX_n24,0.0008,28.0,92,11696,27,200,0.135,371396.5437581064
kRkX_n24,0.0008,28.0,93,11696,12,200,0.06,870492.4292812598
kRkX_n24,0.0008,28.0,94,11696,24,200,0.12,421345.9275863013
kRkX_n24,0.0008,28.0,95,11696,9,200,0.045,1169797.2034618843
kRkX_n24,0.0008,28.0,96,11696,0,200,0.0,inf
kRkX_n24,0.0008,28.0,97,11696,22,200,0.11,462201.206703946
kRkX_n24,0.0008,28.0,98,11696,0,200,0.0,inf
kRkX_n24,0.0008,28.0,99,11696,0,200,0.0,inf
kRkX_n24,0.0008,28.0,100,11696,16,200,0.08,645970.6304622637
kRkX_n24,0.001,28.0,1,9318,0,200,0.0,inf
kRkX_n24,0.001,28.0,2,9318,26,200,0.13,308131.1129058062
kRkX_n24,0.001,28.0,3,9318,0,200,0.0,inf
kRkX_n24,0.001,28.0,4,9318,14,200,0.07,591298.9681757432
kRkX_n24,0.001,28.0,5,9318,14,200,0.07,591298.9681757432
kRkX_n24,0.001,28.0,6,9318,0,200,0.0,inf
kRkX_n24,0.001,28.0,7,9318,0,200,0.0,inf
kRkX_n24,0.001,28.0,8,9318,9,200,0.045,931957.1085719764
kRkX_n24,0.001,28.0,9,9318,8,200,0.04,1051172.9350153469
kRkX_n24,0.001,28.0,10,9318,0,200,0.0,inf
kRkX_n24,0.001,28.0,11,9318,26,200,0.13,308131.1129058062
kRkX_n24,0.001,28.0,12,9318,19,200,0.095,429882.10440006654
kRkX_n24,0.001,28.0,13,9318,0,200,0.0,inf
kRkX_n24,0.001,28.0,14,9318,0,200,0.0,inf
kRkX_n24,0.001,28.0,15,9318,12,200,0.06,693506.1949420981
kRkX_n24,0.001,28.0,16,9318,0,200,0.0,inf
kRkX_n24,0.001,28.0,17,9318,9,200,0.045,931957.1085719764
kRkX_n24,0.001,28.0,18,9318,0,200,0.0,inf
kRkX_n24,0.001,28.0,19,9318,9,200,0.045,931957.1085719764
kRkX_n24,0.001,28.0,20,9318,25,200,0.125,321354.9634257058
kRkX_n24,0.001,28.0,21,9318,0,200,0.0,inf
kRkX_n24,0.001,28.0,22,9318,6,200,0.03,1408801.454029282
kRkX_n24,0.001,28.0,23,9318,21,200,0.105,386823.8715785084
kRkX_n24,0.001,28.0,24,9318,33,200,0.165,237966.55960871527
kRkX_n24,0.001,28.0,25,9318,34,200,0.17,230296.10333221933
kRkX_n24,0.001,28.0,26,9318,10,200,0.05,836580.6155638929
kRkX_n24,0.001,28.0,27,9318,0,200,0.0,inf
kRkX_n24,0.001,28.0,28,9318,0,200,0.0,inf
kRkX_n24,0.001,28.0,29,9318,0,200,0.0,inf
kRkX_n24,0.001,28.0,30,9318,12,200,0.06,693506.1949420981
kRkX_n24,0.001,28.0,31,9318,25,200,0.125,321354.9634257058
kRkX_n24,0.001,28.0,32,9318,28,200,0.14,284512.3566359938
kRkX_n24,0.001,28.0,33,9318,26,200,0.13,308131.1129058062
kRkX_n24,0.001,28.0,34,9318,6,200,0.03,1408801.454029282
kRkX_n24,0.001,28.0,35,9318,22,200,0.11,368227.6713463893
kRkX_n24,0.001,28.0,36,9318,10,200,0.05,836580.6155638929
kRkX_n24,0.001,28.0,37,9318,9,200,0.045,931957.1085719764
kRkX_n24,0.001,28.0,38,9318,9,200,0.045,931957.1085719764
kRkX_n24,0.001,28.0,39,9318,10,200,0.05,836580.6155638929
kRkX_n24,0.001,28.0,40,9318,11,200,0.055,758541.7920169791
kRkX_n24,0.001,28.0,41,9318,10,200,0.05,836580.6155638929
kRkX_n24,0.001,28.0,42,9318,12,200,0.06,693506.1949420981
kRkX_n24,0.001,28.0,43,9318,0,200,0.0,inf
kRkX_n24,0.001,28.0,44,9318,0,200,0.0,inf
kRkX_n24,0.001,28.0,45,9318,0,200,0.0,inf
kRkX_n24,0.001,28.0,46,9318,28,200,0.14,284512.3566359938
kRkX_n24,0.001,28.0,47,9318,10,200,0.05,836580.6155638929
kRkX_n24,0.001,28.0,48,9318,16,200,0.08,514633.5785437221
kRkX_n24,0.001,28.0,49,9318,30,200,0.15,264036.7859032971
kRkX_n24,0.001,28.0,50,9318,0,200,0.0,inf
kRkX_n24,0.001,28.0,51,9318,12,200,0.06,693506.1949420981
kRkX_n24,0.001,28.0,52,9318,0,200,0.0,inf
kRkX_n24,0.001,28.0,53,9318,4,200,0.02,2124021.0590897053
kRkX_n24,0.001,28.0,54,9318,22,200,0.11,368227.6713463893
kRkX_n24,0.001,28.0,55,9318,0,200,0.0,inf
kRkX_n24,0.001,28.0,56,9318,0,200,0.0,inf
kRkX_n24,0.001,28.0,57,9318,0,200,0.0,inf
kRkX_n24,0.001,28.0,58,9318,22,200,0.11,368227.6713463893
kRkX_n24,0.001,28.0,59,9318,0,200,0.0,inf
kRkX_n24,0.001,28.0,60,9318,10,200,0.05,836580.6155638929
kRkX_n24,0.001,28.0,61,9318,7,200,0.035,1204444.994853138
kRkX_n24,0.001,28.0,62,9318,0,200,0.0,inf
kRkX_n24,0.001,28.0,63,9318,0,200,0.0,inf
kRkX_n24,0.001,28.0,64,9318,20,200,0.1,407277.5795099249
kRkX_n24,0.001,28.0,65,9318,0,200,0.0,inf
kRkX_n24,0.001,28.0,66,9318,0,200,0.0,inf
kRkX_n24,0.001,28.0,67,9318,0,200,0.0,inf
kRkX_n24,0.001,28.0,68,9318,0,200,0.0,inf
kRkX_n24,0.001,28.0,69,9318,24,200,0.12,335678.98027096066
kRkX_n24,0.001,28.0,70,9318,21,200,0.105,386823.8715785084
kRkX_n24,0.001,28.0,71,9318,18,200,0.09,454995.9350692848
kRkX_n24,0.001,28.0,72,9318,8,200,0.04,1051172.9350153469
kRkX_n24,0.001,28.0,73,9318,0,200,0.0,inf
kRkX_n24,0.001,28.0,74,9318,0,200,0.0,inf
kRkX_n24,0.001,28.0,75,9318,25,200,0.125,321354.9634257058
kRkX_n24,0.001,28.0,76,9318,0,200,0.0,inf
kRkX_n24,0.001,28.0,77,9318,22,200,0.11,368227.6713463893
kRkX_n24,0.001,28.0,78,9318,0,200,0.0,inf
kRkX_n24,0.001,28.0,79,9318,0,200,0.0,inf
kRkX_n24,0.001,28.0,80,9318,0,200,0.0,inf
kRkX_n24,0.001,28.0,81,9318,0,199,0.0,inf
kRkX_n24,0.001,28.0,82,9318,10,200,0.05,836580.6155638929
kRkX_n24,0.001,28.0,83,9318,0,200,0.0,inf
kRkX_n24,0.001,28.0,84,9318,20,200,0.1,407277.5795099249
kRkX_n24,0.001,28.0,85,9318,0,200,0.0,inf
kRkX_n24,0.001,28.0,86,9318,0,200,0.0,inf
kRkX_n24,0.001,28.0,87,9318,16,200,0.08,514633.5785437221
kRkX_n24,0.001,28.0,88,9318,47,200,0.235,160187.63876456307
kRkX_n24,0.001,28.0,89,9318,9,200,0.045,931957.1085719764
kRkX_n24,0.001,28.0,90,9318,6,200,0.03,1408801.454029282
kRkX_n24,0.001,28.0,91,9318,21,200,0.105,386823.8715785084
kRkX_n24,0.001,28.0,92,9318,17,200,0.085,483061.910363623
kRkX_n24,0.001,28.0,93,9318,9,200,0.045,931957.1085719764
kRkX_n24,0.001,28.0,94,9318,23,200,0.115,351246.6796409968
kRkX_n24,0.001,28.0,95,9318,6,200,0.03,1408801.454029282
kRkX_n24,0.001,28.0,96,9318,0,200,0.0,inf
kRkX_n24,0.001,28.0,97,9318,23,200,0.115,351246.6796409968
kRkX_n24,0.001,28.0,98,9318,0,200,0.0,inf
kRkX_n24,0.001,28.0,99,9318,0,200,0.0,inf
kRkX_n24,0.001,28.0,100,9318,9,200,0.045,931957.1085719764
kRkX_n24,0.003,28.0,1,2408,0,200,0.0,inf
kRkX_n24,0.003,28.0,2,2408,1,200,0.005,2212300.7045591683
kRkX_n24,0.003,28.0,3,2408,0,200,0.0,inf
kRkX_n24,0.003,28.0,4,2408,2,200,0.01,1103371.0683405595
kRkX_n24,0.003,28.0,5,2408,8,200,0.04,271648.89756567456
kRkX_n24,0.003,28.0,6,2408,0,200,0.0,inf
kRkX_n24,0.003,28.0,7,2408,0,200,0.0,inf
kRkX_n24,0.003,28.0,8,2408,4,200,0.02,548899.1962103467
kRkX_n24,0.003,28.0,9,2408,3,200,0.015,733724.7290977638
kRkX_n24,0.003,28.0,10,2408,0,200,0.0,inf
kRkX_n24,0.003,28.0,11,2408,5,200,0.025,438001.9713689424
kRkX_n24,0.003,28.0,12,2408,6,200,0.03,364068.8883132122
kRkX_n24,0.003,28.0,13,2408,0,200,0.0,inf
kRkX_n24,0.003,28.0,14,2408,0,200,0.0,inf
kRkX_n24,0.003,28.0,15,2408,4,200,0.02,548899.1962103467
kRkX_n24,0.003,28.0,16,2408,0,200,0.0,inf
kRkX_n24,0.003,28.0,17,2408,4,200,0.02,548899.1962103467
kRkX_n24,0.003,28.0,18,2408,0,200,0.0,inf
kRkX_n24,0.003,28.0,19,2408,6,200,0.03,364068.8883132122
kRkX_n24,0.003,28.0,20,2408,5,200,0.025,438001.9713689424
kRkX_n24,0.003,28.0,21,2408,0,200,0.0,inf
kRkX_n24,0.003,28.0,22,2408,2,200,0.01,1103371.0683405595
kRkX_n24,0.003,28.0,23,2408,5,200,0.025,438001.9713689424
kRkX_n24,0.003,28.0,24,2408,10,200,0.05,216192.9729853889
kRkX_n24,0.003,28.0,25,2408,8,200,0.04,271648.89756567456
kRkX_n24,0.003,28.0,26,2408,3,200,0.015,733724.7290977638
kRkX_n24,0.003,28.0,27,2408,0,200,0.0,inf
kRkX_n24,0.003,28.0,28,2408,0,200,0.0,inf
kRkX_n24,0.003,28.0,29,2408,0,200,0.0,inf
kRkX_n24,0.003,28.0,30,2408,4,200,0.02,548899.1962103467
kRkX_n24,0.003,28.0,31,2408,4,200,0.02,548899.1962103467
kRkX_n24,0.003,28.0,32,2408,8,200,0.04,271648.89756567456
kRkX_n24,0.003,28.0,33,2408,4,200,0.02,548899.1962103467
kRkX_n24,0.003,28.0,34,2408,5,200,0.025,438001.9713689424
kRkX_n24,0.003,28.0,35,2408,5,200,0.025,438001.9713689424
kRkX_n24,0.003,28.0,36,2408,6,200,0.03,364068.8883132122
kRkX_n24,0.003,28.0,37,2408,3,200,0.015,733724.7290977638
kRkX_n24,0.003,28.0,38,2408,2,200,0.01,1103371.0683405595
kRkX_n24,0.003,28.0,39,2408,4,200,0.02,548899.1962103467
kRkX_n24,0.003,28.0,40,2408,2,200,0.01,1103371.0683405595
kRkX_n24,0.003,28.0,41,2408,3,200,0.015,733724.7290977638
kRkX_n24,0.003,28.0,42,2408,5,200,0.025,438001.9713689424
kRkX_n24,0.003,28.0,43,2408,0,200,0.0,inf
kRkX_n24,0.003,28.0,44,2408,0,200,0.0,inf
kRkX_n24,0.003,28.0,45,2408,0,200,0.0,inf
kRkX_n24,0.003,28.0,46,2408,8,200,0.04,271648.89756567456
kRkX_n24,0.003,28.0,47,2408,1,200,0.005,2212300.7045591683
kRkX_n24,0.003,28.0,48,2408,9,200,0.045,240840.60071274088
kRkX_n24,0.003,28.0,49,2408,5,200,0.025,438001.9713689424
kRkX_n24,0.003,28.0,50,2408,0,200,0.0,inf
kRkX_n24,0.003,28.0,51,2408,5,200,0.025,438001.9713689424
kRkX_n24,0.003,28.0,52,2408,0,200,0.0,inf
kRkX_n24,0.003,28.0,53,2408,4,200,0.02,548899.1962103467
kRkX_n24,0.003,28.0,54,2408,5,200,0.025,438001.9713689424
kRkX_n24,0.003,28.0,55,2408,0,200,0.0,inf
kRkX_n24,0.003,28.0,56,2408,0,200,0.0,inf
kRkX_n24,0.003,28.0,57,2408,0,200,0.0,inf
kRkX_n24,0.003,28.0,58,2408,4,200,0.02,548899.1962103467
kRkX_n24,0.003,28.0,59,2408,0,200,0.0,inf
kRkX_n24,0.003,28.0,60,2408,4,200,0.02,548899.1962103467
kRkX_n24,0.003,28.0,61,2408,1,200,0.005,2212300.7045591683
kRkX_n24,0.003,28.0,62,2408,0,199,0.0,inf
kRkX_n24,0.003,28.0,63,2408,0,200,0.0,inf
kRkX_n24,0.003,28.0,64,2408,4,200,0.02,548899.1962103467
kRkX_n24,0.003,28.0,65,2408,0,200,0.0,inf
kRkX_n24,0.003,28.0,66,2408,0,200,0.0,inf
kRkX_n24,0.003,28.0,67,2408,0,200,0.0,inf
kRkX_n24,0.003,28.0,68,2408,0,200,0.0,inf
kRkX_n24,0.003,28.0,69,2408,3,200,0.015,733724.7290977638
kRkX_n24,0.003,28.0,70,2408,4,200,0.02,548899.1962103467
kRkX_n24,0.003,28.0,71,2408,6,200,0.03,364068.8883132122
kRkX_n24,0.003,28.0,72,2408,3,200,0.015,733724.7290977638
kRkX_n24,0.003,28.0,73,2408,0,200,0.0,inf
kRkX_n24,0.003,28.0,74,2408,0,200,0.0,inf
kRkX_n24,0.003,28.0,75,2408,5,200,0.025,438001.9713689424
kRkX_n24,0.003,28.0,76,2408,0,200,0.0,inf
kRkX_n24,0.003,28.0,77,2408,6,200,0.03,364068.8883132122
kRkX_n24,0.003,28.0,78,2408,0,200,0.0,inf
kRkX_n24,0.003,28.0,79,2408,0,200,0.0,inf
kRkX_n24,0.003,28.0,80,2408,0,200,0.0,inf
kRkX_n24,0.003,28.0,81,2408,0,200,0.0,inf
kRkX_n24,0.003,28.0,82,2408,6,200,0.03,364068.8883132122
kRkX_n24,0.003,28.0,83,2408,0,200,0.0,inf
kRkX_n24,0.003,28.0,84,2408,8,200,0.04,271648.89756567456
kRkX_n24,0.003,28.0,85,2408,0,200,0.0,inf
kRkX_n24,0.003,28.0,86,2408,0,200,0.0,inf
kRkX_n24,0.003,28.0,87,2408,3,200,0.015,733724.7290977638
kRkX_n24,0.003,28.0,88,2408,11,200,0.055,196025.8247667832
kRkX_n24,0.003,28.0,89,2408,5,200,0.025,438001.9713689424
kRkX_n24,0.003,28.0,90,2408,5,200,0.025,438001.9713689424
kRkX_n24,0.003,28.0,91,2408,4,200,0.02,548899.1962103467
kRkX_n24,0.003,28.0,92,2408,4,200,0.02,548899.1962103467
kRkX_n24,0.003,28.0,93,2408,4,200,0.02,548899.1962103467
kRkX_n24,0.003,28.0,94,2408,4,200,0.02,548899.1962103467
kRkX_n24,0.003,28.0,95,2408,0,200,0.0,inf
kRkX_n24,0.003,28.0,96,2408,0,200,0.0,inf
kRkX_n24,0.003,28.0,97,2408,5,200,0.025,438001.9713689424
kRkX_n24,0.003,28.0,98,2408,0,200,0.0,inf
kRkX_n24,0.003,28.0,99,2408,0,200,0.0,inf
kRkX_n24,0.003,28.0,100,2408,4,200,0.02,548899.1962103467
kRkX_n24,0.005,28.0,1,1411,0,200,0.0,inf
kRkX_n24,0.005,28.0,2,1411,2,200,0.01,646535.1235168311
kRkX_n24,0.005,28.0,3,1411,0,200,0.0,inf
kRkX_n24,0.005,28.0,4,1411,2,200,0.01,646535.1235168311
kRkX_n24,0.005,28.0,5,1411,2,200,0.01,646535.1235168311
kRkX_n24,0.005,28.0,6,1411,0,200,0.0,inf
kRkX_n24,0.005,28.0,7,1411,0,200,0.0,inf
kRkX_n24,0.005,28.0,8,1411,0,200,0.0,inf
kRkX_n24,0.005,28.0,9,1411,2,200,0.01,646535.1235168311
kRkX_n24,0.005,28.0,10,1411,0,200,0.0,inf
kRkX_n24,0.005,28.0,11,1411,2,200,0.01,646535.1235168311
kRkX_n24,0.005,28.0,12,1411,4,200,0.02,321634.869540199
kRkX_n24,0.005,28.0,13,1411,0,200,0.0,inf
kRkX_n24,0.005,28.0,14,1411,0,200,0.0,inf
kRkX_n24,0.005,28.0,15,1411,0,200,0.0,inf
kRkX_n24,0.005,28.0,16,1411,0,200,0.0,inf
kRkX_n24,0.005,28.0,17,1411,0,200,0.0,inf
kRkX_n24,0.005,28.0,18,1411,0,200,0.0,inf
kRkX_n24,0.005,28.0,19,1411,0,200,0.0,inf
kRkX_n24,0.005,28.0,20,1411,3,200,0.015,429935.8773907577
kRkX_n24,0.005,28.0,21,1411,0,200,0.0,inf
kRkX_n24,0.005,28.0,22,1411,3,200,0.015,429935.8773907577
kRkX_n24,0.005,28.0,23,1411,1,200,0.005,1296327.3646731672
kRkX_n24,0.005,28.0,24,1411,1,200,0.005,1296327.3646731672
kRkX_n24,0.005,28.0,25,1411,4,200,0.02,321634.869540199
kRkX_n24,0.005,28.0,26,1411,1,200,0.005,1296327.3646731672
kRkX_n24,0.005,28.0,27,1411,0,200,0.0,inf
kRkX_n24,0.005,28.0,28,1411,0,200,0.0,inf
kRkX_n24,0.005,28.0,29,1411,0,200,0.0,inf
kRkX_n24,0.005,28.0,30,1411,0,200,0.0,inf
kRkX_n24,0.005,28.0,31,1411,4,200,0.02,321634.869540199
kRkX_n24,0.005,28.0,32,1411,3,200,0.015,429935.8773907577
kRkX_n24,0.005,28.0,33,1411,5,200,0.025,256653.14850563856
kRkX_n24,0.005,28.0,34,1411,2,200,0.01,646535.1235168311
kRkX_n24,0.005,28.0,35,1411,1,200,0.005,1296327.3646731672
kRkX_n24,0.005,28.0,36,1411,1,200,0.005,1296327.3646731672
kRkX_n24,0.005,28.0,37,1411,2,200,0.01,646535.1235168311
kRkX_n24,0.005,28.0,38,1411,1,200,0.005,1296327.3646731672
kRkX_n24,0.005,28.0,39,1411,2,200,0.01,646535.1235168311
kRkX_n24,0.005,28.0,40,1411,1,200,0.005,1296327.3646731672
kRkX_n24,0.005,28.0,41,1411,2,200,0.01,646535.1235168311
kRkX_n24,0.005,28.0,42,1411,0,200,0.0,inf
kRkX_n24,0.005,28.0,43,1411,0,200,0.0,inf
kRkX_n24,0.005,28.0,44,1411,0,200,0.0,inf
kRkX_n24,0.005,28.0,45,1411,0,200,0.0,inf
kRkX_n24,0.005,28.0,46,1411,6,200,0.03,213331.06370844785
kRkX_n24,0.005,28.0,47,1411,0,200,0.0,inf
kRkX_n24,0.005,28.0,48,1411,2,200,0.01,646535.1235168311
kRkX_n24,0.005,28.0,49,1411,4,200,0.02,321634.869540199
kRkX_n24,0.005,28.0,50,1411,0,200,0.0,inf
kRkX_n24,0.005,28.0,51,1411,4,200,0.02,321634.869540199
kRkX_n24,0.005,28.0,52,1411,0,200,0.0,inf
kRkX_n24,0.005,28.0,53,1411,1,200,0.005,1296327.3646731672
kRkX_n24,0.005,28.0,54,1411,3,200,0.015,429935.8773907577
kRkX_n24,0.005,28.0,55,1411,0,200,0.0,inf
kRkX_n24,0.005,28.0,56,1411,0,200,0.0,inf
kRkX_n24,0.005,28.0,57,1411,0,200,0.0,inf
kRkX_n24,0.005,28.0,58,1411,6,200,0.03,213331.06370844785
kRkX_n24,0.005,28.0,59,1411,0,200,0.0,inf
kRkX_n24,0.005,28.0,60,1411,2,200,0.01,646535.1235168311
kRkX_n24,0.005,28.0,61,1411,3,200,0.015,429935.8773907577
kRkX_n24,0.005,28.0,62,1411,0,200,0.0,inf
kRkX_n24,0.005,28.0,63,1411,0,200,0.0,inf
kRkX_n24,0.005,28.0,64,1411,5,200,0.025,256653.14850563856
kRkX_n24,0.005,28.0,65,1411,0,200,0.0,inf
kRkX_n24,0.005,28.0,66,1411,0,200,0.0,inf
kRkX_n24,0.005,28.0,67,1411,0,200,0.0,inf
kRkX_n24,0.005,28.0,68,1411,0,200,0.0,inf
kRkX_n24,0.005,28.0,69,1411,4,200,0.02,321634.869540199
kRkX_n24,0.005,28.0,70,1411,3,200,0.015,429935.8773907577
kRkX_n24,0.005,28.0,71,1411,6,200,0.03,213331.06370844785
kRkX_n24,0.005,28.0,72,1411,2,200,0.01,646535.1235168311
kRkX_n24,0.005,28.0,73,1411,0,200,0.0,inf
kRkX_n24,0.005,28.0,74,1411,0,200,0.0,inf
kRkX_n24,0.005,28.0,75,1411,4,200,0.02,321634.869540199
kRkX_n24,0.005,28.0,76,1411,0,200,0.0,inf
kRkX_n24,0.005,28.0,77,1411,1,200,0.005,1296327.3646731672
kRkX_n24,0.005,28.0,78,1411,0,200,0.0,inf
kRkX_n24,0.005,28.0,79,1411,0,200,0.0,inf
kRkX_n24,0.005,28.0,80,1411,0,200,0.0,inf
kRkX_n24,0.005,28.0,81,1411,0,200,0.0,inf
kRkX_n24,0.005,28.0,82,1411,1,200,0.005,1296327.3646731672
kRkX_n24,0.005,28.0,83,1411,0,200,0.0,inf
kRkX_n24,0.005,28.0,84,1411,1,200,0.005,1296327.3646731672
kRkX_n24,0.005,28.0,85,1411,0,200,0.0,inf
kRkX_n24,0.005,28.0,86,1411,0,200,0.0,inf
kRkX_n24,0.005,28.0,87,1411,2,200,0.01,646535.1235168311
kRkX_n24,0.005,28.0,88,1411,9,200,0.045,141123.79053391918
kRkX_n24,0.005,28.0,89,1411,2,200,0.01,646535.1235168311
kRkX_n24,0.005,28.0,90,1411,2,200,0.01,646535.1235168311
kRkX_n24,0.005,28.0,91,1411,3,200,0.015,429935.8773907577
kRkX_n24,0.005,28.0,92,1411,3,200,0.015,429935.8773907577
kRkX_n24,0.005,28.0,93,1411,3,200,0.015,429935.8773907577
kRkX_n24,0.005,28.0,94,1411,6,200,0.03,213331.06370844785
kRkX_n24,0.005,28.0,95,1411,0,200,0.0,inf
kRkX_n24,0.005,28.0,96,1411,0,200,0.0,inf
kRkX_n24,0.005,28.0,97,1411,4,200,0.02,321634.869540199
kRkX_n24,0.005,28.0,98,1411,0,200,0.0,inf
kRkX_n24,0.005,28.0,99,1411,0,200,0.0,inf
kRkX_n24,0.005,28.0,100,1411,1,200,0.005,1296327.3646731672
kRkX_n24,0.007,28.0,1,1334,0,200,0.0,inf
kRkX_n24,0.007,28.0,2,1334,7,200,0.035,172432.88507556194
kRkX_n24,0.007,28.0,3,1334,0,200,0.0,inf
kRkX_n24,0.007,28.0,4,1334,2,200,0.01,611252.9091222202
kRkX_n24,0.007,28.0,5,1334,5,200,0.025,242647.2715141898
kRkX_n24,0.007,28.0,6,1334,0,200,0.0,inf
kRkX_n24,0.007,28.0,7,1334,0,200,0.0,inf
kRkX_n24,0.007,28.0,8,1334,2,200,0.01,611252.9091222202
kRkX_n24,0.007,28.0,9,1334,4,200,0.02,304082.8603590542
kRkX_n24,0.007,28.0,10,1334,0,200,0.0,inf
kRkX_n24,0.007,28.0,11,1334,3,200,0.015,406473.7494254223
kRkX_n24,0.007,28.0,12,1334,5,200,0.025,242647.2715141898
kRkX_n24,0.007,28.0,13,1334,0,200,0.0,inf
kRkX_n24,0.007,28.0,14,1334,0,200,0.0,inf
kRkX_n24,0.007,28.0,15,1334,3,200,0.015,406473.7494254223
kRkX_n24,0.007,28.0,16,1334,0,200,0.0,inf
kRkX_n24,0.007,28.0,17,1334,4,200,0.02,304082.8603590542
kRkX_n24,0.007,28.0,18,1334,0,200,0.0,inf
kRkX_n24,0.007,28.0,19,1334,2,200,0.01,611252.9091222202
kRkX_n24,0.007,28.0,20,1334,3,200,0.015,406473.7494254223
kRkX_n24,0.007,28.0,21,1334,0,200,0.0,inf
kRkX_n24,0.007,28.0,22,1334,0,200,0.0,inf
kRkX_n24,0.007,28.0,23,1334,3,200,0.015,406473.7494254223
kRkX_n24,0.007,28.0,24,1334,2,200,0.01,611252.9091222202
kRkX_n24,0.007,28.0,25,1334,5,200,0.025,242647.2715141898
kRkX_n24,0.007,28.0,26,1334,2,200,0.01,611252.9091222202
kRkX_n24,0.007,28.0,27,1334,0,200,0.0,inf
kRkX_n24,0.007,28.0,28,1334,0,200,0.0,inf
kRkX_n24,0.007,28.0,29,1334,0,200,0.0,inf
kRkX_n24,0.007,28.0,30,1334,1,200,0.005,1225585.1909808682
kRkX_n24,0.007,28.0,31,1334,5,200,0.025,242647.2715141898
kRkX_n24,0.007,28.0,32,1334,5,200,0.025,242647.2715141898
kRkX_n24,0.007,28.0,33,1334,3,200,0.015,406473.7494254223
kRkX_n24,0.007,28.0,34,1334,2,200,0.01,611252.9091222202
kRkX_n24,0.007,28.0,35,1334,3,200,0.015,406473.7494254223
kRkX_n24,0.007,28.0,36,1334,0,200,0.0,inf
kRkX_n24,0.007,28.0,37,1334,0,200,0.0,inf
kRkX_n24,0.007,28.0,38,1334,0,200,0.0,inf
kRkX_n24,0.007,28.0,39,1334,3,199,0.0150753768844221,404425.94457214646
kRkX_n24,0.007,28.0,40,1334,1,200,0.005,1225585.1909808682
kRkX_n24,0.007,28.0,41,1334,2,200,0.01,611252.9091222202
kRkX_n24,0.007,28.0,42,1334,0,200,0.0,inf
kRkX_n24,0.007,28.0,43,1334,0,200,0.0,inf
kRkX_n24,0.007,28.0,44,1334,0,200,0.0,inf
kRkX_n24,0.007,28.0,45,1334,0,200,0.0,inf
kRkX_n24,0.007,28.0,46,1334,5,200,0.025,242647.2715141898
kRkX_n24,0.007,28.0,47,1334,0,200,0.0,inf
kRkX_n24,0.007,28.0,48,1334,4,200,0.02,304082.8603590542
kRkX_n24,0.007,28.0,49,1334,2,200,0.01,611252.9091222202
kRkX_n24,0.007,28.0,50,1334,0,200,0.0,inf
kRkX_n24,0.007,28.0,51,1334,0,200,0.0,inf
kRkX_n24,0.007,28.0,52,1334,0,200,0.0,inf
kRkX_n24,0.007,28.0,53,1334,1,200,0.005,1225585.1909808682
kRkX_n24,0.007,28.0,54,1334,4,200,0.02,304082.8603590542
kRkX_n24,0.007,28.0,55,1334,0,200,0.0,inf
kRkX_n24,0.007,28.0,56,1334,0,200,0.0,inf
kRkX_n24,0.007,28.0,57,1334,0,200,0.0,inf
kRkX_n24,0.007,28.0,58,1334,10,200,0.05,119768.03403758672
kRkX_n24,0.007,28.0,59,1334,0,200,0.0,inf
kRkX_n24,0.007,28.0,60,1334,0,200,0.0,inf
kRkX_n24,0.007,28.0,61,1334,1,200,0.005,1225585.1909808682
kRkX_n24,0.007,28.0,62,1334,0,200,0.0,inf
kRkX_n24,0.007,28.0,63,1334,0,200,0.0,inf
kRkX_n24,0.007,28.0,64,1334,3,200,0.015,406473.7494254223
kRkX_n24,0.007,28.0,65,1334,0,200,0.0,inf
kRkX_n24,0.007,28.0,66,1334,0,200,0.0,inf
kRkX_n24,0.007,28.0,67,1334,0,200,0.0,inf
kRkX_n24,0.007,28.0,68,1334,0,200,0.0,inf
kRkX_n24,0.007,28.0,69,1334,6,200,0.03,201689.32600075792
kRkX_n24,0.007,28.0,70,1334,3,200,0.015,406473.7494254223
kRkX_n24,0.007,28.0,71,1334,7,200,0.035,172432.88507556194
kRkX_n24,0.007,28.0,72,1334,3,200,0.015,406473.7494254223
kRkX_n24,0.007,28.0,73,1334,0,200,0.0,inf
kRkX_n24,0.007,28.0,74,1334,0,200,0.0,inf
kRkX_n24,0.007,28.0,75,1334,2,200,0.01,611252.9091222202
kRkX_n24,0.007,28.0,76,1334,0,200,0.0,inf
kRkX_n24,0.007,28.0,77,1334,6,200,0.03,201689.32600075792
kRkX_n24,0.007,28.0,78,1334,0,200,0.0,inf
kRkX_n24,0.007,28.0,79,1334,0,199,0.0,inf
kRkX_n24,0.007,28.0,80,1334,0,200,0.0,inf
kRkX_n24,0.007,28.0,81,1334,0,200,0.0,inf
kRkX_n24,0.007,28.0,82,1334,2,200,0.01,611252.9091222202
kRkX_n24,0.007,28.0,83,1334,0,200,0.0,inf
kRkX_n24,0.007,28.0,84,1334,3,200,0.015,406473.7494254223
kRkX_n24,0.007,28.0,85,1334,0,200,0.0,inf
kRkX_n24,0.007,28.0,86,1334,0,200,0.0,inf
kRkX_n24,0.007,28.0,87,1334,2,200,0.01,611252.9091222202
kRkX_n24,0.007,28.0,88,1334,6,200,0.03,201689.32600075792
kRkX_n24,0.007,28.0,89,1334,2,200,0.01,611252.9091222202
kRkX_n24,0.007,28.0,90,1334,1,200,0.005,1225585.1909808682
kRkX_n24,0.007,28.0,91,1334,4,200,0.02,304082.8603590542
kRkX_n24,0.007,28.0,92,1334,1,200,0.005,1225585.1909808682
kRkX_n24,0.007,28.0,93,1334,3,200,0.015,406473.7494254223
kRkX_n24,0.007,28.0,94,1334,4,200,0.02,304082.8603590542
kRkX_n24,0.007,28.0,95,1334,1,200,0.005,1225585.1909808682
kRkX_n24,0.007,28.0,96,1334,0,200,0.0,inf
kRkX_n24,0.007,28.0,97,1334,5,200,0.025,242647.2715141898
kRkX_n24,0.007,28.0,98,1334,0,200,0.0,inf
kRkX_n24,0.007,28.0,99,1334,0,200,0.0,inf
kRkX_n24,0.007,28.0,100,1334,3,200,0.015,406473.7494254223
kRkX_n24,0.009,28.0,1,895,0,200,0.0,inf
kRkX_n24,0.009,28.0,2,895,3,200,0.015,272709.1497269512
kRkX_n24,0.009,28.0,3,895,0,200,0.0,inf
kRkX_n24,0.009,28.0,4,895,1,200,0.005,822262.9279819168
kRkX_n24,0.009,28.0,5,895,0,200,0.0,inf
kRkX_n24,0.009,28.0,6,895,0,200,0.0,inf
kRkX_n24,0.009,28.0,7,895,0,200,0.0,inf
kRkX_n24,0.009,28.0,8,895,1,200,0.005,822262.9279819168
kRkX_n24,0.009,28.0,9,895,1,200,0.005,822262.9279819168
kRkX_n24,0.009,28.0,10,895,0,200,0.0,inf
kRkX_n24,0.009,28.0,11,895,1,200,0.005,822262.9279819168
kRkX_n24,0.009,28.0,12,895,0,200,0.0,inf
kRkX_n24,0.009,28.0,13,895,0,200,0.0,inf
kRkX_n24,0.009,28.0,14,895,0,200,0.0,inf
kRkX_n24,0.009,28.0,15,895,1,200,0.005,822262.9279819168
kRkX_n24,0.009,28.0,16,895,0,200,0.0,inf
kRkX_n24,0.009,28.0,17,895,1,200,0.005,822262.9279819168
kRkX_n24,0.009,28.0,18,895,0,200,0.0,inf
kRkX_n24,0.009,28.0,19,895,2,200,0.01,410098.4660152826
kRkX_n24,0.009,28.0,20,895,2,200,0.01,410098.4660152826
kRkX_n24,0.009,28.0,21,895,0,198,0.0,inf
kRkX_n24,0.009,28.0,22,895,0,200,0.0,inf
kRkX_n24,0.009,28.0,23,895,1,200,0.005,822262.9279819168
kRkX_n24,0.009,28.0,24,895,1,200,0.005,822262.9279819168
kRkX_n24,0.009,28.0,25,895,5,200,0.025,162795.58321229377
kRkX_n24,0.009,28.0,26,895,1,200,0.005,822262.9279819168
kRkX_n24,0.009,28.0,27,895,0,200,0.0,inf
kRkX_n24,0.009,28.0,28,895,0,200,0.0,inf
kRkX_n24,0.009,28.0,29,895,0,200,0.0,inf
kRkX_n24,0.009,28.0,30,895,2,200,0.01,410098.4660152826
kRkX_n24,0.009,28.0,31,895,1,200,0.005,822262.9279819168
kRkX_n24,0.009,28.0,32,895,2,200,0.01,410098.4660152826
kRkX_n24,0.009,28.0,33,895,1,200,0.005,822262.9279819168
kRkX_n24,0.009,28.0,34,895,0,200,0.0,inf
kRkX_n24,0.009,28.0,35,895,4,200,0.02,204013.6132094104
kRkX_n24,0.009,28.0,36,895,3,200,0.015,272709.1497269512
kRkX_n24,0.009,28.0,37,895,1,200,0.005,822262.9279819168
kRkX_n24,0.009,28.0,38,895,1,200,0.005,822262.9279819168
kRkX_n24,0.009,28.0,39,895,1,200,0.005,822262.9279819168
kRkX_n24,0.009,28.0,40,895,0,200,0.0,inf
kRkX_n24,0.009,28.0,41,895,4,200,0.02,204013.6132094104
kRkX_n24,0.009,28.0,42,895,1,200,0.005,822262.9279819168
kRkX_n24,0.009,28.0,43,895,0,200,0.0,inf
kRkX_n24,0.009,28.0,44,895,0,200,0.0,inf
kRkX_n24,0.009,28.0,45,895,0,200,0.0,inf
kRkX_n24,0.009,28.0,46,895,2,200,0.01,410098.4660152826
kRkX_n24,0.009,28.0,47,895,0,200,0.0,inf
kRkX_n24,0.009,28.0,48,895,2,200,0.01,410098.4660152826
kRkX_n24,0.009,28.0,49,895,1,200,0.005,822262.9279819168
kRkX_n24,0.009,28.0,50,895,0,200,0.0,inf
kRkX_n24,0.009,28.0,51,895,2,200,0.01,410098.4660152826
kRkX_n24,0.009,28.0,52,895,0,200,0.0,inf
kRkX_n24,0.009,28.0,53,895,1,200,0.005,822262.9279819168
kRkX_n24,0.009,28.0,54,895,2,200,0.01,410098.4660152826
kRkX_n24,0.009,28.0,55,895,0,200,0.0,inf
kRkX_n24,0.009,28.0,56,895,0,200,0.0,inf
kRkX_n24,0.009,28.0,57,895,0,200,0.0,inf
kRkX_n24,0.009,28.0,58,895,1,200,0.005,822262.9279819168
kRkX_n24,0.009,28.0,59,895,0,200,0.0,inf
kRkX_n24,0.009,28.0,60,895,2,200,0.01,410098.4660152826
kRkX_n24,0.009,28.0,61,895,1,200,0.005,822262.9279819168
kRkX_n24,0.009,28.0,62,895,0,200,0.0,inf
kRkX_n24,0.009,28.0,63,895,0,200,0.0,inf
kRkX_n24,0.009,28.0,64,895,0,200,0.0,inf
kRkX_n24,0.009,28.0,65,895,0,200,0.0,inf
kRkX_n24,0.009,28.0,66,895,0,200,0.0,inf
kRkX_n24,0.009,28.0,67,895,0,200,0.0,inf
kRkX_n24,0.009,28.0,68,895,0,200,0.0,inf
kRkX_n24,0.009,28.0,69,895,4,200,0.02,204013.6132094104
kRkX_n24,0.009,28.0,70,895,1,200,0.005,822262.9279819168
kRkX_n24,0.009,28.0,71,895,1,200,0.005,822262.9279819168
kRkX_n24,0.009,28.0,72,895,1,200,0.005,822262.9279819168
kRkX_n24,0.009,28.0,73,895,0,200,0.0,inf
kRkX_n24,0.009,28.0,74,895,0,200,0.0,inf
kRkX_n24,0.009,28.0,75,895,3,200,0.015,272709.1497269512
kRkX_n24,0.009,28.0,76,895,0,200,0.0,inf
kRkX_n24,0.009,28.0,77,895,3,200,0.015,272709.1497269512
kRkX_n24,0.009,28.0,78,895,0,200,0.0,inf
kRkX_n24,0.009,28.0,79,895,0,200,0.0,inf
kRkX_n24,0.009,28.0,80,895,0,200,0.0,inf
kRkX_n24,0.009,28.0,81,895,0,200,0.0,inf
kRkX_n24,0.009,28.0,82,895,2,200,0.01,410098.4660152826
kRkX_n24,0.009,28.0,83,895,0,200,0.0,inf
kRkX_n24,0.009,28.0,84,895,2,200,0.01,410098.4660152826
kRkX_n24,0.009,28.0,85,895,0,200,0.0,inf
kRkX_n24,0.009,28.0,86,895,0,200,0.0,inf
kRkX_n24,0.009,28.0,87,895,2,200,0.01,410098.4660152826
kRkX_n24,0.009,28.0,88,895,5,200,0.025,162795.58321229377
kRkX_n24,0.009,28.0,89,895,1,200,0.005,822262.9279819168
kRkX_n24,0.009,28.0,90,895,3,200,0.015,272709.1497269512
kRkX_n24,0.009,28.0,91,895,4,200,0.02,204013.6132094104
kRkX_n24,0.009,28.0,92,895,5,200,0.025,162795.58321229377
kRkX_n24,0.009,28.0,93,895,2,200,0.01,410098.4660152826
kRkX_n24,0.009,28.0,94,895,0,200,0.0,inf
kRkX_n24,0.009,28.0,95,895,1,200,0.005,822262.9279819168
kRkX_n24,0.009,28.0,96,895,0,200,0.0,inf
kRkX_n24,0.009,28.0,97,895,4,200,0.02,204013.6132094104
kRkX_n24,0.009,28.0,98,895,0,200,0.0,inf
kRkX_n24,0.009,28.0,99,895,0,200,0.0,inf
kRkX_n24,0.009,28.0,100,895,1,200,0.005,822262.9279819168
